"Date","Open","High","Low","Close","Volume"
"05/01/2000","97.79","97.59","97.59","97.59","11384.12"
"06/01/2000","97.59","97.59","97.59","97.59","20493.47"
"07/01/2000","97.59","97.59","97.59","97.59","6414.46"
"12/01/2000","97.4","97.4","97.4","97.4","28014.57"
"13/01/2000","97.4","97.4","97.4","97.4","22542.82"
"14/01/2000","97.4","98.08","98.08","98.08","2233.79"
"17/01/2000","97.4","97.4","97.4","97.4","307.4"
"20/01/2000","97.4","97.4","97.4","97.4","3278.96"
"24/01/2000","97.59","98.08","98.08","98.08","21518.14"
"26/01/2000","97.59","97.59","97.59","97.59","2766.62"
"27/01/2000","97.59","97.59","97.59","97.59","40986.94"
"28/01/2000","97.4","97.4","97.4","97.4","204.93"
"31/01/2000","97.49","97.49","97.49","97.49","1024.67"
"02/02/2000","96.62","96.62","96.62","96.62","5738.17"
"04/02/2000","96.62","97.01","97.01","97.01","33301.89"
"07/02/2000","96.62","95.64","95.64","95.64","12296.08"
"08/02/2000","96.62","96.62","96.62","96.62","1127.14"
"09/02/2000","96.52","96.52","96.52","96.52","102.47"
"10/02/2000","95.64","95.64","95.64","95.64","5123.37"
"11/02/2000","95.84","95.84","95.84","95.84","41181.63"
"16/02/2000","95.45","95.45","95.45","95.45","1209.11"
"17/02/2000","95.45","95.45","95.45","95.45","1065.66"
"18/02/2000","95.15","94.86","94.86","94.86","44573.3"
"21/02/2000","94.66","94.66","94.66","94.66","112.71"
"22/02/2000","94.66","94.18","94.18","94.18","3074.02"
"23/02/2000","94.18","93.4","93.4","93.4","69114.22"
"24/02/2000","93.4","92.71","92.71","92.71","14191.73"
"25/02/2000","93.2","90.27","90.27","90.27","9478.23"
"28/02/2000","92.71","91.25","91.25","91.25","89054.37"
"29/02/2000","90.96","91.25","91.25","91.25","5522.99"
"01/03/2000","91.44","91.25","91.25","91.25","5123.37"
"02/03/2000","91.44","91.05","91.05","91.05","19468.8"
"03/03/2000","91.25","90.76","90.76","90.76","177268.51"
"06/03/2000","90.76","90.27","90.27","90.27","17860.06"
"07/03/2000","90.27","90.27","90.27","90.27","3176.49"
"08/03/2000","90.27","90.27","90.27","90.27","1024.67"
"09/03/2000","90.76","90.76","90.76","90.76","10338.96"
"10/03/2000","91.64","91.74","91.74","91.74","20083.6"
"13/03/2000","92.71","92.71","92.71","92.71","2049.35"
"14/03/2000","92.71","92.61","92.61","92.61","2910.07"
"15/03/2000","92.71","92.71","92.71","92.71","1537.01"
"16/03/2000","92.71","91.74","91.74","91.74","1741.94"
"20/03/2000","92.71","92.61","92.61","92.61","11271.41"
"21/03/2000","92.71","92.13","92.13","92.13","3074.02"
"22/03/2000","91.74","91.74","91.74","91.74","4088.45"
"24/03/2000","91.64","91.25","91.25","91.25","12296.08"
"27/03/2000","91.74","91.74","91.74","91.74","8627.75"
"28/03/2000","91.74","92.71","92.71","92.71","1332.08"
"29/03/2000","92.71","92.52","92.52","92.52","27953.09"
"30/03/2000","92.42","92.42","92.42","92.42","1332.08"
"31/03/2000","91.74","91.74","91.74","91.74","15370.1"
"03/04/2000","91.74","91.74","91.74","91.74","90570.88"
"04/04/2000","91.74","91.74","91.74","91.74","3873.27"
"07/04/2000","91.25","91.25","91.25","91.25","81615.24"
"10/04/2000","90.76","90.76","90.76","90.76","66747.23"
"11/04/2000","90.27","90.27","90.27","90.27","1864.91"
"12/04/2000","89.88","89.78","89.78","89.78","7480.12"
"13/04/2000","90.76","90.66","90.66","90.66","23157.62"
"14/04/2000","90.96","88.81","88.81","88.81","922.21"
"17/04/2000","88.81","88.81","88.81","88.81","15769.72"
"18/04/2000","87.83","87.83","87.83","87.83","461.1"
"19/04/2000","88.32","92.22","92.22","92.22","65066.76"
"20/04/2000","91.74","91.64","91.64","91.64","20093.85"
"21/04/2000","88.81","91.15","91.15","91.15","17173.53"
"24/04/2000","89.78","89.78","89.78","89.78","10246.73"
"25/04/2000","89.78","88.81","88.81","88.81","3278.96"
"26/04/2000","89.69","88.81","88.81","88.81","239896.55"
"27/04/2000","88.61","88.81","88.81","88.81","4590.54"
"28/04/2000","88.61","88.52","88.52","88.52","2561.68"
"02/05/2000","88.52","88.52","88.52","88.52","409.87"
"03/05/2000","88.71","85.88","85.88","85.88","41652.98"
"04/05/2000","87.74","88.61","88.61","88.61","11824.73"
"05/05/2000","89.59","87.93","87.93","87.93","6834.57"
"09/05/2000","88.61","88.81","88.81","88.81","10441.42"
"10/05/2000","88.81","90.76","90.76","90.76","21241.48"
"11/05/2000","91.15","91.74","91.74","91.74","1711.2"
"12/05/2000","91.93","92.22","92.22","92.22","42165.31"
"15/05/2000","92.71","92.22","92.22","92.22","12910.88"
"16/05/2000","91.83","92.22","92.22","92.22","18403.14"
"17/05/2000","92.22","92.22","92.22","92.22","92.22"
"19/05/2000","90.27","88.91","88.91","88.91","666.04"
"22/05/2000","88.91","88.81","88.81","88.81","10072.54"
"23/05/2000","89.3","88.42","88.42","88.42","10625.86"
"24/05/2000","91.64","89.78","89.78","89.78","153.7"
"25/05/2000","88.71","89.78","89.78","89.78","3237.97"
"29/05/2000","88.81","88.71","88.71","88.71","1946.88"
"30/05/2000","89","88.61","88.61","88.61","3586.36"
"31/05/2000","88.71","88.42","88.42","88.42","4918.43"
"01/06/2000","88.61","88.61","88.61","88.61","512.34"
"02/06/2000","88.61","88.71","88.71","88.71","5441.02"
"05/06/2000","88.61","88.52","88.52","88.52","4221.65"
"06/06/2000","88.71","88.81","88.81","88.81","16661.19"
"07/06/2000","88.81","88.81","88.81","88.81","4170.42"
"08/06/2000","88.81","88.81","88.81","88.81","51.23"
"09/06/2000","88.61","89.3","89.3","89.3","1209.11"
"12/06/2000","88.81","88.81","88.81","88.81","184.44"
"13/06/2000","88.81","88.81","88.81","88.81","973.44"
"14/06/2000","88.71","88.71","88.71","88.71","4293.38"
"19/06/2000","88.61","88.03","88.03","88.03","6342.73"
"20/06/2000","88.32","88.03","88.03","88.03","2049.35"
"21/06/2000","88.03","88.03","88.03","88.03","563.57"
"22/06/2000","88.03","88.03","88.03","88.03","1711.2"
"23/06/2000","88.03","87.93","87.93","87.93","8299.85"
"26/06/2000","87.93","87.93","87.93","87.93","3586.36"
"27/06/2000","87.93","87.83","87.83","87.83","5277.07"
"28/06/2000","87.83","87.83","87.83","87.83","60322.52"
"29/06/2000","87.83","87.83","87.83","87.83","7049.75"
"30/06/2000","88.03","92.13","92.13","92.13","43394.92"
"03/07/2000","87.93","87.93","87.93","87.93","666.04"
"04/07/2000","87.93","87.93","87.93","87.93","1291.09"
"06/07/2000","88.32","88.32","88.32","88.32","338.14"
"10/07/2000","88.13","88.03","88.03","88.03","307.4"
"11/07/2000","89.78","89.78","89.78","89.78","512.34"
"12/07/2000","88.03","88.03","88.03","88.03","133.21"
"13/07/2000","88.22","88.22","88.22","88.22","153.7"
"14/07/2000","88.32","88.32","88.32","88.32","7459.62"
"17/07/2000","88.22","87.83","87.83","87.83","22522.32"
"18/07/2000","87.83","88.03","88.03","88.03","23188.36"
"19/07/2000","87.83","88.32","88.32","88.32","11394.37"
"20/07/2000","87.93","88.13","88.13","88.13","3053.53"
"21/07/2000","87.93","88.13","88.13","88.13","7777.27"
"24/07/2000","88.13","87.83","87.83","87.83","37605.52"
"25/07/2000","87.83","87.83","87.83","87.83","21272.22"
"26/07/2000","87.83","87.83","87.83","87.83","7654.31"
"27/07/2000","86.08","86.08","86.08","86.08","2920.32"
"28/07/2000","86.47","86.56","86.56","86.56","5738.17"
"31/07/2000","85.88","85.88","85.88","85.88","102.47"
"01/08/2000","85","85.88","85.88","85.88","9109.35"
"02/08/2000","86.37","87.34","87.34","87.34","157799.71"
"03/08/2000","86.56","87.83","87.83","87.83","5277.07"
"04/08/2000","87.64","87.64","87.64","87.64","5123.37"
"08/08/2000","86.86","86.37","86.37","86.37","107283.31"
"09/08/2000","86.47","86.37","86.37","86.37","2049.35"
"10/08/2000","86.37","86.37","86.37","86.37","51.23"
"11/08/2000","86.37","86.37","86.37","86.37","6814.08"
"15/08/2000","86.37","86.37","86.37","86.37","1024.67"
"16/08/2000","86.37","86.37","86.37","86.37","409.87"
"17/08/2000","86.37","86.37","86.37","86.37","6414.46"
"18/08/2000","86.37","86.47","86.47","86.47","29131.47"
"23/08/2000","90.47","91.64","91.64","91.64","154951.12"
"24/08/2000","92.22","92.71","92.71","92.71","91585.31"
"25/08/2000","93.69","91.74","91.74","91.74","34193.35"
"28/08/2000","92.22","90.76","90.76","90.76","7654.31"
"29/08/2000","88.32","88.81","88.81","88.81","9939.33"
"30/08/2000","88.81","87.83","87.83","87.83","66624.27"
"31/08/2000","88.32","88.42","88.42","88.42","1321.83"
"01/09/2000","90.76","90.76","90.76","90.76","512.34"
"04/09/2000","89.39","88.81","88.81","88.81","5932.86"
"05/09/2000","88.91","88.91","88.91","88.91","9467.98"
"06/09/2000","88.81","88.81","88.81","88.81","122.96"
"07/09/2000","88.52","88.52","88.52","88.52","102.47"
"11/09/2000","88.52","88.32","88.32","88.32","3186.73"
"12/09/2000","88.32","88.81","88.81","88.81","5123.37"
"13/09/2000","88.32","88.52","88.52","88.52","10041.8"
"14/09/2000","88.32","88.32","88.32","88.32","1178.37"
"15/09/2000","88.71","88.71","88.71","88.71","12296.08"
"19/09/2000","88.32","88.32","88.32","88.32","11886.21"
"20/09/2000","88.42","88.42","88.42","88.42","8074.43"
"21/09/2000","88.42","88.81","88.81","88.81","3914.25"
"22/09/2000","88.42","88.71","88.71","88.71","39163.02"
"25/09/2000","88.42","88.61","88.61","88.61","50413.93"
"26/09/2000","88.61","88.61","88.61","88.61","16579.22"
"27/09/2000","88.61","88.61","88.61","88.61","29910.22"
"28/09/2000","88.61","88.61","88.61","88.61","1332.08"
"29/09/2000","88.61","88.61","88.61","88.61","48026.44"
"02/10/2000","88.61","88.61","88.61","88.61","1537.01"
"03/10/2000","88.71","88.81","88.81","88.81","9027.37"
"04/10/2000","88.81","88.61","88.61","88.61","5184.85"
"05/10/2000","88.61","88.81","88.81","88.81","12880.14"
"06/10/2000","88.71","88.81","88.81","88.81","69575.33"
"09/10/2000","88.61","88.71","88.71","88.71","30873.41"
"10/10/2000","88.81","88.81","88.81","88.81","103276.84"
"11/10/2000","88.61","88.52","88.52","88.52","52258.34"
"12/10/2000","88.32","88.32","88.32","88.32","1537.01"
"13/10/2000","88.22","88.52","88.52","88.52","81051.67"
"16/10/2000","88.03","88.03","88.03","88.03","3022.79"
"17/10/2000","88.32","88.32","88.32","88.32","102467.34"
"18/10/2000","88.22","88.22","88.22","88.22","850.48"
"19/10/2000","88.13","88.32","88.32","88.32","14529.87"
"20/10/2000","88.22","88.22","88.22","88.22","14857.76"
"23/10/2000","87.83","87.83","87.83","87.83","1024.67"
"26/10/2000","88.03","88.22","88.22","88.22","40648.8"
"27/10/2000","88.22","88.22","88.22","88.22","563.57"
"31/10/2000","88.22","88.13","88.13","88.13","64093.32"
"01/11/2000","88.22","88.22","88.22","88.22","43579.36"
"02/11/2000","88.22","88.22","88.22","88.22","532.83"
"03/11/2000","88.22","88.22","88.22","88.22","6711.61"
"07/11/2000","88.22","88.22","88.22","88.22","399.62"
"08/11/2000","88.22","88.22","88.22","88.22","59031.44"
"09/11/2000","88.22","88.22","88.22","88.22","23126.88"
"10/11/2000","88.22","88.22","88.22","88.22","44870.45"
"13/11/2000","88.22","88.22","88.22","88.22","10502.9"
"14/11/2000","87.05","88.22","87.05","88.22","1475.53"
"15/11/2000","86.86","87.83","86.86","87.83","6691.12"
"16/11/2000","87.74","87.83","87.74","87.83","10246.73"
"17/11/2000","87.64","87.64","87.25","87.34","42011.61"
"20/11/2000","85.88","87.15","85.88","86.37","10656.6"
"21/11/2000","86.37","86.37","85.88","86.27","33599.04"
"22/11/2000","83.93","86.86","83.93","86.66","7644.06"
"23/11/2000","86.86","86.86","85.88","85.88","1065.66"
"24/11/2000","85.88","85.88","85.88","85.88","8299.85"
"27/11/2000","85.88","85.88","85.88","85.88","26057.45"
"28/11/2000","85.78","85.78","85.39","85.78","11425.11"
"29/11/2000","85.69","85.69","85.69","85.69","1537.01"
"30/11/2000","85.78","85.78","85.78","85.78","45567.23"
"01/12/2000","85.78","85.78","85.78","85.78","2992.05"
"04/12/2000","85.39","85.78","85.39","85.78","2254.28"
"05/12/2000","85.59","85.59","85.59","85.59","1055.41"
"06/12/2000","81.2","85.39","81.2","84.81","13238.78"
"07/12/2000","82.17","85.59","82.17","84.91","6199.27"
"08/12/2000","85.59","85.59","85.39","85.39","32225.98"
"11/12/2000","85.39","85.39","85.39","85.39","10246.73"
"12/12/2000","83.93","85.39","83.93","85.39","4201.16"
"13/12/2000","85.3","85.88","85.3","85.88","11363.63"
"14/12/2000","85.88","86.86","83.05","86.86","6250.51"
"15/12/2000","86.86","86.86","85.39","85.39","5123.37"
"18/12/2000","87.34","87.34","87.15","87.25","3278.96"
"19/12/2000","87.25","87.25","85.98","85.98","11589.06"
"20/12/2000","85.88","86.86","85.39","86.86","3637.59"
"21/12/2000","86.86","86.86","86.86","86.86","38937.59"
"22/12/2000","87.34","87.34","86.76","86.76","3340.44"
"25/12/2000","86.86","86.86","86.66","86.86","2305.52"
"26/12/2000","86.86","86.86","85.39","86.86","2623.16"
"29/12/2000","87.83","88.32","87.83","87.83","256813.9"
"02/01/2001","87.74","87.74","87.74","87.74","16128.36"
"03/01/2001","86.86","86.86","86.86","86.86","512.34"
"04/01/2001","86.86","86.86","85.88","85.88","3401.92"
"05/01/2001","84.91","84.91","84.42","84.42","9683.16"
"08/01/2001","85.88","86.27","81","81","3852.77"
"09/01/2001","82.95","82.95","81.1","81.1","8976.14"
"10/01/2001","81.98","81.98","81","81.98","33967.92"
"12/01/2001","81","81","79.54","79.54","21518.14"
"15/01/2001","79.54","79.54","79.54","79.54","2879.33"
"16/01/2001","81","81","81","81","102.47"
"17/01/2001","79.54","79.54","79.54","79.54","13423.22"
"18/01/2001","79.54","79.54","79.54","79.54","143413.29"
"19/01/2001","79.54","79.54","78.85","78.85","131578.32"
"22/01/2001","76.12","76.12","76.12","76.12","358.64"
"23/01/2001","73.97","76.12","73.97","76.12","8709.72"
"24/01/2001","79.34","80.51","79.34","80.51","45587.72"
"25/01/2001","81","82.95","80.51","80.51","14304.44"
"26/01/2001","81.98","82.95","78.07","78.07","5225.83"
"29/01/2001","82.47","82.76","82.47","82.76","3176.49"
"30/01/2001","84.22","85.39","81.98","81.98","11681.28"
"31/01/2001","81.98","81.98","81.98","81.98","17521.92"
"01/02/2001","84.81","84.81","82.47","82.47","13371.99"
"02/02/2001","82.47","82.47","81.98","82.47","19202.38"
"05/02/2001","82.56","87.34","82.56","87.34","17573.15"
"06/02/2001","82.47","82.47","82.47","82.47","512.34"
"07/02/2001","84.91","84.91","82.47","83.93","16394.78"
"08/02/2001","82.47","85.39","82.47","85.39","31457.48"
"09/02/2001","82.47","85.69","82.47","85.39","1618.98"
"12/02/2001","87.34","87.34","87.34","87.34","102.47"
"13/02/2001","87.34","87.34","87.34","87.34","409.87"
"14/02/2001","86.86","87.83","86.86","87.83","32933"
"15/02/2001","89.78","89.78","88.32","88.32","15226.65"
"16/02/2001","88.52","89.78","88.52","89.78","36990.71"
"19/02/2001","89.78","89.78","89.78","89.78","11168.94"
"20/02/2001","88.91","89","88.81","88.81","10861.54"
"21/02/2001","87.93","87.93","87.83","87.83","11168.94"
"22/02/2001","87.83","89.78","87.83","89.59","43712.57"
"23/02/2001","87.93","90.18","87.93","90.08","33301.89"
"26/02/2001","88.91","91.83","88.91","91.83","80283.16"
"27/02/2001","90.96","92.71","90.27","91.93","121577.5"
"28/02/2001","92.42","92.42","91.64","91.64","12296.08"
"01/03/2001","93.3","93.3","89.78","91.25","18239.19"
"02/03/2001","90.27","91.15","89.59","91.15","4283.14"
"08/03/2001","91.15","91.15","91.15","91.15","1024.67"
"09/03/2001","90.76","91.25","90.76","91.15","86277.5"
"12/03/2001","91.15","91.15","90.76","90.76","5779.16"
"13/03/2001","91.15","91.25","91.15","91.25","1782.93"
"14/03/2001","90.76","90.76","90.08","90.76","64954.05"
"15/03/2001","90.96","91.74","90.96","91.35","27051.38"
"16/03/2001","91.25","91.35","91.25","91.35","4201.16"
"19/03/2001","90.86","90.96","90.86","90.96","7100.99"
"20/03/2001","90.96","90.96","90.96","90.96","6137.79"
"21/03/2001","91.15","91.15","91.15","91.15","6670.62"
"22/03/2001","91.15","91.15","91.15","91.15","3125.25"
"23/03/2001","90.76","90.76","90.76","90.76","20.49"
"28/03/2001","90.76","90.76","89.78","89.78","22143.19"
"29/03/2001","89.69","90.57","89.69","89.78","3647.84"
"30/03/2001","89.78","89.78","89.3","89.3","8299.85"
"02/04/2001","89.78","89.78","89.69","89.69","22307.14"
"03/04/2001","88.32","90.27","88.32","88.81","1147.63"
"05/04/2001","89.69","89.69","89.69","89.69","512.34"
"06/04/2001","88.22","89.2","88.22","89.2","30350.83"
"09/04/2001","88.81","88.81","88.81","88.81","2869.09"
"10/04/2001","89.2","89.2","87.83","88.81","12398.55"
"11/04/2001","88.81","88.81","88.13","88.61","29408.13"
"12/04/2001","87.83","88.71","87.83","88.71","5492.25"
"13/04/2001","88.71","88.71","88.71","88.71","512.34"
"17/04/2001","87.83","87.83","86.47","86.47","1946.88"
"18/04/2001","86.37","86.86","86.37","86.86","23465.02"
"19/04/2001","85.88","85.88","85.88","85.88","1711.2"
"20/04/2001","86.37","86.86","86.37","86.86","1905.89"
"23/04/2001","85.88","86.37","85.88","86.37","717.27"
"24/04/2001","86.37","86.37","85.88","86.27","42370.25"
"25/04/2001","85.88","85.88","85.88","85.88","6148.04"
"27/04/2001","85.39","85.39","85.39","85.39","2049.35"
"30/04/2001","85.88","86.37","85.88","86.37","30740.2"
"02/05/2001","86.37","86.37","86.37","86.37","3043.28"
"03/05/2001","86.37","87.83","86.37","87.74","14212.22"
"04/05/2001","87.34","87.74","87.34","87.74","16097.62"
"07/05/2001","87.34","87.64","87.34","87.64","6814.08"
"08/05/2001","87.54","87.54","87.34","87.34","5113.12"
"09/05/2001","87.34","87.34","87.34","87.34","7203.45"
"10/05/2001","86.37","86.47","85.88","85.88","1916.14"
"11/05/2001","84.42","85.88","84.42","85.88","409.87"
"14/05/2001","86.76","86.76","86.76","86.76","2203.05"
"15/05/2001","83.93","83.93","83.93","83.93","5123.37"
"17/05/2001","82.47","82.47","82.47","82.47","409.87"
"18/05/2001","82.95","83.34","82.95","83.34","5584.47"
"22/05/2001","81.59","83.34","81.59","83.34","5635.7"
"23/05/2001","82.07","82.07","82.07","82.07","12910.88"
"24/05/2001","82.95","83.34","82.47","83.34","28690.86"
"25/05/2001","84.91","85.88","82.95","85.39","2387.49"
"28/05/2001","84.91","84.91","84.91","84.91","307.4"
"29/05/2001","83.05","83.05","83.05","83.05","12296.08"
"30/05/2001","83.93","85.3","83.93","85.3","7685.05"
"31/05/2001","87.74","87.74","85.88","86.76","34972.1"
"01/06/2001","87.34","87.34","86.37","86.37","36550.1"
"07/06/2001","82.86","82.86","82.86","82.86","8299.85"
"08/06/2001","82.86","82.86","82.47","82.47","14990.97"
"11/06/2001","80.51","80.51","80.51","80.51","15226.65"
"12/06/2001","78.07","80.42","77.29","77.29","34019.16"
"13/06/2001","76.51","80.03","76.51","77.29","6445.2"
"14/06/2001","80.32","80.51","77.98","77.98","8094.92"
"15/06/2001","79.05","80.9","79.05","80.51","5656.2"
"18/06/2001","79.44","79.44","77.49","77.49","32533.38"
"19/06/2001","77.1","77.1","76.32","76.61","23270.33"
"20/06/2001","76.61","76.61","76.12","76.61","8945.4"
"21/06/2001","76.71","80.42","76.71","80.32","17583.4"
"22/06/2001","80.03","80.03","80.03","80.03","563.57"
"25/06/2001","78.76","78.76","78.76","78.76","102.47"
"26/06/2001","79.05","79.54","79.05","79.54","4713.5"
"27/06/2001","79.05","81","78.76","81","8504.79"
"28/06/2001","78.76","82.76","78.76","82.76","43999.48"
"29/06/2001","82.27","83.93","82.27","83.93","115726.62"
"02/07/2001","80.12","81.98","80.12","81.98","2602.67"
"03/07/2001","82.95","82.95","80.03","80.51","55281.13"
"04/07/2001","79.54","79.54","79.54","79.54","20.49"
"05/07/2001","79.64","79.64","79.54","79.54","184.44"
"06/07/2001","79.05","79.05","78.17","78.17","2305.52"
"09/07/2001","78.07","78.07","78.07","78.07","3606.85"
"10/07/2001","77.98","78.17","77.59","78.07","14068.77"
"11/07/2001","77.1","77.1","77.1","77.1","655.79"
"12/07/2001","79.83","79.83","79.83","79.83","19581.51"
"13/07/2001","79.54","79.73","76.9","77","9580.7"
"16/07/2001","78.37","78.37","76.71","76.71","2387.49"
"17/07/2001","76.41","76.41","76.12","76.12","5123.37"
"18/07/2001","76.12","76.71","76.12","76.71","8842.93"
"19/07/2001","76.71","76.71","76.61","76.61","14068.77"
"20/07/2001","76.71","76.71","76.71","76.71","8197.39"
"24/07/2001","76.8","76.8","76.71","76.71","7992.45"
"25/07/2001","77.1","77.1","76.71","77","4211.41"
"26/07/2001","75.24","75.24","75.24","75.24","922.21"
"27/07/2001","76.12","76.12","76.12","76.12","102.47"
"01/08/2001","76.02","76.02","75.63","75.63","9826.62"
"02/08/2001","75.83","75.83","75.63","75.63","3586.36"
"03/08/2001","75.63","76.12","75.54","76.12","55393.85"
"06/08/2001","76.12","80.61","76.12","80.61","25124.99"
"07/08/2001","85.39","85.39","81","81","7685.05"
"08/08/2001","80.03","80.03","80.03","80.03","2049.35"
"10/08/2001","79.83","80.03","79.83","80.03","614.8"
"15/08/2001","78.07","78.56","78.07","78.56","3729.81"
"16/08/2001","77.1","77.1","77.1","77.1","1024.67"
"17/08/2001","76.61","76.61","76.61","76.61","12080.9"
"22/08/2001","76.51","76.61","76.12","76.12","22184.18"
"23/08/2001","75.15","75.63","75.15","75.24","7039.51"
"24/08/2001","75.63","75.63","75.63","75.63","204.93"
"28/08/2001","76.12","77.88","76.12","77.88","40.99"
"29/08/2001","76.71","76.71","76.71","76.71","204.93"
"30/08/2001","77.98","78.07","77.1","77.1","9611.44"
"31/08/2001","78.17","79.73","78.07","78.56","4611.03"
"03/09/2001","79.64","79.64","78.56","78.56","655.79"
"04/09/2001","78.56","79.05","78.07","78.07","9140.09"
"05/09/2001","79.44","79.83","79.44","79.83","11937.45"
"06/09/2001","79.83","80.03","79.83","80.03","10349.2"
"07/09/2001","79.24","80.03","79.24","80.03","26467.32"
"12/09/2001","78.07","79.93","78.07","79.44","4969.67"
"13/09/2001","76.22","79.54","76.12","78.07","7172.71"
"14/09/2001","75.83","78.07","75.83","77.1","8443.31"
"17/09/2001","75.63","75.63","75.63","75.63","717.27"
"18/09/2001","75.44","75.44","75.15","75.15","51438.61"
"19/09/2001","75.15","75.15","75.15","75.15","2049.35"
"21/09/2001","75.15","76.12","75.15","76.12","20544.7"
"25/09/2001","75.15","76.02","75.15","76.02","3996.23"
"26/09/2001","76.12","77.1","76.12","76.8","53324.01"
"27/09/2001","77","77","77","77","6639.88"
"28/09/2001","76.12","76.12","76.12","76.12","1024.67"
"01/10/2001","76.12","76.12","76.12","76.12","10.25"
"02/10/2001","75.63","75.63","75.63","75.63","799.25"
"03/10/2001","76.02","76.12","76.02","76.12","13320.76"
"08/10/2001","75.15","76.32","75.15","76.32","3145.75"
"09/10/2001","75.15","77.59","75.15","77.1","113964.18"
"10/10/2001","77","79.05","77","78.27","6568.16"
"11/10/2001","78.56","78.56","77.88","78.56","4682.76"
"12/10/2001","78.46","78.46","77.39","77.39","33096.95"
"15/10/2001","77.1","77.1","77.1","77.1","276.66"
"16/10/2001","77.59","77.59","77.59","77.59","594.31"
"17/10/2001","76.61","77.1","76.61","77.1","71983.31"
"18/10/2001","77.1","77.1","77.1","77.1","1147.63"
"19/10/2001","75.44","76.61","75.44","76.61","3391.67"
"22/10/2001","75.63","75.63","75.15","75.15","27543.22"
"23/10/2001","75.15","75.15","74.66","74.66","46725.11"
"24/10/2001","74.17","74.17","73.19","73.19","46315.24"
"25/10/2001","73.39","73.39","73.39","73.39","6209.52"
"26/10/2001","73.39","73.39","73.19","73.19","3637.59"
"29/10/2001","73.19","73.19","73.19","73.19","2049.35"
"30/10/2001","71.73","71.73","71.73","71.73","204.93"
"31/10/2001","71.73","71.73","70.27","70.27","65589.35"
"01/11/2001","70.27","70.27","70.17","70.17","23649.46"
"02/11/2001","69.29","69.39","68.31","68.31","37912.92"
"05/11/2001","68.31","68.31","65.97","66.36","37175.15"
"07/11/2001","66.36","66.36","65.48","65.48","45905.37"
"08/11/2001","65.48","66.36","65.39","66.36","24899.56"
"09/11/2001","66.36","68.31","66.36","68.22","28813.82"
"12/11/2001","68.8","68.8","67.34","68.31","27184.59"
"13/11/2001","68.8","68.8","68.51","68.8","36908.74"
"14/11/2001","71.14","71.24","71.14","71.24","33660.52"
"15/11/2001","70.27","71.24","70.27","71.24","53621.16"
"16/11/2001","71.24","71.24","70.75","70.75","15062.7"
"19/11/2001","69.78","71.24","69.78","71.14","4795.47"
"20/11/2001","71.14","72.12","70.27","71.83","50721.34"
"21/11/2001","71.44","72.22","71.44","72.22","5430.77"
"22/11/2001","73.19","74.17","73.19","74.07","41294.34"
"23/11/2001","73.39","73.88","73.39","73.88","29715.53"
"26/11/2001","73.19","73.19","73.19","73.19","2459.22"
"27/11/2001","73.19","73.19","73.19","73.19","717.27"
"28/11/2001","73.78","74.56","73.78","74.56","13208.04"
"29/11/2001","74.27","74.66","74.27","74.56","16200.09"
"30/11/2001","74.66","74.66","74.66","74.66","17419.45"
"03/12/2001","75.44","75.63","75.44","75.63","32789.55"
"04/12/2001","75.73","75.73","75.73","75.73","8955.65"
"05/12/2001","75.73","77.1","75.73","77.1","3176.49"
"06/12/2001","75.83","75.83","75.63","75.63","11998.93"
"07/12/2001","75.44","75.73","75.15","75.15","10523.4"
"10/12/2001","74.17","74.17","73.39","73.39","2776.86"
"11/12/2001","74.17","74.17","74.17","74.17","6148.04"
"12/12/2001","74.27","74.27","74.27","74.27","2336.26"
"13/12/2001","74.27","74.27","74.07","74.07","1024.67"
"19/12/2001","73.78","73.78","73.68","73.68","18372.4"
"20/12/2001","73.29","73.29","73.19","73.19","6148.04"
"21/12/2001","73.19","73.68","73.19","73.68","19929.9"
"24/12/2001","74.17","74.66","74.17","74.56","16661.19"
"25/12/2001","74.17","74.17","74.17","74.17","3760.55"
"26/12/2001","74.37","74.66","74.37","74.66","24438.46"
"27/12/2001","74.66","75.15","74.66","75.15","49286.79"
"28/12/2001","75.44","76.02","75.44","76.02","103953.12"
"31/12/2001","76.12","76.61","75.63","75.63","415382.12"
"02/01/2002","73.29","73.29","72.8","72.8","19263.86"
"03/01/2002","72.22","72.22","70.27","70.27","2766.62"
"04/01/2002","70.07","70.85","70.07","70.85","748.01"
"09/01/2002","68.8","68.8","68.8","68.8","327.9"
"10/01/2002","70.27","71.14","70.27","71.14","6025.08"
"14/01/2002","71.14","71.24","71.14","71.24","15513.56"
"16/01/2002","71.24","71.24","71.24","71.24","491.84"
"17/01/2002","71.44","71.73","71.44","71.73","2561.68"
"18/01/2002","71.73","71.73","71.73","71.73","18444.12"
"22/01/2002","71.73","71.73","71.24","71.24","13525.69"
"23/01/2002","71.34","71.34","71.24","71.24","7736.28"
"24/01/2002","70.75","70.85","70.75","70.85","36129.98"
"25/01/2002","70.85","71.05","70.85","71.05","11271.41"
"28/01/2002","71.05","71.05","71.05","71.05","13320.76"
"29/01/2002","71.24","71.24","71.24","71.24","1024.67"
"30/01/2002","70.95","71.05","70.95","71.05","768.51"
"01/02/2002","70.85","70.85","69.78","69.78","9734.4"
"05/02/2002","68.8","68.8","68.8","68.8","2131.32"
"06/02/2002","69.29","69.29","68.8","68.8","1741.94"
"07/02/2002","68.8","68.9","68.8","68.8","127787.02"
"08/02/2002","68.9","70.85","68.8","70.85","5338.55"
"11/02/2002","68.8","68.8","68.8","68.8","1024.67"
"12/02/2002","68.8","68.8","68.8","68.8","5738.17"
"13/02/2002","68.9","68.9","68.9","68.9","1526.76"
"14/02/2002","69","69","69","69","2561.68"
"15/02/2002","69","69.78","69","69.78","5256.57"
"18/02/2002","69.19","69.19","69.19","69.19","2049.35"
"19/02/2002","69.19","69.29","68.8","68.8","21692.34"
"20/02/2002","68.8","68.8","68.8","68.8","1024.67"
"21/02/2002","68.8","68.8","68.8","68.8","5451.26"
"26/02/2002","68.8","68.8","68.8","68.8","4877.45"
"27/02/2002","68.9","68.9","68.8","68.8","8474.05"
"28/02/2002","68.8","68.8","68.8","68.8","819.74"
"01/03/2002","68.9","68.9","68.9","68.9","215.18"
"04/03/2002","68.8","69.19","68.8","69.19","789"
"05/03/2002","69.19","69.19","68.8","68.8","3237.97"
"06/03/2002","68.8","68.8","68.8","68.8","2469.46"
"08/03/2002","68.8","68.8","68.8","68.8","5615.21"
"11/03/2002","68.9","68.9","68.8","68.8","8709.72"
"12/03/2002","68.8","68.8","68.8","68.8","15359.86"
"13/03/2002","68.8","68.8","68.8","68.8","2080.09"
"15/03/2002","66.36","68.8","66.36","66.56","9836.86"
"18/03/2002","66.85","66.85","66.85","66.85","6250.51"
"19/03/2002","66.85","68.51","66.85","68.51","18269.93"
"20/03/2002","68.8","68.8","68.8","68.8","2387.49"
"21/03/2002","68.31","68.51","68.31","68.31","4611.03"
"25/03/2002","68.31","68.31","68.31","68.31","1024.67"
"26/03/2002","67.05","68.31","67.05","68.31","26159.91"
"27/03/2002","68.31","68.31","68.31","68.31","23854.4"
"28/03/2002","68.31","68.31","68.31","68.31","2387.49"
"29/03/2002","68.31","68.31","68.31","68.31","2746.12"
"01/04/2002","68.31","68.31","68.31","68.31","4754.48"
"02/04/2002","68.31","68.31","68.31","68.31","8299.85"
"03/04/2002","68.31","68.31","68.31","68.31","973.44"
"04/04/2002","68.31","68.31","68.31","68.31","8730.22"
"05/04/2002","68.31","68.31","68.31","68.31","29018.75"
"08/04/2002","68.31","68.31","68.31","68.31","46622.64"
"10/04/2002","68.31","68.31","68.31","68.31","61.48"
"11/04/2002","68.31","68.31","68.31","68.31","204.93"
"15/04/2002","68.22","68.31","68.22","68.31","30740.2"
"17/04/2002","68.31","68.31","68.31","68.31","481.6"
"18/04/2002","67.34","67.34","67.34","67.34","1024.67"
"19/04/2002","66.36","67.34","66.36","66.46","1393.56"
"23/04/2002","66.46","66.46","66.46","66.46","33814.22"
"25/04/2002","66.46","66.46","66.46","66.46","9252.8"
"26/04/2002","66.66","66.66","66.66","66.66","6352.98"
"29/04/2002","66.66","66.66","66.66","66.66","12449.78"
"30/04/2002","66.46","66.46","66.46","66.46","1680.46"
"03/05/2002","65.19","65.19","63.43","63.43","1075.91"
"06/05/2002","63.43","65.19","63.43","64.8","15718.49"
"07/05/2002","65.29","65.39","65.29","65.39","10246.73"
"08/05/2002","64.41","65.09","64.41","65.09","7070.25"
"09/05/2002","64.41","65.09","64.41","65.09","1332.08"
"10/05/2002","64.9","64.9","64.41","64.41","15452.08"
"13/05/2002","64.41","64.41","64.41","64.41","4098.69"
"14/05/2002","64.41","64.9","64.41","64.9","88439.56"
"15/05/2002","64.41","64.9","64.41","64.9","69606.07"
"16/05/2002","64.9","64.9","64.9","64.9","3074.02"
"17/05/2002","65.87","65.87","64.9","64.9","11148.45"
"20/05/2002","64.9","64.9","64.9","64.9","51366.88"
"21/05/2002","63.53","63.53","63.53","63.53","1024.67"
"22/05/2002","64.8","65","64.8","65","75508.19"
"23/05/2002","64.9","65.09","64.9","65.09","4949.17"
"24/05/2002","65.09","65.09","65.09","65.09","1332.08"
"27/05/2002","65.39","65.39","65.39","65.39","10215.99"
"28/05/2002","65.39","65.87","65.39","65.87","28824.06"
"29/05/2002","65.09","65.39","65.09","65.39","11240.67"
"31/05/2002","65.39","65.87","65.39","65.39","14519.62"
"03/06/2002","65.39","65.39","65.39","65.39","512.34"
"04/06/2002","65.87","65.87","65.39","65.39","9119.59"
"05/06/2002","65.39","65.39","65.09","65.09","21651.35"
"06/06/2002","65.39","65.87","65.39","65.87","9222.06"
"07/06/2002","65.39","65.39","65.39","65.39","409.87"
"11/06/2002","65.09","65.09","65.09","65.09","2008.36"
"12/06/2002","65.39","65.39","65.39","65.39","204.93"
"13/06/2002","65.39","65.87","65.39","65.87","625.05"
"14/06/2002","66.36","66.36","65.87","66.36","52063.66"
"17/06/2002","67.53","67.53","66.36","66.36","1024.67"
"19/06/2002","66.46","66.46","65.39","65.39","2110.83"
"20/06/2002","65.87","65.87","65.87","65.87","4559.8"
"21/06/2002","65.39","65.39","65.39","65.39","7787.52"
"24/06/2002","65.39","65.39","65.39","65.39","1055.41"
"25/06/2002","65.87","65.87","65.39","65.39","8914.66"
"26/06/2002","66.36","66.36","66.36","66.36","1024.67"
"27/06/2002","66.36","66.36","66.36","66.36","368.88"
"28/06/2002","66.36","67.83","66.36","67.83","40659.04"
"01/07/2002","64.51","64.51","64.51","64.51","3606.85"
"02/07/2002","64.41","64.41","64.41","64.41","348.39"
"03/07/2002","64.9","64.9","64.9","64.9","614.8"
"04/07/2002","64.7","64.7","64.41","64.41","82209.55"
"05/07/2002","64.41","64.61","64.41","64.41","42319.01"
"08/07/2002","64.41","64.41","64.41","64.41","18638.81"
"09/07/2002","63.83","64.41","63.83","64.41","29602.82"
"10/07/2002","63.92","64.41","63.92","64.41","10246.73"
"11/07/2002","64.41","64.9","64.41","64.9","20206.56"
"12/07/2002","64.51","64.9","64.41","64.41","37082.93"
"15/07/2002","64.41","64.41","64.41","64.41","10246.73"
"16/07/2002","64.41","64.51","64.41","64.41","13833.09"
"17/07/2002","65.39","65.39","64.41","64.41","31600.93"
"18/07/2002","61.19","64.41","61.19","63.92","27000.14"
"19/07/2002","64.31","64.41","64.31","64.41","1659.97"
"23/07/2002","63.92","63.92","63.43","63.43","5635.7"
"24/07/2002","60.6","63.92","60.6","63.92","3432.66"
"25/07/2002","63.43","63.92","63.43","63.92","4272.89"
"29/07/2002","63.43","63.43","63.43","63.43","5871.38"
"31/07/2002","64.41","65.39","64.41","65.39","8115.41"
"01/08/2002","65.39","65.39","65.39","65.39","5809.9"
"02/08/2002","65.39","65.39","65.39","65.39","1024.67"
"06/08/2002","63.53","63.53","63.43","63.43","4713.5"
"07/08/2002","63.43","63.43","63.43","63.43","1024.67"
"08/08/2002","62.17","64.9","62.17","64.9","4201.16"
"13/08/2002","64.41","67.34","64.41","67.34","1659.97"
"15/08/2002","67.24","67.24","67.24","67.24","1024.67"
"16/08/2002","67.34","67.34","67.34","67.34","2008.36"
"22/08/2002","64.61","64.61","64.61","64.61","307.4"
"26/08/2002","64.61","64.61","64.61","64.61","40.99"
"27/08/2002","65.87","65.87","65.87","65.87","20493.47"
"30/08/2002","64.61","65.19","64.61","65.19","18710.54"
"03/09/2002","64.9","65.19","64.9","65.19","12367.81"
"04/09/2002","65.19","65.19","65.19","65.19","1024.67"
"05/09/2002","64.7","64.7","64.7","64.7","30.74"
"06/09/2002","64.9","64.9","64.9","64.9","1024.67"
"09/09/2002","64.7","64.7","64.7","64.7","1024.67"
"10/09/2002","64.9","64.9","64.41","64.41","1741.94"
"11/09/2002","64.41","64.41","63.43","63.43","15370.1"
"12/09/2002","64.31","64.8","64.31","64.8","870.97"
"13/09/2002","64.61","64.61","64.61","64.61","25616.84"
"17/09/2002","64.61","64.8","64.61","64.8","5123.37"
"18/09/2002","64.41","64.41","64.41","64.41","2407.98"
"19/09/2002","64.41","64.41","64.41","64.41","3074.02"
"20/09/2002","63.83","64.8","63.43","64.8","2203.05"
"23/09/2002","63.43","63.43","62.95","62.95","4611.03"
"24/09/2002","62.56","62.56","62.07","62.07","3914.25"
"25/09/2002","61.48","61.48","61.48","61.48","1024.67"
"26/09/2002","61.97","62.36","61.97","62.36","4098.69"
"27/09/2002","61.48","61.97","61.48","61.97","7019.01"
"30/09/2002","64.9","64.9","64.9","64.9","10246.73"
"04/10/2002","63.34","64.41","63.34","64.41","2612.92"
"07/10/2002","64.41","64.41","64.41","64.41","768.51"
"08/10/2002","64.41","64.41","64.41","64.41","1741.94"
"09/10/2002","62.46","62.46","62.46","62.46","338.14"
"10/10/2002","62.46","62.46","62.46","62.46","563.57"
"11/10/2002","62.56","62.95","62.56","62.95","10277.48"
"14/10/2002","63.83","63.83","63.83","63.83","686.53"
"15/10/2002","62.46","63.43","62.46","63.43","563.57"
"16/10/2002","63.43","63.43","63.43","63.43","122.96"
"17/10/2002","62.95","63.24","62.95","63.24","15503.31"
"18/10/2002","63.34","63.34","62.46","62.46","450.86"
"21/10/2002","62.46","62.46","60.51","60.51","471.35"
"22/10/2002","61.48","61.48","61","61","1332.08"
"23/10/2002","60.7","60.7","60.7","60.7","891.47"
"24/10/2002","59.53","59.53","59.14","59.14","2971.55"
"25/10/2002","59.53","60.41","58.56","60.41","4057.71"
"30/10/2002","58.85","58.85","58.85","58.85","2131.32"
"01/11/2002","58.56","58.85","58.56","58.85","23967.11"
"05/11/2002","59.04","59.04","58.56","58.56","3535.12"
"07/11/2002","61.39","61.39","57.58","58.56","9252.8"
"08/11/2002","58.65","58.65","57.19","57.19","14324.94"
"13/11/2002","59.73","59.73","59.73","59.73","5328.3"
"14/11/2002","60.51","61.48","60.51","61.48","15892.68"
"15/11/2002","59.14","59.14","59.14","59.14","215.18"
"19/11/2002","59.04","59.04","57.58","57.58","3606.85"
"20/11/2002","58.56","58.56","58.56","58.56","14345.43"
"22/11/2002","58.56","60.51","58.56","59.53","24335.99"
"26/11/2002","61.09","61.09","61.09","61.09","20.49"
"27/11/2002","60.02","60.02","60.02","60.02","3074.02"
"28/11/2002","59.53","61.48","59.53","61.19","40607.81"
"29/11/2002","60.02","61.39","60.02","61.39","11168.94"
"02/12/2002","59.14","59.14","59.14","59.14","153.7"
"03/12/2002","59.73","59.73","59.73","59.73","3822.03"
"04/12/2002","59.53","59.53","59.53","59.53","102.47"
"05/12/2002","59.82","59.92","59.82","59.92","28147.78"
"09/12/2002","59.73","59.73","59.73","59.73","5123.37"
"11/12/2002","61","61","61","61","5717.68"
"12/12/2002","62.36","62.36","61.97","61.97","5400.03"
"13/12/2002","61.97","62.95","61.97","62.95","14591.35"
"17/12/2002","64.41","64.41","63.92","63.92","36160.73"
"18/12/2002","62.56","64.31","62.56","64.31","1711.2"
"19/12/2002","64.31","64.41","64.31","64.41","30955.38"
"20/12/2002","64.31","64.9","64.31","64.9","52575.99"
"23/12/2002","64.9","64.9","64.9","64.9","1024.67"
"24/12/2002","64.31","64.9","64.31","64.9","21364.44"
"25/12/2002","64.8","65.29","64.7","64.7","66685.75"
"26/12/2002","64.7","67.24","64.7","67.24","134437.16"
"27/12/2002","65","67.34","64.9","67.34","218204.21"
"30/12/2002","64.31","65.09","64.31","65.09","276.66"
"31/12/2002","67.53","67.83","66.85","66.85","987508.53"
"09/01/2003","62.85","62.85","62.85","62.85","20.49"
"10/01/2003","63.43","63.43","63.43","63.43","102.47"
"13/01/2003","63.43","63.43","63.43","63.43","1793.18"
"14/01/2003","63.92","63.92","63.92","63.92","1024.67"
"15/01/2003","63.43","63.43","63.43","63.43","409.87"
"20/01/2003","63.53","63.53","63.53","63.53","307.4"
"21/01/2003","63.53","63.53","63.53","63.53","204.93"
"24/01/2003","63.53","63.53","63.53","63.53","512.34"
"27/01/2003","63.92","63.92","63.92","63.92","1024.67"
"28/01/2003","63.92","63.92","63.92","63.92","2561.68"
"30/01/2003","64.9","64.9","64.9","64.9","30.74"
"31/01/2003","64.9","65.39","64.41","64.41","11138.2"
"04/02/2003","64.51","64.51","64.51","64.51","102.47"
"07/02/2003","66.36","66.36","66.36","66.36","102467.34"
"10/02/2003","66.36","66.36","66.36","66.36","23085.89"
"11/02/2003","66.36","66.36","66.36","66.36","22358.37"
"14/02/2003","66.85","66.85","66.85","66.85","3074.02"
"17/02/2003","66.85","66.85","66.85","66.85","3135.5"
"19/02/2003","66.85","66.85","66.85","66.85","6260.75"
"20/02/2003","66.85","66.85","66.85","66.85","17726.85"
"21/02/2003","67.34","67.34","67.34","67.34","1024.67"
"24/02/2003","67.63","67.63","67.63","67.63","51233.67"
"25/02/2003","67.63","67.63","67.63","67.63","102467.34"
"26/02/2003","67.63","67.73","67.63","67.73","13320.76"
"27/02/2003","67.63","67.73","67.63","67.63","5584.47"
"04/03/2003","66.85","66.85","66.85","66.85","1639.48"
"06/03/2003","67.34","67.34","67.34","67.34","2407.98"
"10/03/2003","64.41","64.41","64.41","64.41","655.79"
"12/03/2003","63.53","63.92","63.53","63.53","27717.42"
"13/03/2003","62.95","63.43","61","61","49460.99"
"14/03/2003","59.14","59.14","57.38","58.36","39603.63"
"17/03/2003","58.65","58.65","58.65","58.65","512.34"
"18/03/2003","59.43","59.43","59.34","59.34","2530.94"
"19/03/2003","60.31","60.31","60.02","60.02","512.34"
"20/03/2003","60.12","60.12","60.12","60.12","204.93"
"26/03/2003","61.97","61.97","61.97","61.97","7172.71"
"27/03/2003","61.97","61.97","61.97","61.97","1024.67"
"28/03/2003","62.17","62.17","62.17","62.17","204.93"
"31/03/2003","62.46","63.34","62.46","62.46","3278.96"
"01/04/2003","62.46","63.34","62.46","63.34","4611.03"
"02/04/2003","63.43","63.43","63.43","63.43","2049.35"
"03/04/2003","63.43","63.43","63.43","63.43","1024.67"
"04/04/2003","64.02","64.02","64.02","64.02","1434.54"
"10/04/2003","64.41","64.41","64.41","64.41","1537.01"
"11/04/2003","64.41","64.41","64.41","64.41","717.27"
"14/04/2003","64.41","65.39","64.41","65.39","25903.74"
"15/04/2003","65.39","65.78","65.39","65.78","8863.43"
"16/04/2003","66.07","66.17","65.78","66.17","24079.83"
"17/04/2003","66.36","66.85","66.36","66.85","5328.3"
"21/04/2003","66.95","66.95","66.36","66.46","6455.44"
"22/04/2003","66.46","66.46","66.46","66.46","1024.67"
"23/04/2003","67.34","67.34","67.14","67.34","49174.08"
"24/04/2003","66.85","66.85","66.85","66.85","5779.16"
"25/04/2003","67.34","67.34","67.34","67.34","12982.61"
"28/04/2003","66.85","67.34","66.85","67.34","8658.49"
"29/04/2003","67.34","67.34","67.34","67.34","6424.7"
"30/04/2003","67.34","67.34","67.34","67.34","2561.68"
"02/05/2003","66.85","66.85","66.85","66.85","81973.88"
"05/05/2003","66.85","67.24","66.85","67.14","24694.63"
"06/05/2003","67.34","67.34","66.95","67.34","11476.34"
"07/05/2003","67.34","67.34","67.34","67.34","13720.38"
"08/05/2003","67.34","67.34","67.34","67.34","10246.73"
"09/05/2003","67.34","68.02","67.34","68.02","26129.17"
"13/05/2003","67.34","67.34","67.34","67.34","3791.29"
"19/05/2003","67.34","67.34","67.34","67.34","3319.94"
"20/05/2003","67.34","67.34","67.34","67.34","5123.37"
"21/05/2003","67.34","68.02","67.34","68.02","45362.29"
"22/05/2003","67.83","67.83","67.83","67.83","204.93"
"23/05/2003","68.31","68.31","67.83","68.31","993.93"
"26/05/2003","68.22","68.22","68.22","68.22","604.56"
"27/05/2003","68.31","69.19","68.31","69.19","2356.75"
"28/05/2003","69.19","69.29","69.19","69.29","3227.72"
"30/05/2003","69.29","69.29","69.29","69.29","2305.52"
"02/06/2003","69.29","69.78","69.29","69.78","6086.56"
"03/06/2003","70.27","71.73","70.27","71.73","768.51"
"04/06/2003","72.22","73.1","72.22","72.71","18925.72"
"05/06/2003","72.71","73.39","72.71","73.39","6732.1"
"06/06/2003","74.17","76.12","74.17","76.12","8002.7"
"09/06/2003","76.12","78.07","76.12","78.07","8556.02"
"10/06/2003","78.07","78.07","78.07","78.07","4344.62"
"11/06/2003","79.05","81","78.95","81","34705.69"
"12/06/2003","76.41","81","76.41","79.54","16948.1"
"13/06/2003","78.56","78.56","78.37","78.37","6424.7"
"16/06/2003","78.46","78.46","78.07","78.07","8197.39"
"17/06/2003","76.61","76.61","76.61","76.61","49501.97"
"18/06/2003","76.61","76.61","76.61","76.61","51233.67"
"19/06/2003","76.61","76.61","76.61","76.61","42011.61"
"20/06/2003","76.61","76.61","76.61","76.61","2561.68"
"25/06/2003","76.61","76.61","76.61","76.61","204.93"
"30/06/2003","76.61","76.61","76.61","76.61","215.18"
"02/07/2003","76.12","76.51","76.12","76.51","1793.18"
"04/07/2003","76.12","76.12","74.17","74.17","1690.71"
"07/07/2003","73.39","73.39","73.39","73.39","512.34"
"08/07/2003","73.19","73.19","73.19","73.19","3074.02"
"10/07/2003","73","73.19","73","73.19","8320.35"
"11/07/2003","74.17","74.17","73.97","74.17","6199.27"
"14/07/2003","73.29","75.63","73.29","75.63","6189.03"
"15/07/2003","75.63","75.63","74.17","74.17","2254.28"
"16/07/2003","74.17","74.17","74.17","74.17","2612.92"
"17/07/2003","74.17","75.54","74.17","75.54","625.05"
"18/07/2003","75.54","76.12","75.44","76.12","26026.7"
"22/07/2003","76.12","76.12","76.12","76.12","3074.02"
"23/07/2003","76.12","76.12","75.15","75.15","18444.12"
"24/07/2003","75.15","75.15","75.15","75.15","68909.29"
"25/07/2003","75.93","75.93","75.93","75.93","256.17"
"28/07/2003","75.15","75.15","75.15","75.15","21774.31"
"29/07/2003","75.15","75.15","75.15","75.15","1475.53"
"31/07/2003","75.15","75.24","75.15","75.24","7336.66"
"04/08/2003","75.24","75.24","75.24","75.24","11783.74"
"05/08/2003","75.24","75.24","75.24","75.24","61.48"
"06/08/2003","75.24","75.24","75.24","75.24","3074.02"
"07/08/2003","75.24","76.12","75.24","76.12","28178.52"
"08/08/2003","75.54","76.12","75.54","76.12","24151.55"
"11/08/2003","76.12","76.12","76.12","76.12","1434.54"
"13/08/2003","76.12","76.12","76.12","76.12","7767.02"
"15/08/2003","76.12","76.12","76.12","76.12","1024.67"
"19/08/2003","76.12","76.12","76.12","76.12","635.3"
"22/08/2003","76.12","76.12","76.12","76.12","4856.95"
"26/08/2003","76.61","78.17","76.61","78.17","1434.54"
"27/08/2003","79.05","80.03","79.05","80.03","40648.8"
"29/08/2003","80.22","80.42","80.22","80.42","10554.14"
"01/09/2003","81","83.44","81","83.44","61183.25"
"02/09/2003","83.93","83.93","83.54","83.54","32103.02"
"03/09/2003","84.42","84.61","83.93","84.61","6240.26"
"04/09/2003","84.71","87.83","84.71","87.83","74995.85"
"05/09/2003","87.83","89.78","87.83","89.78","2766.62"
"09/09/2003","88.32","88.81","87.83","87.83","8494.54"
"10/09/2003","87.34","87.34","85.39","85.39","973.44"
"11/09/2003","85.88","85.88","85.88","85.88","1024.67"
"12/09/2003","86.86","86.86","85.88","85.98","6352.98"
"15/09/2003","85.39","85.88","85.39","85.88","2151.81"
"16/09/2003","85.88","85.88","85.39","85.39","25340.17"
"17/09/2003","86.37","86.37","85.88","85.88","25104.5"
"18/09/2003","85.88","85.88","85.88","85.88","7889.99"
"19/09/2003","85.39","85.39","85.39","85.39","3155.99"
"22/09/2003","85.2","85.2","83.93","83.93","22594.05"
"23/09/2003","82.95","83.93","79.93","79.93","2039.1"
"24/09/2003","80.22","81","80.22","80.32","13259.27"
"25/09/2003","81.2","81.88","81.2","81.88","13115.82"
"26/09/2003","81.1","81.29","81.1","81.29","2459.22"
"29/09/2003","81.29","81.29","80.51","81.29","14857.76"
"02/10/2003","81","81","79.54","79.54","7756.78"
"07/10/2003","80.03","80.03","80.03","80.03","932.45"
"08/10/2003","80.03","80.03","80.03","80.03","3074.02"
"09/10/2003","80.03","80.03","79.05","79.05","584.06"
"13/10/2003","79.05","79.05","79.05","79.05","512.34"
"14/10/2003","79.54","79.54","79.05","79.05","3186.73"
"15/10/2003","79.15","79.15","79.15","79.15","225.43"
"16/10/2003","79.05","79.24","79.05","79.05","29469.61"
"17/10/2003","79.05","79.05","79.05","79.05","1670.22"
"20/10/2003","78.17","78.17","78.17","78.17","20.49"
"21/10/2003","78.17","78.17","78.17","78.17","2049.35"
"22/10/2003","78.17","79.05","78.17","78.85","16487"
"24/10/2003","78.56","78.56","78.56","78.56","4098.69"
"27/10/2003","78.56","78.56","78.07","78.07","2418.23"
"28/10/2003","77.88","77.88","77.88","77.88","2049.35"
"29/10/2003","77.88","78.56","77.88","78.56","4201.16"
"30/10/2003","78.56","78.66","78.56","78.66","16210.33"
"31/10/2003","78.66","78.76","78.66","78.66","42964.56"
"03/11/2003","78.46","78.46","78.46","78.46","16292.31"
"04/11/2003","78.46","78.66","78.46","78.66","5553.73"
"07/11/2003","78.66","78.85","78.66","78.85","10246.73"
"10/11/2003","78.95","78.95","78.95","78.95","5533.24"
"11/11/2003","78.95","79.05","78.95","79.05","2961.31"
"12/11/2003","79.54","80.03","79.54","80.03","27010.39"
"14/11/2003","82.37","82.37","81.49","81.49","1588.24"
"17/11/2003","80.03","80.03","80.03","80.03","19878.66"
"19/11/2003","79.73","80.03","79.73","80.03","24182.29"
"21/11/2003","80.03","80.03","80.03","80.03","1670.22"
"02/12/2003","87.83","87.83","87.83","87.83","54031.03"
"03/12/2003","89.59","90.76","89.59","90.76","20052.86"
"04/12/2003","90.76","90.76","89.78","89.78","2971.55"
"05/12/2003","89.78","89.78","89.2","89.78","77311.61"
"08/12/2003","89.78","89.78","89.78","89.78","717.27"
"09/12/2003","88.81","89.3","88.81","89.3","29428.62"
"10/12/2003","89.3","89.3","89.3","89.3","10246.73"
"11/12/2003","89.3","89.59","89.3","89.3","17983.02"
"12/12/2003","89.3","89.3","89.3","89.3","12398.55"
"15/12/2003","88.91","89.3","88.91","88.91","61839.04"
"16/12/2003","89.3","89.3","89.3","89.3","33066.21"
"17/12/2003","89.3","89.3","89.3","89.3","12654.72"
"18/12/2003","89.3","89.3","88.91","89.3","127448.88"
"19/12/2003","88.91","89.78","88.91","89.78","108338.72"
"22/12/2003","89.3","89.3","89.3","89.3","3074.02"
"23/12/2003","89.1","89.1","89.1","89.1","1024.67"
"24/12/2003","89.1","89.3","89.1","89.3","2715.38"
"25/12/2003","89.3","89.3","89.3","89.3","22706.76"
"26/12/2003","89.59","89.78","89.3","89.3","68478.93"
"29/12/2003","89.3","89.3","89.3","89.3","9734.4"
"30/12/2003","89.1","89.3","89.1","89.3","9467.98"
"31/12/2003","88.91","89.78","88.91","89.3","22040.73"
"02/01/2004","88.91","88.91","88.91","88.91","256.17"
"05/01/2004","88.91","88.91","88.91","88.91","4006.47"
"06/01/2004","88.91","88.91","88.91","88.91","1024.67"
"07/01/2004","88.91","89.1","88.91","89.1","15462.32"
"08/01/2004","89.1","89.2","88.91","88.91","61562.38"
"12/01/2004","89.2","89.2","89.2","89.2","512.34"
"13/01/2004","89.78","89.78","89.78","89.78","5584.47"
"14/01/2004","89.78","89.78","89.78","89.78","6148.04"
"15/01/2004","89.78","89.78","89.78","89.78","3135.5"
"19/01/2004","88.91","89.78","88.91","89.78","8740.46"
"20/01/2004","90.27","90.27","90.27","90.27","1639.48"
"22/01/2004","89.3","90.27","89.3","90.27","819.74"
"23/01/2004","89.78","90.27","89.78","90.27","3074.02"
"26/01/2004","90.27","90.76","90.27","90.37","18167.46"
"27/01/2004","90.37","90.76","90.37","90.76","1178.37"
"28/01/2004","90.47","91.25","90.47","91.25","10882.03"
"29/01/2004","91.44","94.66","90.86","94.66","1639.48"
"30/01/2004","93.69","93.69","91.74","92.71","14242.96"
"03/02/2004","92.71","93.79","92.71","93.79","33199.42"
"04/02/2004","93.79","94.66","93.79","94.66","21108.27"
"05/02/2004","94.66","94.76","94.18","94.76","25463.14"
"06/02/2004","92.71","94.66","92.71","94.66","25176.23"
"09/02/2004","93.98","94.37","93.98","94.37","17419.45"
"10/02/2004","94.66","94.66","94.18","94.18","35259.01"
"11/02/2004","95.15","95.15","94.18","95.15","8381.83"
"12/02/2004","93.59","95.54","93.59","95.15","4201.16"
"13/02/2004","95.64","95.64","95.15","95.15","18587.58"
"16/02/2004","95.15","95.15","95.15","95.15","4611.03"
"17/02/2004","95.05","95.05","93.2","93.2","14909"
"18/02/2004","94.18","94.18","94.18","94.18","40894.72"
"19/02/2004","94.18","94.18","93.69","94.18","28701.1"
"01/03/2004","94.18","94.18","94.08","94.18","6393.96"
"03/03/2004","94.86","94.86","94.86","94.86","44060.96"
"04/03/2004","94.18","94.86","94.18","94.86","22122.7"
"05/03/2004","94.86","94.86","94.86","94.86","15370.1"
"08/03/2004","94.86","94.86","93.69","93.69","14734.8"
"10/03/2004","93.69","93.69","93.69","93.69","1024.67"
"11/03/2004","93.69","93.69","93.69","93.69","153.7"
"15/03/2004","93.69","93.69","93.69","93.69","932.45"
"16/03/2004","92.22","92.22","92.22","92.22","819.74"
"18/03/2004","92.42","93.69","92.42","93.69","1741.94"
"19/03/2004","93.69","93.69","92.42","92.42","4108.94"
"22/03/2004","94.66","94.66","94.66","94.66","235.67"
"24/03/2004","91.83","91.83","91.83","91.83","133.21"
"25/03/2004","92.03","92.71","92.03","92.71","1639.48"
"26/03/2004","91.74","93.69","91.74","93.69","25729.55"
"31/03/2004","92.71","93.69","92.71","93.69","4682.76"
"01/04/2004","93.98","93.98","93.98","93.98","65476.63"
"02/04/2004","93.98","94.66","93.98","94.66","3617.1"
"07/04/2004","94.18","94.57","94.18","94.57","17327.23"
"09/04/2004","94.57","94.57","94.18","94.18","922.21"
"13/04/2004","94.18","94.18","94.18","94.18","8771.2"
"14/04/2004","94.18","94.18","94.18","94.18","963.19"
"15/04/2004","94.18","94.66","94.18","94.27","6199.27"
"16/04/2004","94.57","94.66","94.57","94.66","3801.54"
"19/04/2004","94.66","94.66","94.66","94.66","2274.78"
"20/04/2004","94.47","94.47","94.47","94.47","983.69"
"21/04/2004","94.47","94.66","94.47","94.66","6619.39"
"22/04/2004","94.66","94.66","94.66","94.66","3760.55"
"23/04/2004","94.66","94.66","94.66","94.66","2571.93"
"26/04/2004","94.66","94.66","93.88","93.88","686.53"
"28/04/2004","94.66","94.66","94.66","94.66","4385.6"
"30/04/2004","94.76","94.96","94.76","94.96","19468.8"
"04/05/2004","94.76","94.96","94.76","94.96","1045.17"
"05/05/2004","94.96","95.64","94.96","95.15","22768.24"
"06/05/2004","95.15","96.23","95.15","96.23","2418.23"
"07/05/2004","97.59","97.59","96.23","97.59","10861.54"
"10/05/2004","97.59","97.59","97.1","97.1","4529.06"
"11/05/2004","95.64","95.64","95.15","95.45","6219.77"
"12/05/2004","95.15","95.15","95.15","95.15","204.93"
"13/05/2004","94.96","94.96","94.96","94.96","11373.88"
"14/05/2004","94.96","94.96","94.96","94.96","3278.96"
"18/05/2004","92.71","92.71","92.71","92.71","6148.04"
"19/05/2004","92.71","93.59","92.71","93.59","3975.73"
"20/05/2004","95.15","95.15","95.15","95.15","3084.27"
"21/05/2004","95.15","95.15","95.05","95.05","13730.62"
"24/05/2004","94.66","94.66","93.69","93.69","6148.04"
"25/05/2004","94.18","94.18","94.18","94.18","6301.74"
"26/05/2004","94.18","94.18","94.18","94.18","1055.41"
"27/05/2004","94.27","94.27","94.27","94.27","1537.01"
"28/05/2004","94.27","94.27","94.27","94.27","8791.7"
"31/05/2004","94.27","95.15","94.27","95.15","15113.93"
"01/06/2004","94.18","94.18","94.18","94.18","4611.03"
"02/06/2004","94.27","95.15","94.27","94.66","7008.77"
"07/06/2004","95.64","95.64","95.45","95.64","4590.54"
"09/06/2004","94.86","95.64","94.86","95.64","12808.42"
"11/06/2004","94.66","94.66","94.66","94.66","256.17"
"14/06/2004","95.15","95.15","94.76","94.76","614.8"
"15/06/2004","95.15","97.1","95.15","97.1","5635.7"
"16/06/2004","95.15","95.15","94.86","94.86","15359.86"
"17/06/2004","94.76","94.76","94.76","94.76","12808.42"
"18/06/2004","94.66","94.76","94.66","94.76","21589.87"
"21/06/2004","94.66","94.66","94.66","94.66","819.74"
"22/06/2004","94.66","94.66","94.66","94.66","5123.37"
"23/06/2004","94.66","94.66","94.66","94.66","9181.07"
"24/06/2004","94.66","94.66","94.66","94.66","2059.59"
"28/06/2004","89.2","89.3","89.2","89.3","10390.19"
"29/06/2004","89.88","90.37","89.88","90.37","2254.28"
"30/06/2004","91.74","91.74","91.74","91.74","2510.45"
"02/07/2004","93.79","93.79","91.83","91.83","31775.12"
"06/07/2004","90.76","90.76","90.76","90.76","1567.75"
"08/07/2004","90.86","90.86","90.86","90.86","3545.37"
"09/07/2004","91.25","91.25","91.25","91.25","4067.95"
"12/07/2004","94.18","94.18","90.76","90.76","6096.81"
"13/07/2004","89.88","89.88","89.88","89.88","2049.35"
"14/07/2004","89.88","91.74","89.88","91.74","8115.41"
"15/07/2004","91.74","92.61","90.76","90.76","36170.97"
"19/07/2004","90.76","90.76","90.76","90.76","3473.64"
"20/07/2004","90.76","90.76","90.76","90.76","3053.53"
"21/07/2004","89.78","90.76","89.78","90.76","42021.86"
"22/07/2004","89.88","90.76","89.88","90.76","28260.49"
"23/07/2004","90.76","91.74","90.76","91.74","1639.48"
"27/07/2004","91.25","91.25","91.25","91.25","102.47"
"28/07/2004","91.74","91.74","91.74","91.74","563.57"
"29/07/2004","89.1","89.78","89.1","89.78","59625.75"
"02/08/2004","89.78","90.76","89.78","90.76","901.71"
"03/08/2004","89.78","90.57","89.78","90.57","4897.94"
"05/08/2004","90.57","90.57","89.88","89.88","2510.45"
"06/08/2004","89.88","90.76","89.88","90.76","9816.37"
"10/08/2004","90.66","90.66","90.27","90.27","2664.15"
"11/08/2004","90.66","92.71","90.66","92.71","45054.89"
"12/08/2004","91.05","91.25","91.05","91.25","15984.91"
"13/08/2004","91.05","91.54","91.05","91.54","21323.45"
"16/08/2004","91.54","91.54","91.54","91.54","1024.67"
"17/08/2004","91.25","92.22","91.25","92.22","17931.78"
"18/08/2004","91.74","91.74","91.74","91.74","14724.56"
"19/08/2004","91.35","91.93","91.35","91.93","1147.63"
"23/08/2004","92.03","92.03","92.03","92.03","20657.42"
"24/08/2004","92.22","92.22","92.22","92.22","204.93"
"25/08/2004","91.74","92.22","91.74","92.22","348.39"
"26/08/2004","91.93","92.71","91.93","92.71","16640.7"
"27/08/2004","92.22","92.71","92.22","92.71","33035.47"
"30/08/2004","92.71","92.71","92.71","92.71","184.44"
"31/08/2004","91.83","92.61","91.83","92.61","14447.9"
"01/09/2004","91.83","92.61","91.83","92.61","225.43"
"02/09/2004","91.83","92.61","91.83","92.61","6588.65"
"03/09/2004","92.61","92.61","92.22","92.52","7439.13"
"08/09/2004","92.22","92.22","91.83","91.93","34521.25"
"09/09/2004","92.03","92.03","92.03","92.03","7685.05"
"10/09/2004","92.03","92.03","91.74","91.74","2725.63"
"13/09/2004","91.93","91.93","91.74","91.74","13904.82"
"14/09/2004","92.03","92.61","92.03","92.52","6516.92"
"15/09/2004","92.03","92.03","92.03","92.03","1086.15"
"17/09/2004","92.03","93.01","92.03","92.71","66029.96"
"20/09/2004","92.71","94.66","92.71","94.66","4867.2"
"21/09/2004","94.66","94.66","92.71","92.71","10052.05"
"22/09/2004","92.71","92.71","92.71","92.71","13863.83"
"23/09/2004","91.93","91.93","91.74","91.74","10748.82"
"24/09/2004","89.78","91.25","89.78","91.25","11742.76"
"27/09/2004","91.25","91.25","91.25","91.25","10195.5"
"28/09/2004","89.3","89.78","89","89.78","10759.07"
"29/09/2004","91.74","91.74","91.74","91.74","1024.67"
"30/09/2004","91.25","91.25","90.76","90.76","13126.07"
"01/10/2004","89.39","89.78","89.39","89.78","12296.08"
"04/10/2004","89.78","89.78","88.81","88.81","17952.28"
"05/10/2004","87.83","89.59","87.83","89.59","7213.7"
"06/10/2004","89.3","89.3","89.3","89.3","3074.02"
"07/10/2004","89.59","89.59","89.59","89.59","1024.67"
"08/10/2004","89.3","89.3","89.3","89.3","4098.69"
"11/10/2004","88.81","89.69","88.81","89.69","9847.11"
"12/10/2004","89.69","89.69","89.69","89.69","645.54"
"13/10/2004","89.3","89.3","89.3","89.3","4303.63"
"14/10/2004","89.3","89.3","84.03","84.03","7090.74"
"15/10/2004","84.91","85.1","84.91","85.1","14468.39"
"19/10/2004","85.98","85.98","85.3","85.3","31764.88"
"20/10/2004","85.39","85.39","85.1","85.1","8812.19"
"21/10/2004","85.1","85.1","85.1","85.1","2336.26"
"22/10/2004","82.95","82.95","81","81","27717.42"
"26/10/2004","81","81","80.03","80.03","12296.08"
"27/10/2004","80.51","81","80.51","81","11056.23"
"28/10/2004","80.51","80.51","77.1","77.98","36099.24"
"29/10/2004","78.07","78.07","78.07","78.07","26108.68"
"01/11/2004","81","82.76","81","82.76","8197.39"
"02/11/2004","82.76","82.95","82.76","82.76","11015.24"
"03/11/2004","82.76","82.76","82.76","82.76","4098.69"
"04/11/2004","78.76","79.15","78.76","79.15","2776.86"
"05/11/2004","82.66","82.66","80.03","80.03","471.35"
"09/11/2004","81","81","81","81","614.8"
"10/11/2004","81.49","81.49","81.49","81.49","1024.67"
"11/11/2004","81.49","81.49","81.49","81.49","6660.38"
"12/11/2004","81.49","81.49","81.49","81.49","13156.81"
"16/11/2004","80.03","80.51","80.03","80.51","6588.65"
"17/11/2004","80.61","80.61","80.03","80.03","18444.12"
"19/11/2004","80.51","80.51","80.03","80.03","25719.3"
"22/11/2004","78.56","78.56","78.07","78.07","45085.63"
"23/11/2004","78.56","78.56","78.07","78.07","30740.2"
"24/11/2004","80.51","80.51","78.56","78.56","10656.6"
"25/11/2004","78.66","79.54","78.56","79.54","29203.19"
"26/11/2004","78.66","80.51","78.66","80.51","7008.77"
"29/11/2004","79.64","79.64","79.64","79.64","184.44"
"30/11/2004","80.03","81","80.03","81","7428.88"
"01/12/2004","81","81.98","81","81.98","5174.6"
"02/12/2004","82.95","82.95","82.95","82.95","4877.45"
"03/12/2004","83.54","83.54","82.95","83.44","17860.06"
"06/12/2004","83.93","83.93","83.93","83.93","2869.09"
"07/12/2004","83.25","85.39","83.25","84.71","31949.32"
"08/12/2004","85.2","85.39","85.2","85.39","23362.55"
"09/12/2004","85.39","85.88","85.39","85.88","2500.2"
"10/12/2004","87.34","90.96","87.34","87.93","71952.57"
"13/12/2004","92.71","92.71","89.78","89.98","43794.54"
"14/12/2004","89.98","89.98","89.78","89.78","12326.82"
"15/12/2004","87.83","89.98","87.83","87.83","11988.68"
"16/12/2004","90.27","90.27","89.69","89.69","11916.95"
"17/12/2004","87.83","89.78","87.83","89.78","21098.03"
"20/12/2004","89.78","89.78","89","89","10656.6"
"21/12/2004","88.61","89.78","88.61","89.78","47339.91"
"22/12/2004","89.3","90.47","89.3","90.47","23547"
"23/12/2004","90.47","90.47","89.3","89.59","37697.74"
"24/12/2004","89.78","91.74","89.78","91.74","67392.77"
"27/12/2004","91.74","91.74","91.74","91.74","187443.51"
"28/12/2004","91.74","94.66","91.74","94.66","132510.77"
"29/12/2004","92.71","92.71","92.71","92.71","307.4"
"30/12/2004","93.2","93.2","92.71","92.71","58457.62"
"31/12/2004","92.71","92.71","92.71","92.71","12931.38"
"04/01/2005","92.71","92.71","92.71","92.71","7572.34"
"05/01/2005","92.71","92.71","92.71","92.71","15523.8"
"06/01/2005","92.61","92.71","92.61","92.71","35484.44"
"07/01/2005","92.71","92.71","92.71","92.71","29479.86"
"12/01/2005","92.71","92.71","92.61","92.71","64390.48"
"13/01/2005","92.71","92.71","92.71","92.71","31682.9"
"14/01/2005","92.71","92.71","92.52","92.71","29428.62"
"17/01/2005","92.71","92.71","92.71","92.71","43364.18"
"18/01/2005","92.71","92.71","92.71","92.71","2254.28"
"19/01/2005","92.71","93.69","92.71","93.69","11773.5"
"20/01/2005","93.69","93.69","93.69","93.69","4088.45"
"24/01/2005","93.69","95.15","93.69","95.15","13894.57"
"25/01/2005","95.15","95.15","95.15","95.15","10769.32"
"26/01/2005","95.15","95.15","95.15","95.15","3514.63"
"27/01/2005","95.15","95.64","95.15","95.64","26897.68"
"28/01/2005","95.64","95.64","95.64","95.64","83510.88"
"31/01/2005","95.64","95.93","95.64","95.93","27205.08"
"01/02/2005","93.69","95.93","93.69","95.93","37615.76"
"02/02/2005","95.93","96.13","95.64","95.93","24489.7"
"03/02/2005","96.52","97.59","96.52","97.59","15472.57"
"04/02/2005","97.59","97.59","97.59","97.59","26641.51"
"07/02/2005","97.59","97.59","97.59","97.59","840.23"
"08/02/2005","95.64","95.64","95.64","95.64","53283.02"
"09/02/2005","95.74","96.62","95.74","96.62","30309.84"
"11/02/2005","97.1","97.59","95.84","97.1","23587.98"
"16/02/2005","97.01","97.1","97.01","97.1","32820.29"
"17/02/2005","96.62","97.1","96.62","97.1","10789.81"
"18/02/2005","95.64","95.64","95.64","95.64","7685.05"
"21/02/2005","96.62","96.62","96.62","96.62","16394.78"
"22/02/2005","96.13","96.13","96.13","96.13","4098.69"
"23/02/2005","95.64","95.64","95.64","95.64","2561.68"
"24/02/2005","93.69","93.69","93.69","93.69","11865.72"
"25/02/2005","94.18","96.13","94.18","96.13","42800.61"
"28/02/2005","96.13","96.13","95.64","95.64","25186.47"
"01/03/2005","95.64","96.62","95.64","96.62","1629.23"
"02/03/2005","93.69","93.69","93.69","93.69","51.23"
"03/03/2005","95.64","95.64","95.64","95.64","9017.13"
"04/03/2005","95.64","95.64","95.64","95.64","14478.64"
"07/03/2005","93.69","93.69","93.69","93.69","1024.67"
"09/03/2005","93.69","93.69","92.71","92.71","4764.73"
"10/03/2005","92.81","92.81","92.81","92.81","358.64"
"11/03/2005","94.66","94.66","94.66","94.66","8556.02"
"14/03/2005","94.66","94.66","94.66","94.66","204.93"
"15/03/2005","95.64","95.64","95.64","95.64","7787.52"
"16/03/2005","93.88","93.88","93.88","93.88","5123.37"
"17/03/2005","93.79","96.52","93.79","96.52","17962.52"
"18/03/2005","96.42","96.42","96.42","96.42","6148.04"
"21/03/2005","95.64","95.64","95.64","95.64","440.61"
"23/03/2005","96.42","96.42","96.42","96.42","512.34"
"24/03/2005","96.13","96.13","96.03","96.03","2407.98"
"25/03/2005","96.23","97.2","96.23","96.62","63857.65"
"28/03/2005","95.64","97.1","95.64","97.1","5830.39"
"29/03/2005","97.1","97.4","97.1","97.4","21446.42"
"30/03/2005","95.64","95.64","95.64","95.64","4672.51"
"31/03/2005","95.64","95.74","95.64","95.74","16691.93"
"01/04/2005","95.74","95.74","95.74","95.74","5400.03"
"04/04/2005","95.74","96.13","95.74","95.74","5020.9"
"05/04/2005","95.15","95.15","95.15","95.15","7172.71"
"06/04/2005","95.25","95.64","95.25","95.54","3268.71"
"07/04/2005","95.15","95.15","95.15","95.15","1024.67"
"08/04/2005","95.15","95.15","95.15","95.15","2049.35"
"11/04/2005","95.15","95.15","95.15","95.15","512.34"
"12/04/2005","95.54","95.54","95.54","95.54","4047.46"
"13/04/2005","95.64","95.64","95.15","95.15","7275.18"
"14/04/2005","95.15","95.64","95.15","95.64","18649.06"
"15/04/2005","95.15","95.15","95.15","95.15","3996.23"
"18/04/2005","95.15","95.15","95.15","95.15","6311.99"
"19/04/2005","95.15","96.62","95.15","96.62","23997.85"
"20/04/2005","96.03","96.81","96.03","96.81","9631.93"
"25/04/2005","95.64","97.01","95.64","97.01","248995.65"
"26/04/2005","97.01","97.49","97.01","97.1","25155.73"
"27/04/2005","97.1","97.4","97.1","97.3","6527.17"
"28/04/2005","96.13","97.69","96.13","97.69","79576.14"
"29/04/2005","96.23","98.08","96.23","97.59","39849.55"
"02/05/2005","97.59","97.59","97.59","97.59","18239.19"
"03/05/2005","97.59","97.59","97.59","97.59","46130.8"
"04/05/2005","96.71","97.59","96.71","97.59","2397.74"
"05/05/2005","98.08","98.08","98.08","98.08","3074.02"
"06/05/2005","98.08","99.54","98.08","99.54","28414.19"
"09/05/2005","99.54","99.54","98.08","98.08","21302.96"
"10/05/2005","99.54","99.54","99.54","99.54","2233.79"
"12/05/2005","98.57","98.57","98.57","98.57","20831.61"
"13/05/2005","99.35","99.54","98.08","98.08","43630.6"
"16/05/2005","98.08","98.08","98.08","98.08","11107.46"
"17/05/2005","98.08","98.08","98.08","98.08","6455.44"
"18/05/2005","98.08","98.08","98.08","98.08","11527.58"
"19/05/2005","98.08","98.57","98.08","98.57","3074.02"
"20/05/2005","98.08","98.08","98.08","98.08","430.36"
"23/05/2005","99.54","99.54","99.54","99.54","512.34"
"24/05/2005","98.57","99.54","98.57","99.54","28598.64"
"25/05/2005","98.57","99.54","98.57","99.54","20093.85"
"26/05/2005","98.18","99.54","98.18","99.54","17194.02"
"27/05/2005","99.54","99.54","99.54","99.54","12910.88"
"31/05/2005","99.54","101.01","99.54","101.01","16568.97"
"01/06/2005","101.01","101.01","101.01","101.01","18269.93"
"02/06/2005","99.54","100.03","99.54","100.03","61951.76"
"03/06/2005","99.64","99.64","99.64","99.64","11476.34"
"06/06/2005","99.64","99.64","99.64","99.64","39429.43"
"08/06/2005","99.74","99.74","99.64","99.74","7674.8"
"13/06/2005","99.74","100.03","99.54","99.54","38425.25"
"14/06/2005","99.64","100.03","99.54","100.03","16466.5"
"15/06/2005","100.03","100.03","100.03","100.03","5123.37"
"16/06/2005","100.03","100.52","100.03","100.03","20759.88"
"17/06/2005","100.91","101.01","99.54","99.54","2162.06"
"20/06/2005","99.54","100.52","99.54","99.54","7541.6"
"23/06/2005","99.64","99.64","99.64","99.64","3371.18"
"24/06/2005","99.64","100.03","99.64","100.03","5533.24"
"28/06/2005","99.54","99.54","99.54","99.54","4129.43"
"30/06/2005","100.03","100.52","100.03","100.52","103553.5"
"01/07/2005","100.52","100.52","100.03","100.52","87568.59"
"04/07/2005","97.1","97.1","97.1","97.1","86113.56"
"07/07/2005","94.27","94.27","94.27","94.27","1332.08"
"13/07/2005","96.62","96.62","96.62","96.62","502.09"
"14/07/2005","95.64","95.64","95.64","95.64","1106.65"
"15/07/2005","97.59","97.59","97.59","97.59","204.93"
"18/07/2005","99.54","100.42","99.54","100.42","23874.89"
"19/07/2005","100.52","101.01","100.52","101.01","25002.03"
"20/07/2005","101.5","101.5","101.01","101.5","20749.64"
"21/07/2005","101.01","106.38","98.67","105.3","285094.89"
"22/07/2005","103.45","107.35","103.45","107.35","177237.76"
"25/07/2005","101.5","101.5","101.5","101.5","512.34"
"26/07/2005","102.08","102.47","102.08","102.47","7326.42"
"27/07/2005","102.47","102.67","101.98","102.47","7756.78"
"28/07/2005","102.47","107.35","102.47","107.35","176141.36"
"29/07/2005","106.38","106.38","106.38","106.38","9222.06"
"02/08/2005","100.03","102.47","100.03","102.47","3719.56"
"03/08/2005","102.08","102.47","102.08","102.47","5256.57"
"05/08/2005","102.96","105.4","102.96","105.4","1649.72"
"08/08/2005","105.4","105.4","105.4","105.4","819.74"
"09/08/2005","102.67","106.38","102.67","106.38","20524.21"
"10/08/2005","106.28","106.28","106.28","106.28","9836.86"
"12/08/2005","105.4","107.25","105.4","107.25","114763.43"
"15/08/2005","107.25","107.25","107.25","107.25","58918.72"
"16/08/2005","107.25","107.25","107.25","107.25","4098.69"
"18/08/2005","103.45","103.45","103.15","103.25","6988.27"
"19/08/2005","103.55","106.18","103.55","106.18","36673.06"
"22/08/2005","104.42","106.38","104.42","106.38","54410.16"
"23/08/2005","106.77","106.77","106.38","106.38","147481.25"
"24/08/2005","106.38","106.86","106.38","106.86","100418"
"25/08/2005","106.47","107.16","106.47","106.47","87240.7"
"26/08/2005","106.47","106.47","106.38","106.47","42052.6"
"29/08/2005","105.89","105.89","105.89","105.89","113738.75"
"30/08/2005","106.38","106.38","105.4","105.89","103778.93"
"31/08/2005","105.89","105.89","105.89","105.89","2049.35"
"01/09/2005","105.89","105.89","105.89","105.89","13484.7"
"02/09/2005","105.89","105.89","105.89","105.89","56869.38"
"05/09/2005","105.4","106.86","105.4","106.86","6414.46"
"06/09/2005","106.96","106.96","105.89","105.89","24438.46"
"07/09/2005","106.38","106.38","104.42","104.42","5891.87"
"08/09/2005","104.81","104.81","103.94","103.94","104004.35"
"09/09/2005","102.96","103.06","100.52","100.52","64554.43"
"12/09/2005","101.5","101.5","101.01","101.01","3299.45"
"13/09/2005","105.4","105.69","103.15","105.3","17091.55"
"14/09/2005","103.55","105.89","103.55","105.2","12716.2"
"15/09/2005","105.4","105.4","105.4","105.4","7797.76"
"16/09/2005","105.89","105.89","105.2","105.2","8678.98"
"19/09/2005","104.91","104.91","104.91","104.91","15411.09"
"20/09/2005","104.91","105.89","104.91","105.4","28383.45"
"21/09/2005","105.4","105.89","105.4","105.79","24325.75"
"22/09/2005","105.4","105.4","105.4","105.4","163.95"
"23/09/2005","107.84","107.84","104.91","104.91","62730.51"
"26/09/2005","104.91","107.35","104.91","107.35","69698.29"
"27/09/2005","107.35","107.35","105.4","105.4","11414.86"
"28/09/2005","105.79","105.79","105.4","105.4","12449.78"
"29/09/2005","105.89","105.89","105.4","105.4","9232.31"
"30/09/2005","107.06","107.06","105.01","105.01","7234.19"
"04/10/2005","106.77","107.35","106.77","107.35","133207.55"
"05/10/2005","105.4","107.35","105.4","107.35","120194.19"
"06/10/2005","106.38","107.35","106.08","107.35","36591.09"
"07/10/2005","107.35","107.35","107.35","107.35","4928.68"
"10/10/2005","107.35","108.72","107.35","108.33","55793.47"
"11/10/2005","108.82","108.82","108.82","108.82","102467.34"
"12/10/2005","108.82","108.82","107.94","108.33","7234.19"
"13/10/2005","108.62","109.99","108.62","109.99","9068.36"
"14/10/2005","109.99","113.21","109.99","113.21","208131.67"
"17/10/2005","115.16","115.16","113.69","115.16","53180.55"
"18/10/2005","115.16","115.65","115.16","115.16","7408.39"
"19/10/2005","115.65","115.65","115.16","115.16","21723.08"
"20/10/2005","115.16","115.16","113.69","114.18","64062.58"
"21/10/2005","113.79","113.79","112.23","112.23","7367.4"
"24/10/2005","111.35","112.23","111.35","112.23","3719.56"
"25/10/2005","111.25","113.69","111.25","113.21","19058.93"
"26/10/2005","114.18","114.18","114.18","114.18","5123.37"
"28/10/2005","112.23","114.18","112.23","114.09","4631.52"
"31/10/2005","113.21","116.13","113.21","116.13","128914.17"
"01/11/2005","116.62","117.11","116.62","117.11","518833.15"
"02/11/2005","118.09","121.99","118.09","120.04","114732.69"
"07/11/2005","116.13","119.06","116.13","119.06","47288.68"
"08/11/2005","119.06","119.06","119.06","119.06","1895.65"
"10/11/2005","119.06","119.06","116.23","116.23","8340.84"
"11/11/2005","119.06","119.06","116.33","116.33","20585.69"
"14/11/2005","116.72","120.04","116.72","119.06","208644.01"
"15/11/2005","119.06","121.99","119.06","121.99","308139.8"
"21/11/2005","119.55","119.55","118.87","118.87","21292.71"
"22/11/2005","119.06","121.79","119.06","121.79","63519.51"
"23/11/2005","121.01","121.01","121.01","121.01","36140.23"
"24/11/2005","121.01","121.01","119.65","119.65","758.26"
"25/11/2005","121.01","121.01","120.53","120.62","49153.58"
"28/11/2005","121.99","121.99","121.89","121.89","25094.25"
"29/11/2005","121.01","121.01","121.01","121.01","119886.79"
"30/11/2005","120.92","120.92","119.26","119.26","111996.81"
"01/12/2005","119.06","121.01","119.06","120.04","57935.04"
"02/12/2005","117.6","120.04","117.6","120.04","27532.98"
"05/12/2005","118.09","118.09","117.7","117.7","3586.36"
"06/12/2005","117.7","120.04","117.7","119.55","60148.33"
"07/12/2005","119.94","120.04","119.55","119.55","151743.89"
"08/12/2005","118.09","119.55","116.62","116.62","137962.03"
"09/12/2005","117.01","120.04","117.01","120.04","144017.85"
"12/12/2005","117.6","119.06","117.11","117.11","123319.45"
"13/12/2005","117.11","119.06","117.11","119.06","106125.43"
"14/12/2005","119.06","119.06","117.21","117.4","83193.24"
"15/12/2005","117.21","118.09","117.21","117.4","65814.78"
"16/12/2005","117.6","118.09","117.4","118.09","94536.37"
"19/12/2005","118.96","118.96","118.09","118.87","18269.93"
"20/12/2005","118.96","118.96","118.96","118.96","60506.97"
"21/12/2005","118.09","118.96","118.09","118.18","14007.29"
"22/12/2005","118.09","119.06","118.09","119.06","34234.34"
"23/12/2005","118.09","118.57","118.09","118.57","10830.8"
"26/12/2005","118.09","118.48","117.6","118.48","123657.59"
"27/12/2005","117.7","118.87","117.7","118.09","764816.26"
"28/12/2005","118.09","120.04","118.09","120.04","966543.72"
"29/12/2005","119.94","120.53","118.57","120.04","2092967.2"
"30/12/2005","118.57","121.01","118.57","120.92","1042185.1"
"02/01/2006","117.11","117.31","117.11","117.31","11117.71"
"03/01/2006","117.6","120.04","117.6","120.04","5574.22"
"04/01/2006","120.04","120.04","120.04","120.04","3155.99"
"05/01/2006","121.89","122.48","120.62","120.62","29039.24"
"06/01/2006","121.99","121.99","121.11","121.21","8289.61"
"09/01/2006","123.06","123.94","122.48","123.94","82465.72"
"10/01/2006","127.85","130.29","126.87","130.29","24315.5"
"13/01/2006","130.77","136.14","130.77","132.82","59379.83"
"16/01/2006","132.73","132.73","132.73","132.73","17931.78"
"17/01/2006","134.58","134.58","130.77","131.75","75293"
"18/01/2006","131.26","131.26","129.8","129.8","269858"
"19/01/2006","130.77","130.77","128.92","130.77","230633.5"
"20/01/2006","131.75","131.94","131.75","131.75","185547.87"
"23/01/2006","131.26","132.82","130.77","132.82","495511.58"
"24/01/2006","131.36","134.19","131.36","134.19","43999.48"
"25/01/2006","134.58","135.65","132.73","134.87","193263.66"
"26/01/2006","136.63","137.31","134.19","136.63","267450.01"
"27/01/2006","143.95","143.95","136.63","141.51","95397.1"
"30/01/2006","137.8","148.34","137.8","148.34","49204.82"
"01/02/2006","150.29","153.22","150.29","153.22","217784.09"
"02/02/2006","154.2","155.17","150.58","151.17","147419.77"
"03/02/2006","146.88","151.27","146.88","147.75","136117.62"
"06/02/2006","147.85","151.27","147.85","151.27","76543.11"
"07/02/2006","151.95","158.1","151.95","157.51","81164.38"
"08/02/2006","160.05","160.54","156.15","160.05","174481.39"
"09/02/2006","157.12","165.91","157.12","165.91","106125.43"
"10/02/2006","166.39","167.96","166.39","167.86","164419.1"
"13/02/2006","167.86","167.86","160.64","167.37","37789.96"
"14/02/2006","165.91","166.88","159.08","159.08","281826.18"
"15/02/2006","159.08","165.91","151.27","165.91","179174.4"
"16/02/2006","167.86","168.83","165.91","165.91","148475.18"
"17/02/2006","165.91","167.37","163.95","165.42","76604.59"
"20/02/2006","165.42","167.37","165.42","167.37","244446.1"
"21/02/2006","167.86","170.79","165.91","167.86","59943.4"
"22/02/2006","169.81","170.69","169.32","169.81","79432.68"
"23/02/2006","170.79","174.69","169.81","171.76","62720.26"
"24/02/2006","171.86","171.86","165.91","165.91","14663.08"
"27/02/2006","165.91","165.91","164.93","164.93","60722.15"
"28/02/2006","163.95","164.15","162.98","164.15","29910.22"
"01/03/2006","170.79","170.79","163.95","165.91","71860.35"
"02/03/2006","164.15","165.91","164.15","165.91","15185.66"
"03/03/2006","169.81","169.81","165.91","169.81","31221.8"
"06/03/2006","169.91","171.08","169.91","171.08","5164.35"
"07/03/2006","171.08","175.76","171.08","175.76","138474.37"
"08/03/2006","175.86","175.86","167.96","168.05","45895.12"
"09/03/2006","170.79","170.79","165.91","165.91","32553.88"
"10/03/2006","166","166.2","165.91","166","151170.07"
"13/03/2006","166.88","166.88","163.95","163.95","9314.28"
"14/03/2006","163.95","163.95","160.64","161.03","115275.76"
"15/03/2006","156.15","163.47","156.15","163.47","14724.56"
"16/03/2006","164.44","171.76","161.71","171.76","25299.19"
"17/03/2006","172.45","172.45","168.35","170.59","360244.44"
"20/03/2006","170.79","170.79","170.79","170.79","280606.82"
"21/03/2006","170.69","171.08","168.83","168.83","21241.48"
"22/03/2006","170.79","170.79","170.79","170.79","211082.73"
"23/03/2006","170.79","170.79","170.79","170.79","45843.89"
"24/03/2006","170.98","170.98","170.79","170.79","74186.36"
"27/03/2006","172.74","173.71","172.74","173.71","18567.08"
"28/03/2006","171.76","179.57","171.76","177.72","130358.95"
"29/03/2006","180.06","180.06","178.11","179.57","180147.84"
"30/03/2006","175.67","177.81","173.71","177.81","114199.85"
"31/03/2006","177.81","179.57","177.81","179.57","6189.03"
"03/04/2006","175.67","177.62","175.67","177.62","26385.34"
"04/04/2006","179.47","185.91","179.47","185.91","55496.31"
"05/04/2006","185.52","187.28","185.52","187.28","92066.91"
"06/04/2006","180.55","180.84","180.55","180.84","307.4"
"07/04/2006","183.47","183.47","180.84","180.84","173600.17"
"10/04/2006","180.84","182.99","180.84","182.99","24694.63"
"13/04/2006","185.42","185.42","185.42","185.42","45802.9"
"14/04/2006","176.64","180.55","176.64","179.57","41325.08"
"17/04/2006","175.67","175.67","175.67","175.67","6148.04"
"18/04/2006","175.67","176.93","175.67","176.93","69739.27"
"19/04/2006","179.47","180.55","179.47","180.55","23362.55"
"20/04/2006","178.79","183.47","178.79","183.47","6875.56"
"21/04/2006","181.03","185.42","181.03","185.42","46468.94"
"24/04/2006","185.42","187.38","185.42","187.38","158896.11"
"25/04/2006","185.42","190.21","185.42","189.72","2285.02"
"26/04/2006","189.23","190.3","189.23","190.3","40372.13"
"27/04/2006","198.11","198.11","193.23","195.18","19448.3"
"28/04/2006","194.99","194.99","193.23","193.23","9836.86"
"02/05/2006","188.45","192.26","188.45","190.3","48876.92"
"03/05/2006","193.23","193.23","193.23","193.23","11681.28"
"04/05/2006","193.23","197.14","193.23","197.14","47934.22"
"05/05/2006","196.16","204.94","196.16","201.04","49471.23"
"08/05/2006","204.94","212.26","204.94","212.26","557637.53"
"09/05/2006","212.26","216.65","212.26","214.7","278813.64"
"10/05/2006","214.51","214.51","202.89","202.89","133248.53"
"11/05/2006","202.89","202.89","195.28","195.28","20626.68"
"12/05/2006","200.06","203.87","199.09","199.09","50823.8"
"15/05/2006","203.97","203.97","196.16","196.16","284316.14"
"16/05/2006","190.3","195.18","190.3","191.28","65896.75"
"17/05/2006","199.09","199.09","189.91","190.3","113595.3"
"18/05/2006","190.4","190.4","185.91","185.91","47155.47"
"19/05/2006","185.42","185.42","174.79","184.94","97057.07"
"22/05/2006","174.69","177.62","173.91","175.67","160648.3"
"23/05/2006","166.88","170.79","165.13","165.91","408936.92"
"24/05/2006","166.39","175.86","166.39","169.81","504446.73"
"25/05/2006","170.3","170.79","165.91","165.91","16804.64"
"26/05/2006","173.71","173.71","164.93","165.91","94034.28"
"29/05/2006","166.88","166.88","156.24","164.93","13238.78"
"30/05/2006","164.44","164.93","163.95","164.93","14560.61"
"31/05/2006","165.13","173.71","165.13","170.79","146692.25"
"01/06/2006","173.71","174.1","173.62","173.71","34685.2"
"02/06/2006","176.15","180.55","173.71","173.71","43292.45"
"05/06/2006","178.5","178.5","178.5","178.5","1024.67"
"06/06/2006","173.23","174.49","170.79","172.25","23280.58"
"07/06/2006","165.42","167.37","165.42","165.91","7377.65"
"08/06/2006","165.52","165.52","162","163.17","17931.78"
"09/06/2006","162","162.1","156.15","156.15","76307.43"
"13/06/2006","153.51","153.71","149.32","152.24","87896.49"
"14/06/2006","152.24","159.08","152.24","156.24","21169.75"
"15/06/2006","158.1","162.1","158.1","162.1","28947.02"
"16/06/2006","165.91","166.88","163.95","166.88","19263.86"
"19/06/2006","167.86","167.86","162.3","166.39","22952.68"
"20/06/2006","165.91","166.88","162.2","166.88","38937.59"
"21/06/2006","164.25","168.25","164.25","168.25","2223.54"
"22/06/2006","163.47","163.47","163.47","163.47","1291.09"
"23/06/2006","163.47","167.37","163.47","163.47","38548.22"
"26/06/2006","163.76","163.76","163.76","163.76","3278.96"
"27/06/2006","165.91","166","165.91","166","27573.96"
"28/06/2006","168.83","168.83","166.88","168.83","39890.54"
"29/06/2006","169.81","174.01","169.81","174.01","88019.45"
"30/06/2006","175.67","179.57","175.67","179.57","40915.21"
"03/07/2006","178.11","178.59","175.67","177.72","229701.04"
"04/07/2006","179.67","183.47","179.67","183.47","69759.77"
"05/07/2006","187.38","190.3","185.42","185.42","89269.55"
"06/07/2006","185.42","187.38","185.42","187.38","36867.75"
"07/07/2006","188.35","188.35","185.42","187.38","62587.05"
"10/07/2006","185.42","187.38","180.64","180.64","23167.87"
"11/07/2006","178.59","178.79","178.59","178.79","16220.58"
"12/07/2006","183.47","183.47","179.57","179.57","19981.13"
"13/07/2006","180.55","180.74","180.55","180.55","35279.51"
"14/07/2006","185.33","185.33","181.72","181.72","34746.68"
"17/07/2006","181.72","181.72","181.72","181.72","9222.06"
"18/07/2006","181.62","181.72","178.4","181.72","7275.18"
"19/07/2006","180.55","181.42","179.08","179.08","4385.6"
"20/07/2006","179.08","179.08","179.08","179.08","55229.9"
"21/07/2006","179.08","179.08","178.59","179.08","16374.28"
"24/07/2006","177.13","177.13","177.13","177.13","1209.11"
"25/07/2006","175.67","178.11","175.67","178.11","5799.65"
"26/07/2006","175.67","176.15","175.67","176.15","19069.17"
"27/07/2006","175.76","176.25","175.76","176.25","36724.3"
"28/07/2006","176.25","177.13","176.25","177.13","14109.75"
"31/07/2006","176.64","176.64","175.67","175.67","8556.02"
"01/08/2006","175.67","175.67","175.67","175.67","102.47"
"02/08/2006","175.67","177.13","175.67","175.76","7193.21"
"03/08/2006","176.25","176.35","176.25","176.35","14611.84"
"07/08/2006","176.35","179.08","176.35","179.08","10134.02"
"08/08/2006","185.33","186.4","185.33","186.4","15872.19"
"09/08/2006","187.38","190.3","187.38","190.3","137931.29"
"10/08/2006","190.3","190.3","187.86","190.21","105971.73"
"11/08/2006","190.21","190.21","186.4","189.33","5133.61"
"15/08/2006","190.21","191.09","190.21","191.09","35361.48"
"16/08/2006","190.3","193.72","190.3","192.26","16138.61"
"17/08/2006","188.45","192.26","188.45","192.26","16794.4"
"18/08/2006","192.26","192.26","192.26","192.26","2592.42"
"22/08/2006","192.26","192.26","192.26","192.26","1946.88"
"23/08/2006","192.26","192.26","192.16","192.26","12501.02"
"24/08/2006","192.26","195.28","192.26","195.18","90857.79"
"25/08/2006","194.21","195.18","194.21","194.21","50977.5"
"28/08/2006","195.18","195.18","193.72","193.72","17163.28"
"29/08/2006","193.23","193.43","192.74","193.23","47657.56"
"30/08/2006","190.4","193.72","190.4","192.74","63857.65"
"31/08/2006","192.26","192.84","192.26","192.84","21846.04"
"01/09/2006","191.28","192.74","191.28","192.26","16077.13"
"04/09/2006","192.26","192.74","192.26","192.74","2705.14"
"05/09/2006","194.21","198.11","194.21","198.11","24315.5"
"06/09/2006","196.36","200.06","196.36","200.06","9457.74"
"07/09/2006","200.06","202.02","200.06","202.02","57935.04"
"08/09/2006","203.97","204.94","203.48","203.97","59133.9"
"11/09/2006","202.02","204.94","202.02","202.5","2674.4"
"12/09/2006","202.02","204.94","202.02","202.02","37390.33"
"13/09/2006","202.11","204.94","202.11","204.94","102979.68"
"14/09/2006","203.97","203.97","202.89","202.89","12378.06"
"15/09/2006","202.89","202.89","195.38","196.16","51059.48"
"18/09/2006","195.77","203.48","195.77","196.16","86021.34"
"19/09/2006","196.16","198.89","195.87","198.89","9519.22"
"20/09/2006","195.18","195.67","195.18","195.28","61531.64"
"21/09/2006","195.38","196.65","195.38","196.65","176879.13"
"22/09/2006","197.14","198.89","197.14","197.14","159008.82"
"25/09/2006","199.58","199.58","197.72","197.72","10256.98"
"26/09/2006","197.72","198.6","195.18","195.18","148833.82"
"27/09/2006","197.04","197.04","193.43","193.43","10902.52"
"28/09/2006","195.18","195.18","193.53","195.18","4856.95"
"29/09/2006","193.33","197.14","193.33","195.18","56715.68"
"02/10/2006","193.23","197.62","193.23","197.62","19427.81"
"03/10/2006","198.11","198.11","197.92","197.92","922.21"
"04/10/2006","198.11","198.11","197.62","197.62","20257.79"
"05/10/2006","197.92","197.92","193.23","193.23","34654.46"
"06/10/2006","193.33","197.62","193.23","193.23","4795.47"
"09/10/2006","195.18","195.18","195.18","195.18","1321.83"
"10/10/2006","192.26","196.65","192.26","193.23","47893.24"
"11/10/2006","195.18","195.18","192.74","192.84","5389.78"
"12/10/2006","192.84","194.21","191.48","191.57","11250.91"
"13/10/2006","190.3","190.4","190.21","190.21","14038.03"
"16/10/2006","185.42","185.42","182.5","184.45","63734.69"
"17/10/2006","184.55","190.3","184.45","190.3","33127.69"
"18/10/2006","190.21","190.3","190.21","190.21","7787.52"
"19/10/2006","190.3","190.3","190.3","190.3","57648.13"
"20/10/2006","194.21","194.21","190.3","190.3","21169.75"
"23/10/2006","194.11","194.11","190.3","193.72","47329.67"
"26/10/2006","191.38","194.01","191.38","191.96","143331.32"
"27/10/2006","193.23","193.23","192.16","192.35","105766.79"
"30/10/2006","192.94","198.11","192.74","198.11","278977.59"
"31/10/2006","200.16","202.5","200.06","200.26","82629.67"
"01/11/2006","201.04","201.04","195.18","195.18","30986.12"
"02/11/2006","196.16","196.16","195.18","196.16","91831.23"
"03/11/2006","195.18","207.87","195.18","207.87","605520.52"
"07/11/2006","207.87","212.75","206.02","212.75","94966.73"
"08/11/2006","209.82","211.29","209.82","209.82","42944.06"
"09/11/2006","200.65","209.82","200.65","202.11","178426.39"
"10/11/2006","201.04","201.04","195.18","197.14","105356.92"
"13/11/2006","201.04","203.19","201.04","202.99","5174.6"
"14/11/2006","203.97","209.82","203.97","204.94","60261.04"
"15/11/2006","201.04","204.75","201.04","201.04","40218.43"
"16/11/2006","200.65","201.04","198.01","198.01","16907.11"
"17/11/2006","198.31","200.06","198.11","200.06","13617.91"
"20/11/2006","197.14","200.06","197.14","200.06","8392.08"
"21/11/2006","198.11","200.06","198.11","200.06","56971.84"
"22/11/2006","200.16","204.94","200.16","200.36","23239.59"
"23/11/2006","200.06","205.43","200.06","202.11","36416.89"
"24/11/2006","200.06","214.21","200.06","214.21","439113.56"
"27/11/2006","214.7","219.58","214.21","219.58","267716.43"
"28/11/2006","219.58","219.58","209.82","209.82","11896.46"
"29/11/2006","214.51","214.51","204.94","209.92","29797.5"
"30/11/2006","210.02","214.02","210.02","211.77","31365.25"
"01/12/2006","211.77","212.75","211.77","212.75","1219.36"
"04/12/2006","214.51","217.14","214.02","217.14","20442.24"
"05/12/2006","217.14","219.48","217.14","217.14","4508.56"
"06/12/2006","218.61","222.51","218.61","222.51","429871"
"07/12/2006","220.66","228.37","220.66","228.37","51684.53"
"08/12/2006","225.44","231.49","225.44","231.2","73274.4"
"11/12/2006","231.29","231.29","224.46","231.29","427473.27"
"12/12/2006","233.25","238.12","233.25","237.15","45690.19"
"13/12/2006","243.49","251.3","239.1","243.98","61808.3"
"14/12/2006","244.96","244.96","229.34","229.44","57125.54"
"15/12/2006","224.95","225.05","224.46","224.95","96011.9"
"18/12/2006","224.46","228.85","221.05","228.85","5563.98"
"19/12/2006","234.22","234.22","228.85","228.85","409.87"
"20/12/2006","224.46","224.46","219.58","221.05","60363.51"
"21/12/2006","216.17","222.02","216.17","220.56","17603.89"
"22/12/2006","220.56","233.25","220.56","225.44","54092.51"
"25/12/2006","220.56","228.37","220.56","228.37","27389.52"
"26/12/2006","239.98","239.98","224.56","225.54","58826.5"
"27/12/2006","225.14","229.34","224.66","229.24","33517.07"
"28/12/2006","237.15","237.15","225.44","225.44","17112.05"
"29/12/2006","233.93","233.93","224.46","224.46","15400.84"
"02/01/2007","225.44","225.44","225.44","225.44","3545.37"
"03/01/2007","225.44","231.29","219.58","224.56","93368.24"
"04/01/2007","225.44","232.27","225.44","232.27","2992.05"
"05/01/2007","233.15","238.61","232.85","235.29","132131.64"
"08/01/2007","237.15","239.1","237.15","238.12","22163.69"
"09/01/2007","239.1","239.1","234.71","234.71","28567.9"
"10/01/2007","234.22","237.15","234.22","236.86","5143.86"
"12/01/2007","225.44","237.15","225.44","237.15","25155.73"
"15/01/2007","239.1","239.1","236.17","237.15","24120.81"
"16/01/2007","228.46","240.08","228.46","240.08","18843.74"
"17/01/2007","240.08","241.05","236.66","237.64","33271.15"
"18/01/2007","234.32","240.08","234.32","239.59","29736.02"
"19/01/2007","234.71","238.61","234.71","236.17","44255.65"
"22/01/2007","240.08","240.08","234.22","238.12","29387.63"
"23/01/2007","234.32","238.12","234.32","238.12","9765.14"
"24/01/2007","234.81","238.12","234.81","238.12","24694.63"
"25/01/2007","238.12","240.08","238.12","240.08","18228.94"
"26/01/2007","238.12","245.93","238.12","244.08","51366.88"
"29/01/2007","245.54","252.28","245.54","250.71","48067.43"
"30/01/2007","248.96","258.62","248.96","253.74","28168.27"
"31/01/2007","255.98","256.67","253.84","256.67","59830.68"
"01/02/2007","254.23","254.23","243.98","245.15","74268.33"
"02/02/2007","245.35","251.69","245.35","247.59","52340.32"
"05/02/2007","250.81","251.69","250.81","251.69","1024.67"
"06/02/2007","249.05","252.76","249.05","252.76","87865.75"
"07/02/2007","250.81","250.91","243.98","249.84","71020.12"
"08/02/2007","253.64","253.74","252.76","253.74","15923.42"
"09/02/2007","252.57","256.67","252.57","256.67","92159.13"
"12/02/2007","250.81","258.13","250.81","258.13","58047.75"
"13/02/2007","251.79","258.62","251.79","258.52","18239.19"
"14/02/2007","258.62","258.62","253.74","257.16","11753"
"15/02/2007","254.91","258.62","254.91","256.67","45065.14"
"16/02/2007","258.62","262.52","258.62","261.55","52422.29"
"19/02/2007","261.55","270.92","261.55","268.48","27543.22"
"20/02/2007","268.67","271.31","263.5","263.5","139181.39"
"21/02/2007","258.03","263.99","258.03","263.99","25299.19"
"22/02/2007","266.91","266.91","253.74","254.72","22553.06"
"23/02/2007","249.84","254.62","245.05","245.93","74032.66"
"26/02/2007","260.67","260.67","248.86","249.35","33045.72"
"27/02/2007","250.32","255.69","241.05","245.44","185086.76"
"28/02/2007","245.54","248.76","242.13","243.98","232611.12"
"01/03/2007","243.88","243.88","237.64","239.2","549573.35"
"02/03/2007","239.1","243.69","239.1","243.69","27410.02"
"05/03/2007","241.05","248.86","241.05","248.86","33967.92"
"06/03/2007","252.76","255.69","249.84","255.69","80549.58"
"07/03/2007","259.59","263.01","259.59","263.01","61541.89"
"08/03/2007","263.69","264.47","263.69","264.47","45095.88"
"09/03/2007","263.5","263.5","255.2","255.5","24510.19"
"12/03/2007","257.64","257.64","253.74","253.74","11496.84"
"13/03/2007","258.62","263.5","253.74","262.52","44204.41"
"14/03/2007","257.64","262.52","257.64","262.33","56746.42"
"15/03/2007","262.33","262.33","257.74","257.74","57617.39"
"16/03/2007","258.62","258.62","255.69","256.37","58898.23"
"19/03/2007","258.62","258.62","256.67","256.67","82107.08"
"20/03/2007","261.55","263.3","257.16","261.55","56797.65"
"21/03/2007","258.62","265.45","258.62","263.5","124016.23"
"22/03/2007","266.43","267.3","262.52","262.52","48241.63"
"23/03/2007","264.47","264.47","261.55","263.5","20667.66"
"26/03/2007","262.52","262.52","261.55","262.03","129672.42"
"27/03/2007","262.52","262.52","255.69","255.69","48723.22"
"28/03/2007","254.72","261.55","254.72","255.89","49102.35"
"29/03/2007","262.43","262.43","256.18","256.18","98624.82"
"30/03/2007","258.62","258.62","255.69","255.69","116904.99"
"03/04/2007","255.69","255.69","251.79","251.79","70989.38"
"04/04/2007","258.52","258.52","251.79","251.79","12511.26"
"05/04/2007","251.79","256.67","250.81","256.67","23680.2"
"06/04/2007","253.93","253.93","253.93","253.93","204.93"
"09/04/2007","253.74","253.74","251.79","253.74","21477.16"
"10/04/2007","253.74","258.62","253.74","258.62","55947.17"
"11/04/2007","258.62","260.47","256.67","258.62","11630.04"
"12/04/2007","259.59","261.35","258.62","261.35","64667.14"
"13/04/2007","261.35","265.35","261.35","264.47","100172.08"
"16/04/2007","263.5","267.4","263.21","264.96","73858.46"
"17/04/2007","264.96","266.43","264.96","265.06","26098.43"
"18/04/2007","264.96","267.3","264.96","266.43","30186.88"
"19/04/2007","263.11","266.43","263.11","265.45","5635.7"
"20/04/2007","265.94","266.43","265.94","266.33","62279.65"
"23/04/2007","268.38","282.24","268.38","282.24","189574.83"
"24/04/2007","299.12","299.12","294.73","299.12","347436.02"
"25/04/2007","299.61","301.56","283.5","301.56","283486.15"
"26/04/2007","302.54","306.44","301.07","302.54","139324.85"
"27/04/2007","301.66","303.51","301.56","303.51","24428.22"
"30/04/2007","300.58","303.51","300.58","302.54","22173.93"
"02/05/2007","302.54","310.83","300.58","310.83","96513.99"
"03/05/2007","316.98","318.15","311.32","311.32","30022.93"
"04/05/2007","311.32","311.32","306.44","308.29","43978.98"
"07/05/2007","309.37","311.81","307.42","311.81","102149.7"
"08/05/2007","311.32","320.1","310.34","312.29","202475.47"
"09/05/2007","310.34","312.29","293.75","301.56","139826.94"
"10/05/2007","301.56","301.56","283.5","283.5","135799.97"
"11/05/2007","266.52","282.04","266.52","267.5","446931.81"
"14/05/2007","262.23","262.52","253.93","255.69","205795.41"
"15/05/2007","245.93","271.01","245.93","260.67","359045.57"
"16/05/2007","273.75","275.7","268.38","268.38","442085.11"
"17/05/2007","273.55","279.02","268.38","269.45","461984.27"
"18/05/2007","273.26","273.26","269.35","272.28","90622.12"
"21/05/2007","275.7","278.14","271.31","278.14","67720.67"
"22/05/2007","278.14","278.14","273.26","277.65","52698.96"
"23/05/2007","276.58","276.58","262.03","268.38","62248.91"
"24/05/2007","263.99","267.6","263.99","265.74","69267.92"
"25/05/2007","268.38","268.38","263.6","263.89","43681.83"
"28/05/2007","263.89","267.4","263.5","265.84","10369.7"
"29/05/2007","263.5","263.5","261.55","263.5","28772.83"
"30/05/2007","267.89","267.89","263.5","267.7","9560.2"
"31/05/2007","267.89","280.97","267.89","280.97","126106.56"
"01/06/2007","274.23","281.07","274.23","278.14","20739.39"
"04/06/2007","270.43","273.26","270.43","273.26","8238.37"
"05/06/2007","273.65","277.16","273.65","277.06","39531.9"
"06/06/2007","277.06","279.11","276.97","278.14","169450.25"
"07/06/2007","278.14","278.14","271.4","271.4","250225.25"
"08/06/2007","276.19","276.19","270.33","273.26","9539.71"
"11/06/2007","273.84","273.84","273.84","273.84","102.47"
"12/06/2007","273.75","274.14","271.4","274.14","8976.14"
"13/06/2007","271.11","272.09","270.13","271.11","46960.78"
"14/06/2007","269.35","269.55","267.4","269.35","3863.02"
"15/06/2007","269.35","270.23","263.5","263.5","42370.25"
"18/06/2007","263.99","274.23","263.99","266.43","25760.29"
"19/06/2007","268.38","268.38","268.38","268.38","3842.53"
"20/06/2007","269.55","273.26","269.45","273.26","29274.92"
"21/06/2007","269.45","269.45","265.94","265.94","23731.44"
"22/06/2007","264.08","271.31","263.5","263.5","12910.88"
"25/06/2007","263.89","265.45","263.89","265.45","7685.05"
"26/06/2007","264.67","268.38","264.67","265.16","36601.34"
"27/06/2007","265.94","265.94","264.47","264.47","4826.21"
"28/06/2007","263.6","264.96","263.5","263.6","7828.51"
"29/06/2007","263.6","267.4","263.6","264.57","48999.88"
"02/07/2007","262.13","263.01","259.11","259.11","3196.98"
"03/07/2007","263.5","265.45","263.5","265.45","1680.46"
"04/07/2007","260.57","265.45","260.57","265.45","2807.61"
"05/07/2007","263.6","263.6","263.6","263.6","9867.61"
"06/07/2007","264.47","265.45","263.5","265.45","14242.96"
"09/07/2007","263.5","263.5","263.5","263.5","1311.58"
"10/07/2007","263.5","263.5","261.25","263.5","7295.67"
"11/07/2007","263.5","264.96","263.5","264.96","3412.16"
"12/07/2007","263.6","266.43","263.6","266.43","14027.78"
"13/07/2007","266.43","273.26","266.43","273.16","55014.72"
"16/07/2007","273.26","273.26","272.28","273.26","36140.23"
"17/07/2007","273.26","273.26","273.16","273.26","54399.91"
"18/07/2007","267.89","273.26","267.89","273.26","26344.35"
"19/07/2007","268.57","270.43","268.57","270.43","3606.85"
"20/07/2007","268.96","269.45","268.96","269.45","2592.42"
"23/07/2007","269.35","270.33","269.35","270.33","13474.46"
"24/07/2007","269.35","270.33","268.48","270.33","31180.81"
"25/07/2007","268.48","272.28","268.48","272.28","3330.19"
"26/07/2007","269.45","276.19","269.45","276.19","19561.02"
"27/07/2007","274.33","277.16","274.33","275.7","21477.16"
"31/07/2007","271.4","279.02","271.4","279.02","63099.39"
"01/08/2007","277.65","284.87","277.65","283.02","26969.4"
"02/08/2007","286.04","289.85","286.04","289.85","66829.2"
"03/08/2007","289.95","294.73","289.95","293.26","189646.56"
"06/08/2007","289.85","294.73","289.85","294.73","25924.24"
"07/08/2007","294.44","296.19","294.34","296.19","15779.97"
"08/08/2007","290.92","295.7","290.92","295.61","30238.11"
"09/08/2007","297.66","302.54","297.66","301.56","45526.24"
"10/08/2007","297.75","307.42","297.75","304.78","18433.88"
"13/08/2007","295.7","306.44","295.7","306.34","16179.59"
"15/08/2007","306.93","306.93","299.61","303.02","40310.65"
"16/08/2007","302.54","302.54","296.68","296.68","45229.09"
"17/08/2007","295.7","295.7","294.83","294.83","266.42"
"22/08/2007","292.78","295.7","292.78","292.97","24438.46"
"23/08/2007","292.78","293.85","292.78","293.85","36816.52"
"24/08/2007","294.24","302.34","294.24","302.34","47104.24"
"27/08/2007","302.54","302.54","300.58","300.58","21005.81"
"28/08/2007","300.58","301.17","300.58","301.07","20544.7"
"29/08/2007","300.58","303.02","300.58","302.54","162257.04"
"30/08/2007","301.56","302.54","301.56","302.54","84433.09"
"31/08/2007","304.98","306.93","301.07","306.93","61162.76"
"03/09/2007","302.54","307.42","302.54","307.42","40700.03"
"04/09/2007","312.29","315.22","307.51","315.22","135092.95"
"05/09/2007","315.81","331.91","315.81","331.91","124661.77"
"06/09/2007","351.33","351.33","312","315.32","233656.28"
"07/09/2007","305.46","326.84","305.46","312.29","462455.62"
"10/09/2007","312.78","325.37","312.78","315.32","10912.77"
"11/09/2007","310.34","317.17","305.46","305.66","15083.19"
"12/09/2007","300.68","308.39","300.68","302.54","45372.54"
"13/09/2007","310.34","310.34","301.56","302.54","1926.39"
"14/09/2007","301.17","303.9","301.17","303.9","5492.25"
"17/09/2007","304.49","304.49","303.71","303.71","13546.18"
"18/09/2007","309.85","309.85","292.87","303.02","114947.87"
"19/09/2007","297.85","302.54","297.75","300.58","70179.88"
"20/09/2007","303.61","303.61","302.54","303.61","46489.43"
"21/09/2007","302.54","302.54","302.54","302.54","70261.86"
"24/09/2007","302.73","303.51","302.73","302.73","21466.91"
"25/09/2007","298.63","304.49","298.63","304.49","14017.53"
"26/09/2007","302.54","306.44","300.58","301.17","54666.33"
"27/09/2007","302.24","315.22","302.24","312.29","53446.97"
"28/09/2007","313.66","314.25","312.29","314.15","116966.47"
"01/10/2007","317.08","317.08","312.29","316.88","31652.16"
"02/10/2007","306.44","315.12","306.44","313.76","23208.85"
"03/10/2007","308.39","312.78","307.42","312.2","23065.4"
"04/10/2007","307.51","314.25","307.51","314.15","69985.2"
"05/10/2007","308.39","308.59","308.39","308.59","450.86"
"08/10/2007","307.42","314.25","307.42","314.15","12009.17"
"09/10/2007","315.71","317.17","315.71","317.17","52739.94"
"10/10/2007","312.29","317.17","312.29","316.2","53405.98"
"11/10/2007","318.93","318.93","316.2","318.93","162923.08"
"12/10/2007","312.39","318.15","312.39","314.25","8074.43"
"15/10/2007","317.17","317.17","314.25","314.25","50311.47"
"16/10/2007","314.44","315.22","314.25","314.25","10800.06"
"17/10/2007","312.29","319.13","312.29","318.15","42739.13"
"18/10/2007","312.29","318.15","312.29","317.66","20196.31"
"19/10/2007","317.17","317.56","316.98","316.98","22122.7"
"22/10/2007","314.34","314.73","314.25","314.25","21169.75"
"23/10/2007","315.22","315.22","312.49","312.59","22594.05"
"24/10/2007","314.73","314.73","314.25","314.25","24909.81"
"25/10/2007","316.69","318.15","313.86","313.86","35402.47"
"26/10/2007","315.22","315.22","312.29","312.29","1333899.4"
"29/10/2007","309.37","312.29","309.37","311.81","22132.95"
"30/10/2007","315.22","315.22","309.95","309.95","33435.09"
"31/10/2007","308.98","309.07","302.34","302.34","18064.99"
"01/11/2007","297.75","308.39","296.68","302.54","97231.26"
"02/11/2007","308.39","312.29","308.39","312.29","29858.98"
"05/11/2007","312.39","313.27","312.29","312.29","54707.32"
"07/11/2007","306.44","307.42","304.49","307.42","4795.47"
"08/11/2007","307.42","310.83","307.42","310.83","32092.77"
"09/11/2007","305.17","310.34","305.17","307.32","27287.05"
"14/11/2007","300.58","316.69","288.97","316.69","2931437"
"15/11/2007","316.98","316.98","311.51","315.12","39747.08"
"16/11/2007","312.29","313.17","310.83","312.29","83808.04"
"19/11/2007","307.42","312.2","307.42","308.98","3811.79"
"20/11/2007","311.81","313.27","311.81","313.27","38005.14"
"21/11/2007","312.29","312.29","309.37","309.37","20995.56"
"22/11/2007","307.42","308","307.42","307.42","25791.03"
"23/11/2007","311.81","311.81","304.49","307.51","14191.73"
"26/11/2007","302.54","306.44","299.71","302.54","93450.22"
"27/11/2007","300.58","302.83","300.49","302.54","183662.47"
"28/11/2007","301.56","304.98","301.56","302.54","66839.45"
"29/11/2007","302.73","306.44","301.56","304.98","36529.61"
"30/11/2007","305.95","305.95","303.02","305.85","38097.36"
"03/12/2007","302.73","304.98","302.54","304.98","60629.93"
"04/12/2007","297.66","304.29","295.8","297.75","87517.36"
"05/12/2007","297.75","301.27","297.66","301.27","112878.03"
"06/12/2007","299.61","302.54","295.22","302.54","58672.8"
"07/12/2007","302.54","304.29","297.75","297.75","109107.23"
"10/12/2007","292.87","299.61","292.87","299.61","93040.35"
"11/12/2007","299.61","302.54","299.61","299.61","166786.1"
"12/12/2007","299.61","300.1","294.73","297.66","181695.09"
"13/12/2007","296.19","297.66","294.24","294.24","74196.6"
"14/12/2007","295.22","298.53","292.78","292.78","48046.94"
"17/12/2007","294.83","294.83","292.97","293.75","1200702.1"
"18/12/2007","293.75","298.83","293.75","298.83","233533.32"
"19/12/2007","297.17","301.56","297.17","300.58","301202.76"
"20/12/2007","301.56","301.56","296.19","296.19","311562.21"
"24/12/2007","294.73","302.34","292.87","293.26","883668.13"
"25/12/2007","292.97","297.66","292.78","293.26","624128.59"
"26/12/2007","292.78","296.68","292.78","295.7","1397511.1"
"27/12/2007","294.24","298.63","294.24","298.63","427708.94"
"28/12/2007","298.63","300.58","296.68","299.61","538486.39"
"31/12/2007","301.56","302.54","299.61","300.58","146671.76"
"02/01/2008","302.54","312.2","302.54","312.2","9365.52"
"03/01/2008","313.37","317.17","312.39","315.22","18772.02"
"04/01/2008","316.49","316.59","315.22","316.2","58652.31"
"07/01/2008","316.39","317.17","314.25","315.71","23874.89"
"08/01/2008","316.59","316.59","312.29","316.1","57463.69"
"09/01/2008","317.17","325.96","317.17","325.96","87794.02"
"14/01/2008","326.93","326.93","319.13","319.42","25852.51"
"15/01/2008","319.13","321.57","319.13","321.57","74688.45"
"16/01/2008","318.35","321.96","318.35","321.96","14765.54"
"17/01/2008","322.05","328.4","322.05","326.93","189646.56"
"18/01/2008","329.86","329.86","327.13","329.37","25165.98"
"21/01/2008","329.18","329.18","323.22","326.74","99301.1"
"22/01/2008","320","320","312.29","317.95","206236.02"
"23/01/2008","318.15","324.01","318.15","319.22","42411.23"
"24/01/2008","320.1","322.05","319.42","322.05","41622.24"
"25/01/2008","322.05","323.81","322.05","322.15","36160.73"
"28/01/2008","322.05","322.05","321.08","321.08","24571.67"
"29/01/2008","321.96","322.05","319.13","321.86","30022.93"
"30/01/2008","318.64","322.05","318.64","321.86","47401.39"
"31/01/2008","319.42","320.59","319.42","320.59","17173.53"
"01/02/2008","320.69","321.96","320.69","321.86","27205.08"
"04/02/2008","319.13","326.45","319.13","326.45","43210.48"
"05/02/2008","326.35","326.93","322.15","326.93","34644.21"
"06/02/2008","323.03","331.81","323.03","331.81","282676.66"
"07/02/2008","329.08","335.52","329.08","335.52","80815.99"
"08/02/2008","334.25","335.42","334.25","334.35","12951.87"
"11/02/2008","334.74","335.23","334.74","334.74","26907.92"
"12/02/2008","336.69","336.69","335.62","335.62","5717.68"
"13/02/2008","332.79","335.23","332.79","333.76","17019.83"
"14/02/2008","335.62","336.6","333.28","335.72","41181.63"
"15/02/2008","333.47","337.67","333.47","337.67","162062.35"
"18/02/2008","334.74","346.45","334.74","346.45","38814.63"
"19/02/2008","341.57","341.57","339.72","341.08","43087.52"
"20/02/2008","336.79","341.57","336.79","341.57","9806.12"
"21/02/2008","341.08","345.48","341.08","345.48","23034.66"
"22/02/2008","336.79","345.96","336.79","345.96","55783.22"
"25/02/2008","341.57","341.57","338.64","338.64","49983.57"
"26/02/2008","341.57","341.96","339.03","341.96","29131.47"
"27/02/2008","343.52","343.52","341.67","343.52","15165.17"
"28/02/2008","344.5","345.96","344.5","345.96","7500.61"
"29/02/2008","337.77","343.52","335.72","336.69","113164.93"
"03/03/2008","333.76","336.69","333.76","336.69","4805.72"
"04/03/2008","333.76","334.74","328.89","331.81","56275.06"
"05/03/2008","327.03","333.76","327.03","333.76","3033.03"
"06/03/2008","330.84","339.62","330.84","339.62","10728.33"
"07/03/2008","341.57","342.55","339.72","342.45","38886.36"
"10/03/2008","339.62","341.57","337.67","337.67","42032.1"
"11/03/2008","338.16","342.35","338.16","342.35","21374.69"
"12/03/2008","341.57","346.35","341.57","346.35","49092.1"
"13/03/2008","343.13","346.16","341.57","342.45","64042.09"
"14/03/2008","336.69","340.11","336.69","336.69","10410.68"
"17/03/2008","332.3","333.76","332.3","333.76","31959.56"
"18/03/2008","331.91","332.79","328.89","331.81","22583.8"
"19/03/2008","331.81","331.81","326.93","330.84","15779.97"
"24/03/2008","330.84","330.84","326.93","326.93","696.78"
"25/03/2008","326.93","329.86","326.93","328.1","41724.7"
"26/03/2008","327.03","328.69","325.47","328.69","22276.4"
"27/03/2008","324.98","331.91","324.98","331.91","22501.83"
"28/03/2008","327.42","330.35","327.42","330.35","15933.67"
"31/03/2008","327.03","331.81","326.93","331.81","53364.99"
"01/04/2008","326.93","331.81","326.93","330.74","7664.56"
"02/04/2008","331.72","331.72","312.29","312.29","26405.84"
"03/04/2008","314.34","327.42","314.34","317.66","19427.81"
"04/04/2008","322.05","327.91","322.05","327.91","12326.82"
"07/04/2008","319.52","329.37","319.52","327.91","59123.66"
"08/04/2008","326.54","331.81","326.54","326.64","38906.85"
"09/04/2008","331.81","334.25","329.18","334.25","57105.05"
"10/04/2008","331.81","335.72","331.81","334.25","39347.46"
"11/04/2008","331.81","333.76","331.81","333.76","7449.38"
"14/04/2008","314.34","329.47","314.34","320.3","93993.3"
"15/04/2008","315.22","321.47","315.22","317.66","158957.59"
"16/04/2008","317.66","320.2","317.66","320.2","7685.05"
"17/04/2008","321.57","321.57","317.17","317.76","76204.96"
"18/04/2008","317.76","318.05","313.27","313.27","195989.29"
"21/04/2008","314.25","318.64","314.25","318.64","35863.57"
"22/04/2008","318.64","318.64","317.27","317.27","16609.96"
"23/04/2008","314.73","318.15","314.73","318.15","29182.7"
"24/04/2008","317.37","317.66","317.17","317.17","51633.3"
"25/04/2008","313.08","313.27","313.08","313.27","1700.96"
"28/04/2008","314.54","318.44","314.54","318.44","20278.29"
"29/04/2008","315.42","321.57","315.42","320.98","24141.31"
"30/04/2008","317.47","322.05","317.47","318.74","24520.44"
"02/05/2008","315.71","320.1","315.71","319.13","963.19"
"05/05/2008","315.81","319.13","315.81","315.81","59574.51"
"06/05/2008","322.05","322.05","320.88","320.88","7305.92"
"07/05/2008","315.91","323.03","315.91","317.08","37994.89"
"08/05/2008","316.69","319.81","316.2","319.81","39193.76"
"09/05/2008","320.1","320.1","316.2","319.13","22932.19"
"12/05/2008","315.32","321.57","315.32","320.59","12552.25"
"13/05/2008","316.39","321.57","316.39","321.47","14130.25"
"14/05/2008","317.27","322.05","317.17","322.05","10677.1"
"15/05/2008","319.13","322.05","317.76","318.25","12695.7"
"16/05/2008","318.25","319.61","318.25","319.13","62013.24"
"19/05/2008","317.17","322.05","317.17","322.05","9744.64"
"20/05/2008","317.27","322.05","317.27","318.15","41140.64"
"21/05/2008","318.25","322.05","318.25","322.05","22911.7"
"22/05/2008","319.22","322.05","318.15","318.15","11845.22"
"23/05/2008","317.66","321.57","317.17","317.17","20391"
"26/05/2008","317.27","321.96","317.27","321.96","3053.53"
"27/05/2008","321.76","322.05","318.54","322.05","4846.71"
"28/05/2008","316.3","325.96","316.3","317.17","10000.81"
"29/05/2008","316.69","321.57","316.69","321.57","34787.66"
"30/05/2008","321.86","324.98","321.86","322.05","38527.72"
"02/06/2008","324.98","324.98","322.35","322.35","2674.4"
"03/06/2008","322.05","322.05","322.05","322.05","30268.85"
"04/06/2008","318.64","331.81","318.64","331.81","32871.52"
"05/06/2008","333.76","333.76","333.76","333.76","30688.97"
"06/06/2008","327.23","333.76","327.23","333.76","25053.27"
"09/06/2008","335.72","335.72","331.81","333.18","27696.92"
"10/06/2008","333.18","333.76","332.79","332.79","19868.42"
"11/06/2008","332.79","332.79","319.22","319.22","29572.08"
"12/06/2008","320.59","326.45","300.58","313.86","1763842.1"
"13/06/2008","317.76","326.93","317.76","326.93","4129.43"
"16/06/2008","326.84","326.84","319.03","326.64","18454.37"
"17/06/2008","320.59","326.64","320.59","325.96","4508.56"
"18/06/2008","322.05","322.05","321.08","321.18","2418.23"
"19/06/2008","322.05","325.18","322.05","325.18","5236.08"
"20/06/2008","325.18","325.18","317.27","317.27","7705.54"
"23/06/2008","314.25","320.1","313.27","313.27","13136.31"
"24/06/2008","312.29","316.69","312.29","315.22","27737.91"
"25/06/2008","313.27","315.22","313.27","313.86","34224.09"
"26/06/2008","314.05","315.22","314.05","315.22","10185.25"
"27/06/2008","319.52","319.52","315.42","317.17","15595.53"
"30/06/2008","319.52","320.1","316.2","319.13","72229.23"
"01/07/2008","316.69","321.86","314.34","321.86","9375.76"
"02/07/2008","313.56","322.05","313.56","320.1","6988.27"
"03/07/2008","320.1","320.98","320.1","320.98","15062.7"
"04/07/2008","320.98","320.98","317.17","320.98","23106.39"
"07/07/2008","317.17","323.91","317.17","323.91","9088.85"
"08/07/2008","319.13","326.93","319.13","326.93","42718.64"
"09/07/2008","322.05","328.4","322.05","328.4","9170.83"
"10/07/2008","323.62","330.84","323.62","330.84","58601.07"
"11/07/2008","326.93","331.81","322.05","331.81","687350.94"
"14/07/2008","327.03","333.76","327.03","333.76","25985.72"
"15/07/2008","324.98","333.76","324.98","327.91","16507.49"
"16/07/2008","329.37","329.86","322.05","322.05","1196275.5"
"17/07/2008","320.69","322.05","320.69","322.05","2500.2"
"18/07/2008","321.08","322.05","321.08","322.05","36918.98"
"21/07/2008","321.08","321.08","320.59","320.59","1793.18"
"22/07/2008","322.05","322.05","321.08","322.05","25186.47"
"28/07/2008","326.93","326.93","321.57","322.05","4221.65"
"29/07/2008","315.91","322.05","315.91","321.76","267870.13"
"31/07/2008","322.05","322.05","315.22","315.22","31693.15"
"01/08/2008","315.22","321.37","315.22","321.37","1946.88"
"04/08/2008","321.96","321.96","315.71","315.71","13044.09"
"05/08/2008","320.1","320.1","316.2","317.17","16210.33"
"06/08/2008","322.05","322.05","317.27","320.1","88890.42"
"07/08/2008","304.1","321.08","304.1","321.08","43159.24"
"08/08/2008","311.81","315.71","311.81","315.71","635.3"
"11/08/2008","315.22","315.22","315.22","315.22","584.06"
"12/08/2008","317.27","317.27","317.17","317.17","100141.34"
"13/08/2008","317.17","317.17","315.22","315.22","9672.92"
"15/08/2008","315.22","317.17","315.22","315.81","29838.49"
"18/08/2008","318.64","318.64","315.81","316.1","17726.85"
"19/08/2008","316.3","316.3","315.32","315.32","31488.22"
"22/08/2008","315.32","316.98","312.88","312.88","88798.2"
"25/08/2008","314.25","314.25","310.34","310.34","42093.58"
"26/08/2008","310.34","317.17","307.42","307.42","106822.21"
"27/08/2008","307.51","310.34","304.49","307.51","17808.82"
"28/08/2008","305.46","312.29","305.46","312.29","18710.54"
"29/08/2008","307.51","312.29","307.51","312.29","18116.23"
"01/09/2008","309.46","315.61","309.37","315.61","7080.49"
"02/09/2008","311.51","311.51","310.83","310.83","1721.45"
"03/09/2008","309.85","315.22","309.85","315.22","9211.81"
"04/09/2008","310.54","310.54","309.85","310.34","33045.72"
"05/09/2008","313.27","313.27","307.42","307.42","12255.09"
"08/09/2008","303.12","307.42","302.54","307.42","9631.93"
"09/09/2008","302.54","302.63","297.66","297.66","38035.88"
"10/09/2008","297.66","297.66","294.73","294.73","17337.48"
"11/09/2008","294.73","295.61","292.78","295.61","81297.59"
"12/09/2008","292.87","296.68","288.38","288.38","35935.3"
"15/09/2008","288.38","288.48","271.11","283.02","33988.42"
"16/09/2008","266.43","272.09","266.04","266.62","90570.88"
"17/09/2008","263.5","278.14","263.5","269.84","58826.5"
"18/09/2008","285.9","285.99","273.36","285.99","41416.28"
"19/09/2008","303.12","303.12","302.54","303.12","72449.54"
"22/09/2008","312.29","316.69","303.51","310.34","29174.5"
"23/09/2008","291.8","308.39","291.8","302.54","18999.5"
"24/09/2008","302.54","302.54","292.78","292.87","11705.87"
"25/09/2008","292.78","297.66","292.78","292.78","46752.78"
"26/09/2008","292.78","292.78","290.82","290.82","26013.38"
"29/09/2008","290.82","290.82","285.94","289.7","43493.29"
"30/09/2008","278.14","286.92","272.33","272.33","29932.76"
"03/10/2008","273.26","286.92","273.26","284.97","150756.1"
"06/10/2008","287.9","287.9","279.11","283.02","54618.17"
"07/10/2008","283.02","287.9","280.09","287.9","166554.52"
"08/10/2008","283.99","287.9","282.04","282.04","84253.77"
"09/10/2008","283.02","286.92","281.07","282.04","39142.52"
"10/10/2008","272.28","285.94","265.16","285.94","162883.11"
"13/10/2008","281.07","295.7","281.07","290.82","192754.39"
"14/10/2008","293.75","296.68","285.85","290.82","76512.37"
"15/10/2008","283.02","290.82","283.02","290.82","24767.38"
"16/10/2008","289.8","290.78","283.02","283.02","44525.14"
"17/10/2008","287.8","290.82","285.46","290.82","73976.3"
"20/10/2008","287.41","290.82","287.41","290.82","17743.24"
"21/10/2008","290.82","290.82","289.85","289.85","7213.7"
"22/10/2008","289.75","289.75","285.94","289.65","30780.16"
"23/10/2008","287.9","287.9","278.23","278.82","36476.32"
"24/10/2008","274.23","281.07","269.35","280.58","14554.46"
"27/10/2008","278.14","278.14","263.74","263.74","9499.75"
"28/10/2008","263.5","273.26","253.74","271.31","38390.42"
"29/10/2008","278.14","278.14","263.5","263.5","166166.17"
"30/10/2008","266.43","271.75","266.43","270.23","27430.51"
"31/10/2008","265.5","271.31","265.45","265.45","30707.41"
"03/11/2008","271.31","271.31","258.62","258.62","18628.56"
"04/11/2008","266.43","271.31","258.72","259.11","144578.35"
"05/11/2008","258.62","267.4","253.74","263.6","280953.16"
"07/11/2008","265.45","267.4","261.55","261.55","42461.44"
"10/11/2008","266.43","266.43","260.77","261.55","19927.85"
"11/11/2008","261.55","262.03","258.62","260.08","14663.08"
"12/11/2008","258.81","261.55","258.81","261.25","26822.88"
"13/11/2008","258.62","262.03","258.62","258.62","27223.52"
"14/11/2008","258.62","261.06","256.18","256.18","22926.04"
"17/11/2008","254.81","257.55","251.79","254.72","39115.88"
"19/11/2008","254.72","257.5","253.74","253.74","27898.78"
"20/11/2008","253.25","253.74","251.79","251.79","44433.94"
"21/11/2008","257.64","257.64","243.98","246.03","48393.28"
"24/11/2008","245.05","248.86","236.17","248.86","84793.78"
"25/11/2008","244.03","252.67","244.03","252.67","68619.31"
"28/11/2008","262.52","262.52","258.62","261.55","149971.2"
"01/12/2008","261.55","263.5","258.62","263.5","96073.38"
"02/12/2008","262.52","262.52","259.59","260.57","9326.58"
"03/12/2008","253.74","258.62","253.74","253.74","31601.95"
"04/12/2008","248.76","248.76","241.25","241.39","84086.75"
"05/12/2008","246.91","246.91","239.3","243.98","86940.47"
"08/12/2008","245.93","257.64","234.37","257.64","16918.38"
"11/12/2008","258.62","266.33","258.62","260.57","54969.63"
"12/12/2008","253.84","263.3","251.79","260.08","16851.78"
"15/12/2008","255.2","260.08","254.72","259.11","6631.69"
"16/12/2008","263.5","263.5","262.52","263.01","11805.26"
"17/12/2008","262.86","262.86","258.62","261.3","38720.36"
"18/12/2008","260.57","260.57","257.16","257.3","15395.72"
"19/12/2008","258.62","261.55","257.74","258.72","87429.24"
"22/12/2008","258.72","268.87","258.72","268.38","43967.71"
"23/12/2008","268.38","268.38","263.01","263.4","15351.66"
"24/12/2008","258.62","262.52","250.91","250.91","30622.37"
"25/12/2008","259.59","259.59","246.91","258.62","42637.69"
"26/12/2008","253.74","265.45","246.91","265.45","126275.63"
"30/12/2008","253.74","263.5","250.81","263.5","1349369.9"
"31/12/2008","254.72","258.62","251.3","251.3","50129.07"
"02/01/2009","237.15","245.93","236.22","236.22","21543.76"
"05/01/2009","228.37","232.27","222.07","222.07","27527.85"
"06/01/2009","208.75","216.61","208.75","208.75","140333.13"
"07/01/2009","208.75","214.6","204.94","204.94","39476.57"
"08/01/2009","204.94","213.73","199.58","206.41","90895.71"
"09/01/2009","213.24","218.51","211.77","211.87","1034566.7"
"12/01/2009","213.24","213.73","206.94","206.94","43612.15"
"13/01/2009","205.04","213.73","205.04","207.87","14163.04"
"14/01/2009","205.43","219","205.43","212.65","35733.44"
"15/01/2009","213.73","219","213.73","213.73","92217.54"
"16/01/2009","217.83","217.83","212.95","214.21","49550.13"
"19/01/2009","212.99","216.12","212.99","214.7","49971.27"
"20/01/2009","217.53","217.63","213.73","214.7","25552.28"
"21/01/2009","215.29","215.48","206.9","206.9","80134.59"
"22/01/2009","207.68","212.75","206.9","212.75","63983.68"
"23/01/2009","210.02","212.26","210.02","211.77","58129.72"
"26/01/2009","210.8","213.73","208.36","208.36","35633.02"
"27/01/2009","207.48","211.68","207.48","209.82","28410.1"
"28/01/2009","211.68","213.73","210.41","212.36","13197.79"
"29/01/2009","211.34","214.7","211.34","214.7","27730.74"
"30/01/2009","214.02","220.36","214.02","219.58","52706.13"
"02/02/2009","222.51","231.68","222.51","230.02","43747.41"
"03/02/2009","229.34","238.03","229.34","234.22","53860.94"
"04/02/2009","235.68","238.91","230.32","231.29","52790.15"
"05/02/2009","230.32","232.17","221.53","221.53","57345.85"
"06/02/2009","219.58","225.44","219.58","221.53","4807.77"
"09/02/2009","223.49","225.44","221.53","225.44","41465.46"
"10/02/2009","228.17","228.17","222.8","226.41","33551.91"
"11/02/2009","226.41","228.37","224.46","225.58","28203.11"
"12/02/2009","232.27","232.27","228.37","230.32","22947.56"
"13/02/2009","231.39","236.66","230.32","236.66","45027.22"
"16/02/2009","238.12","238.12","234.81","234.81","4808.79"
"17/02/2009","230.81","238.12","230.81","238.12","31471.82"
"18/02/2009","236.66","243.78","236.66","239.1","23504.98"
"19/02/2009","243","246.91","241.05","244.96","30642.86"
"20/02/2009","245.54","248.86","245.54","245.93","17218.61"
"23/02/2009","243.98","253.74","243.98","251.79","26814.68"
"24/02/2009","249.05","252.76","241.59","246.91","19695.25"
"25/02/2009","248.86","255.69","247.01","255.59","54385.57"
"26/02/2009","250.96","263.55","250.96","258.62","55808.84"
"27/02/2009","258.62","263.5","258.62","258.72","48297.98"
"02/03/2009","261.55","263.5","257.64","263.5","56455.41"
"03/03/2009","263.5","263.5","257.64","257.64","5291.41"
"04/03/2009","256.67","258.62","248.86","256.67","15624.22"
"05/03/2009","254.13","259.59","250.91","259.59","32477.02"
"06/03/2009","260.57","260.57","254.03","258.62","17470.68"
"09/03/2009","258.62","258.62","253.84","258.52","3382.45"
"12/03/2009","253.74","258.52","253.74","255.5","21422.85"
"13/03/2009","256.67","257.59","252.96","255.89","79807.72"
"16/03/2009","253.74","259.11","253.74","259.11","31511.78"
"17/03/2009","256.67","263.11","256.67","261.94","55366.18"
"18/03/2009","259.59","261.55","258.62","261.55","70655.33"
"19/03/2009","259.59","262.03","257.64","257.64","13703.98"
"20/03/2009","255.89","259.59","255.2","255.2","56669.56"
"23/03/2009","260.57","260.57","252.76","255.2","49987.67"
"24/03/2009","254.72","254.72","251.79","253.74","62817.6"
"25/03/2009","254.72","254.72","249.35","254.23","29408.13"
"26/03/2009","258.52","265.45","258.52","263.5","269723.76"
"27/03/2009","263.55","264.96","263.5","264.47","99263.19"
"30/03/2009","263.5","264.47","253.74","264.47","50033.78"
"31/03/2009","263.5","264.47","258.13","263.5","43038.33"
"01/04/2009","258.62","263.5","258.62","263.5","17643.85"
"02/04/2009","261.55","263.5","260.57","263.5","14095.41"
"03/04/2009","264.47","264.47","260.72","263.5","5810.92"
"06/04/2009","261.55","263.5","258.23","263.5","17083.36"
"07/04/2009","263.5","263.5","259.59","263.5","30744.3"
"08/04/2009","263.5","263.5","260.67","263.5","14190.7"
"09/04/2009","259.69","263.5","259.69","263.5","115718.42"
"10/04/2009","259.79","263.5","259.69","263.5","5635.7"
"13/04/2009","259.59","263.45","259.59","262.52","33834.72"
"14/04/2009","260.62","263.45","260.62","263.3","11526.55"
"15/04/2009","263.45","263.5","261.55","263.5","163783.8"
"16/04/2009","262.52","265.35","262.52","263.5","23714.02"
"17/04/2009","263.6","263.6","262.72","263.5","56715.68"
"20/04/2009","262.52","263.5","262.52","263.5","18620.37"
"21/04/2009","262.52","263.01","262.52","262.52","23581.84"
"22/04/2009","262.03","263.21","262.03","263.16","8180.99"
"23/04/2009","261.55","278.92","261.55","278.92","70900.23"
"24/04/2009","275.21","275.21","268.38","273.06","216579.08"
"27/04/2009","272.77","273.21","269.35","273.16","5816.05"
"28/04/2009","269.89","271.31","269.35","271.31","54270.8"
"29/04/2009","271.31","271.31","268.38","269.35","17656.15"
"30/04/2009","271.16","271.16","268.38","268.38","55336.46"
"04/05/2009","270.33","270.33","263.99","265.45","58549.84"
"05/05/2009","268.33","268.38","265.45","268.38","12040.94"
"06/05/2009","268.38","268.38","265.45","265.45","16090.45"
"07/05/2009","265.45","268.33","265.45","265.45","23795.99"
"08/05/2009","266.38","266.43","265.4","265.4","16264.64"
"11/05/2009","264.47","267.89","264.47","265.45","47662.68"
"12/05/2009","264.57","267.89","264.57","264.86","8672.84"
"13/05/2009","264.86","267.4","264.86","267.4","5326.25"
"14/05/2009","264.96","267.89","264.96","264.96","4570.04"
"15/05/2009","263.5","267.4","263.5","267.4","1840.31"
"18/05/2009","263.5","268.28","263.5","268.28","10499.83"
"19/05/2009","266.48","268.38","265.65","268.33","41671.42"
"20/05/2009","266.43","269.35","266.43","268.38","11328.79"
"21/05/2009","269.35","269.35","266.67","269.16","21335.75"
"22/05/2009","267.4","268.38","265.45","265.45","3751.33"
"25/05/2009","268.28","268.28","266.43","266.43","7607.18"
"26/05/2009","266.43","268.38","266.43","268.38","14650.78"
"27/05/2009","268.28","268.28","266.48","266.72","14513.48"
"28/05/2009","267.01","269.26","267.01","269.26","12954.95"
"29/05/2009","269.35","269.35","267.01","267.11","52040.09"
"01/06/2009","268.38","269.35","267.11","269.26","14814.73"
"02/06/2009","268.38","269.26","268.38","269.16","6094.76"
"03/06/2009","269.35","270.28","267.4","269.35","125244.81"
"04/06/2009","269.35","273.21","267.4","270.33","17944.08"
"05/06/2009","268.57","273.21","268.57","273.21","40401.85"
"08/06/2009","273.16","273.16","268.87","268.87","12647.54"
"09/06/2009","268.91","272.09","268.91","269.35","12987.74"
"10/06/2009","268.38","270.33","268.38","269.35","37698.76"
"11/06/2009","266.43","270.33","266.43","268.52","27379.27"
"12/06/2009","266.91","273.06","266.91","273.06","121482.21"
"15/06/2009","273.21","278.14","273.21","278.14","48096.12"
"16/06/2009","274.62","286.92","274.62","286.92","67399.94"
"17/06/2009","286.92","289.85","286.92","288.87","41013.58"
"18/06/2009","287.12","289.85","287.12","289.85","50529.72"
"19/06/2009","287.9","288.87","286.92","286.92","65938.76"
"22/06/2009","283.02","284.48","281.07","283.02","48538.78"
"23/06/2009","285.94","286.43","282.04","284.92","16058.68"
"24/06/2009","283.36","285.94","283.16","284.97","87379.03"
"25/06/2009","283.99","284.09","283.99","284.04","35969.11"
"26/06/2009","282.14","285.94","282.14","285.46","5903.14"
"29/06/2009","283.11","287.41","283.11","287.41","155861.03"
"30/06/2009","285.46","287.8","284.04","285.8","30838.57"
"01/07/2009","284.97","284.97","283.9","283.99","24176.14"
"02/07/2009","282.09","283.02","282.04","282.04","20810.09"
"03/07/2009","277.45","282.04","277.45","282.04","26413.01"
"06/07/2009","278.14","282.04","278.14","282.04","6723.91"
"07/07/2009","276.19","282.04","276.19","281.02","16093.52"
"08/07/2009","278.33","281.75","276.33","281.75","4408.15"
"09/07/2009","278.19","281.89","278.14","278.19","6956.51"
"10/07/2009","281.55","281.55","276.23","280.58","1541.11"
"13/07/2009","279.11","281.46","278.23","280.09","9363.47"
"14/07/2009","278.14","278.19","276.19","276.19","25463.14"
"15/07/2009","270.18","272.28","268.38","268.38","9602.21"
"16/07/2009","263.5","268.38","263.5","268.38","44334.55"
"17/07/2009","268.38","268.38","263.5","263.5","22990.6"
"20/07/2009","262.52","263.6","256.67","256.67","4099.72"
"21/07/2009","256.76","262.91","256.28","262.91","24902.64"
"22/07/2009","256.96","259.59","256.96","258.62","10386.09"
"23/07/2009","261.55","264.47","261.55","264.47","202322.8"
"24/07/2009","264.47","264.47","260.13","264.47","18457.44"
"27/07/2009","260.57","268.87","260.57","267.89","7431.96"
"28/07/2009","263.6","267.4","262.52","264.96","9979.29"
"29/07/2009","266.43","266.43","260.91","264.96","11069.55"
"31/07/2009","265.4","265.4","258.67","258.67","35462.92"
"03/08/2009","260.57","260.57","259.2","260.57","4229.85"
"04/08/2009","259.4","263.5","259.35","260.57","7248.54"
"05/08/2009","259.25","264.47","259.11","264.47","40500.22"
"06/08/2009","268.38","268.38","267.4","267.4","22971.13"
"07/08/2009","267.4","271.31","265.45","271.31","17398.96"
"10/08/2009","270.33","271.31","268.38","268.38","2478.69"
"11/08/2009","266.43","268.38","265.01","265.94","28614.01"
"12/08/2009","263.55","265.45","261.55","262.52","14658.98"
"13/08/2009","263.11","273.16","261.84","273.16","8568.32"
"17/08/2009","286.77","286.77","268.77","273.26","9683.16"
"18/08/2009","273.26","278.09","273.26","273.26","1093.33"
"19/08/2009","273.26","274.23","268.87","268.87","36849.31"
"24/08/2009","280.09","280.09","269.16","279.11","6502.58"
"25/08/2009","279.11","279.11","279.11","279.11","23.57"
"26/08/2009","271.31","276.19","271.31","276.19","29613.06"
"27/08/2009","280.09","280.09","273.31","279.02","40711.3"
"28/08/2009","276.19","276.19","274.28","275.21","83121.51"
"31/08/2009","274.72","275.21","269.35","269.35","108496.52"
"01/09/2009","275.11","275.11","265.45","272.77","72006.88"
"02/09/2009","268.48","268.48","266.43","266.43","70209.6"
"03/09/2009","261.55","263.5","261.55","261.55","41588.42"
"04/09/2009","261.06","266.38","261.06","266.38","390.4"
"07/09/2009","261.55","263.55","259.79","263.5","3496.19"
"08/09/2009","261.55","265.26","260.81","265.26","6524.1"
"09/09/2009","260.81","268.38","260.81","268.38","4331.29"
"10/09/2009","268.38","273.26","265.45","273.26","41840.49"
"11/09/2009","268.38","268.38","266.08","268.38","15455.15"
"14/09/2009","267.6","267.6","267.4","267.4","968.32"
"15/09/2009","268.38","269.35","264.57","269.35","23929.2"
"16/09/2009","267.4","269.35","267.4","268.38","105030.05"
"17/09/2009","265.74","272.28","265.74","269.31","32208.56"
"18/09/2009","265.55","270.33","265.55","270.33","32119.41"
"23/09/2009","272.28","272.28","270.18","270.18","29305.66"
"24/09/2009","267.4","270.33","265.45","265.45","12409.82"
"25/09/2009","265.45","268.33","263.5","264.47","6222.84"
"28/09/2009","264.57","267.4","264.47","264.47","551.27"
"29/09/2009","263.6","264.47","261.55","264.38","4229.85"
"30/09/2009","261.16","263.5","258.67","263.5","32366.36"
"01/10/2009","258.62","264.77","258.62","259.79","6706.49"
"02/10/2009","259.64","262.52","259.64","262.52","2981.8"
"05/10/2009","263.5","264.47","259.64","264.47","7929.95"
"06/10/2009","264.38","264.38","263.5","263.5","5725.88"
"07/10/2009","259.59","262.52","259.59","260.13","4777.03"
"08/10/2009","259.59","261.55","257.16","258.62","54339.46"
"09/10/2009","261.4","261.94","257.94","257.94","4760.63"
"12/10/2009","258.62","258.77","255.74","255.84","13545.16"
"13/10/2009","259.59","259.59","254.91","254.91","73359.45"
"14/10/2009","258.62","258.62","256.67","256.67","10574.63"
"15/10/2009","259.55","262.03","258.62","258.62","146716.84"
"16/10/2009","263.4","263.4","258.62","258.62","133150.17"
"19/10/2009","256.23","263.5","256.23","263.01","107897.09"
"20/10/2009","259.89","263.45","259.89","263.45","9956.75"
"21/10/2009","260.86","263.01","255.69","255.69","35703.72"
"22/10/2009","251.79","258.42","251.79","256.18","40132.36"
"23/10/2009","255.69","262.52","255.69","258.62","15645.74"
"26/10/2009","256.18","258.62","256.18","256.23","2662.1"
"27/10/2009","253.89","258.62","253.89","254.08","14113.85"
"28/10/2009","259.99","259.99","254.23","254.23","6479.01"
"29/10/2009","254.72","256.18","253.74","254.81","108846.96"
"30/10/2009","254.81","258.42","254.76","258.42","16218.53"
"02/11/2009","254.23","258.62","254.23","258.62","7861.29"
"03/11/2009","254.91","258.62","254.81","255.79","57757.77"
"04/11/2009","258.62","258.62","254.96","258.57","2071.89"
"05/11/2009","255.98","258.42","255.98","258.42","4162.22"
"09/11/2009","255.98","258.38","255.69","255.79","39611.83"
"10/11/2009","255.69","257.25","255.69","255.69","41743.15"
"11/11/2009","255.69","255.69","253.79","254.23","42917.42"
"12/11/2009","253.79","255.11","243.98","252.57","130988.1"
"13/11/2009","253.64","253.64","246.03","249.84","115273.71"
"16/11/2009","249.35","253.69","248.96","249.84","33134.86"
"17/11/2009","249.84","250.91","247.88","247.88","9242.55"
"19/11/2009","246.91","248.86","244.08","246.91","54969.63"
"20/11/2009","246.03","246.03","243.98","244.08","80713.53"
"23/11/2009","243","247.88","241.05","245.93","35510.06"
"24/11/2009","242.61","245.93","234.22","236.22","266885.42"
"25/11/2009","239.1","242.52","237.15","242.52","97.34"
"26/11/2009","246.91","246.91","240.08","240.08","493.89"
"27/11/2009","240.08","241.05","239.1","239.1","1915.11"
"30/11/2009","234.32","235.2","228.56","228.56","39569.81"
"01/12/2009","233.25","233.25","227.39","227.54","50267.4"
"02/12/2009","228.07","230.32","227.39","227.49","53584.27"
"03/12/2009","230.32","230.32","222.41","222.41","40877.3"
"04/12/2009","223.49","226.41","219.78","221.53","30984.08"
"07/12/2009","221.53","224.36","219.78","224.32","15735.91"
"08/12/2009","224.32","230.17","224.32","228.32","74307.27"
"09/12/2009","227.39","234.22","226.41","226.41","58474.02"
"10/12/2009","230.32","236.66","228.37","234.22","71624.67"
"11/12/2009","236.17","238.95","231.29","231.29","52729.7"
"14/12/2009","231.78","234.22","231.54","234.22","9697.51"
"15/12/2009","232.76","232.76","231.29","231.29","44551.78"
"16/12/2009","231.59","233.25","231.29","231.39","1774.73"
"17/12/2009","231.49","234.12","231.49","234.12","7729.11"
"21/12/2009","231.49","237.15","231.49","237.15","14437.65"
"22/12/2009","238.08","242.03","238.03","240.56","14175.33"
"23/12/2009","239.1","240.08","238.12","239.59","4575.17"
"24/12/2009","240.08","241.05","234.32","234.32","2433.6"
"25/12/2009","225.44","239.1","225.44","234.22","473943.23"
"28/12/2009","232.03","237.1","232.03","234.22","6380.64"
"29/12/2009","234.22","246.81","234.22","246.81","173031.48"
"30/12/2009","253.64","258.62","244.18","258.62","3037120.8"
"31/12/2009","255.69","263.5","253.74","263.5","410106.08"
"04/01/2010","248.86","258.52","248.86","248.86","27185.61"
"05/01/2010","240.08","253.74","240.08","246.52","53105.75"
"06/01/2010","246.47","257.55","246.47","254.03","24550.15"
"07/01/2010","261.25","261.25","258.62","259.59","72118.57"
"08/01/2010","261.55","261.55","258.62","260.62","57782.36"
"12/01/2010","260.86","263.4","260.57","263.4","64713.25"
"13/01/2010","259.79","262.52","259.79","261.55","60102.22"
"14/01/2010","259.69","262.23","258.67","262.23","34034.53"
"15/01/2010","258.81","262.52","258.81","262.38","26546.22"
"18/01/2010","263.5","265.45","261.55","262.57","22794.88"
"19/01/2010","263.5","266.43","260.62","266.43","15359.86"
"20/01/2010","263.64","268.18","263.64","266.43","76336.12"
"21/01/2010","263.79","266.43","261.99","266.38","7691.2"
"22/01/2010","266.33","266.38","258.62","261.06","68652.1"
"25/01/2010","261.06","263.5","261.06","263.5","12538.93"
"26/01/2010","261.06","265.45","261.06","265.45","23908.7"
"27/01/2010","265.45","267.4","262.62","267.3","36299.06"
"28/01/2010","267.3","267.89","265.11","265.4","20683.03"
"29/01/2010","262.18","267.4","262.18","263.5","26303.37"
"01/02/2010","264.47","264.47","262.08","262.23","42966.61"
"02/02/2010","260.67","263.4","260.67","263.4","22317.39"
"03/02/2010","262.52","267.26","262.33","267.26","19625.57"
"04/02/2010","264.04","266.33","262.13","266.33","4220.63"
"05/02/2010","262.23","265.45","262.23","265.45","17329.28"
"08/02/2010","263.11","263.6","262.72","263.6","13146.56"
"09/02/2010","262.52","266.91","262.52","266.91","49027.55"
"10/02/2010","267.4","269.35","267.4","268.48","33814.22"
"11/02/2010","266.43","268.38","264.47","265.45","31008.67"
"12/02/2010","264.96","271.31","264.96","271.31","25672.17"
"15/02/2010","267.5","272.67","267.5","272.18","10779.56"
"16/02/2010","271.31","271.31","265.55","268.38","22383.99"
"17/02/2010","270.33","271.31","268.52","268.87","31588.63"
"18/02/2010","268.38","268.48","268.38","268.38","23176.06"
"19/02/2010","277.06","281.07","277.06","277.16","120138.86"
"22/02/2010","277.16","278.14","276.28","277.16","31429.81"
"23/02/2010","277.16","277.16","270.92","277.11","13527.74"
"24/02/2010","273.26","277.11","273.26","273.45","17792.43"
"25/02/2010","273.36","276.19","273.36","276.19","32019"
"26/02/2010","276.19","277.11","274.33","277.11","7652.26"
"01/03/2010","275.21","275.21","268.96","272.28","142590.48"
"02/03/2010","273.26","273.26","269.6","272.28","14623.12"
"03/03/2010","273.16","273.16","269.74","272.77","21907.52"
"04/03/2010","270.33","272.77","270.33","272.77","1787.03"
"05/03/2010","266.52","273.21","266.52","268.38","73816.45"
"08/03/2010","268.48","272.28","266.91","268.38","15480.77"
"09/03/2010","268.38","271.31","268.38","268.38","15902.93"
"10/03/2010","268.38","271.31","268.38","271.31","8414.62"
"11/03/2010","268.43","272.57","268.43","268.48","15335.26"
"12/03/2010","269.35","270.33","268.43","270.33","1449.91"
"15/03/2010","272.77","272.77","267.4","267.4","9939.33"
"16/03/2010","267.4","268.38","267.4","268.38","25481.58"
"17/03/2010","266.57","267.4","265.55","266.43","77065.69"
"18/03/2010","266.33","267.4","265.06","267.4","5032.17"
"19/03/2010","265.94","268.18","265.94","268.18","10193.45"
"22/03/2010","265.99","267.4","265.5","267.4","4067.95"
"23/03/2010","268.28","268.38","265.16","268.38","7048.73"
"24/03/2010","268.38","268.38","265.45","267.4","44168.55"
"25/03/2010","268.09","268.09","265.35","267.11","36762.21"
"30/03/2010","283.11","283.11","282.92","283.11","347784.41"
"31/03/2010","283.11","285.75","278.77","282.04","362251.78"
"01/04/2010","272.28","281.07","272.28","280.58","5029.1"
"02/04/2010","277.21","281.07","277.16","281.07","221629.69"
"05/04/2010","282.43","286.82","281.16","281.16","22499.78"
"06/04/2010","281.07","283.02","273.26","273.26","179718.5"
"07/04/2010","276.48","279.11","274.23","274.38","140076.96"
"08/04/2010","276.19","278.04","273.75","273.75","28386.53"
"09/04/2010","273.75","277.16","273.75","274.18","60976.27"
"12/04/2010","277.16","278.63","274.23","274.72","100877.05"
"13/04/2010","274.82","281.07","274.72","281.07","200365.67"
"14/04/2010","281.07","283.02","280.77","282.04","165692.77"
"15/04/2010","282.97","286.92","282.04","284.97","249032.53"
"16/04/2010","283.11","290.82","283.11","289.85","426153.49"
"19/04/2010","290.39","291.75","288.04","290.04","144352.92"
"20/04/2010","292.29","300.58","291.75","298.63","532380.36"
"21/04/2010","301.56","302.54","291.8","292.78","188531.72"
"22/04/2010","296.68","296.68","291.17","294.73","39427.38"
"23/04/2010","296.68","298.58","292.87","296.68","204971.58"
"26/04/2010","294.73","297.66","294.73","296.68","45902.3"
"27/04/2010","296.68","300.49","296.68","298.63","255952.15"
"28/04/2010","296.68","300.58","296.68","300.58","203680.49"
"29/04/2010","301.07","304.98","300.58","304.49","264664.95"
"30/04/2010","304.39","305.46","302.54","302.54","69759.77"
"03/05/2010","302.54","305.07","301.56","302.54","82137.82"
"04/05/2010","304.39","304.54","300.78","304.54","103284.01"
"05/05/2010","305.27","305.41","303.51","303.51","164985.74"
"06/05/2010","302.54","302.54","294.73","297.66","281466.52"
"07/05/2010","296.68","301.56","296.68","301.56","25708.03"
"10/05/2010","302.54","303.41","297.85","302.58","153590.35"
"11/05/2010","302.73","304.44","300.44","303.51","55158.17"
"12/05/2010","303.51","305.46","303.51","304.49","676816.28"
"13/05/2010","304.49","305.37","303.02","304.98","95822.34"
"14/05/2010","305.46","311.32","305.46","305.71","57018.98"
"17/05/2010","304.49","309.85","304.49","308.39","45400.21"
"18/05/2010","308.88","309.85","306.54","309.76","103872.17"
"19/05/2010","310.34","313.37","309.37","312.29","218828.24"
"20/05/2010","314.25","315.22","312.29","315.22","179816.87"
"21/05/2010","312.29","317.17","312.29","314.73","31452.35"
"24/05/2010","316.1","316.1","310.34","312.29","40404.92"
"25/05/2010","308.49","310.25","302.54","305.56","35958.86"
"26/05/2010","305.71","310.88","305.71","307.42","69521.02"
"27/05/2010","307.9","312.29","307.9","312.29","134778.37"
"28/05/2010","312.29","312.29","309.46","312.1","19493.39"
"31/05/2010","310.44","312.2","309.37","312.2","13916.09"
"01/06/2010","309.37","309.9","309.37","309.37","22447.52"
"02/06/2010","309.37","312.29","309.37","312.29","34793.81"
"03/06/2010","312.29","312.29","309.9","310.34","57827.45"
"04/06/2010","308.49","311.32","308.49","310.34","89597.45"
"07/06/2010","309.37","312.29","309.37","312.29","100206.91"
"08/06/2010","312.29","313.27","310.68","313.27","69546.64"
"09/06/2010","313.27","316.1","312.44","315.22","86782.67"
"10/06/2010","312.29","316.1","312.29","315.22","41735.97"
"11/06/2010","315.95","315.95","312.29","312.29","60965"
"14/06/2010","310.34","311.32","309.37","309.85","91051.46"
"15/06/2010","312.29","312.29","309.42","310.34","92491.12"
"16/06/2010","310.34","310.34","308.39","309.37","14694.84"
"17/06/2010","309.37","309.37","306.83","306.98","152835.17"
"18/06/2010","310.34","310.34","302.54","302.54","166010.42"
"21/06/2010","302.54","307.71","302.54","304.58","30687.94"
"22/06/2010","305.46","305.46","298.44","300.63","59724.12"
"23/06/2010","301.56","306.44","301.56","306.44","29419.4"
"24/06/2010","300.1","303.95","300.1","302.54","16195.99"
"25/06/2010","305.46","306.39","300.73","302.54","9494.62"
"28/06/2010","302.54","306.34","301.07","301.56","11809.36"
"29/06/2010","304.39","304.39","299.61","299.61","36434.31"
"30/06/2010","300.58","300.58","297.66","297.9","98935.3"
"01/07/2010","297.66","300.53","297.66","298.14","102751.18"
"02/07/2010","297.66","306.39","297.66","298.14","8638"
"05/07/2010","298.63","298.63","297.66","298.63","17517.82"
"06/07/2010","296.24","302.05","296.24","302.05","14906.95"
"07/07/2010","297.66","298.63","293.9","297.66","21211.76"
"08/07/2010","293.9","298.63","293.9","297.66","30579.33"
"09/07/2010","297.66","300.58","297.66","297.7","11230.42"
"12/07/2010","297.7","298.58","297.7","298.14","41057.64"
"13/07/2010","300.58","302.54","297.75","302.05","43016.82"
"14/07/2010","301.56","302.54","299.9","300.58","25549.21"
"15/07/2010","299.12","302.49","295.7","297.66","5449.21"
"16/07/2010","298.63","299.66","297.66","297.66","20277.26"
"19/07/2010","297.66","298.68","297.66","297.7","2871.14"
"20/07/2010","297.66","298.63","297.66","298.63","9296.86"
"21/07/2010","298.63","302.34","297.66","300.93","18675.7"
"22/07/2010","302.34","302.34","297.75","300.58","36867.75"
"23/07/2010","299.61","300.58","299.61","299.75","25894.52"
"26/07/2010","300.58","300.58","297.7","298.63","95290.53"
"27/07/2010","298.63","300.58","298.63","299.17","10976.3"
"28/07/2010","301.56","301.56","298.14","298.14","3390.64"
"29/07/2010","301.07","301.07","298.63","298.63","7169.64"
"02/08/2010","298.63","300.58","298.63","300.58","15128.28"
"03/08/2010","300.58","301.56","300.58","301.56","20159.42"
"04/08/2010","301.56","302.05","298.63","301.66","33364.39"
"05/08/2010","299.22","302.54","299.22","302","33967.92"
"06/08/2010","302.54","304.39","302.54","302.54","30068.02"
"09/08/2010","302.54","303.51","302.54","303.51","14986.87"
"10/08/2010","301.56","304.39","301.56","304.34","20788.58"
"11/08/2010","304.49","304.98","301.66","304.19","22604.3"
"12/08/2010","301.66","302.54","301.66","302.54","7879.74"
"13/08/2010","303.51","303.51","301.66","302.54","6382.69"
"16/08/2010","302.54","302.54","299.75","302.44","1968.4"
"17/08/2010","299.9","301.95","299.07","301.95","11304.2"
"18/08/2010","299.22","300.97","297.66","300.58","14254.23"
"19/08/2010","297.75","300.58","294.92","296.97","64612.83"
"23/08/2010","292.78","300.58","288.19","298.14","23011.09"
"24/08/2010","298.14","300.58","298.14","300.58","22792.84"
"25/08/2010","299.12","302.54","299.12","302.44","117379.42"
"26/08/2010","302.44","304.49","302.44","304.49","44873.52"
"27/08/2010","304.49","306.34","302.44","302.58","10279.52"
"30/08/2010","302.58","302.63","302.58","302.58","717.27"
"31/08/2010","298.68","302.54","298.68","302.54","32183.97"
"01/09/2010","301.56","307.42","301.56","304","32372.51"
"02/09/2010","302.54","304.49","302.54","304","9215.91"
"03/09/2010","305.46","305.46","302.54","304.49","27730.74"
"06/09/2010","304.49","304.49","304.49","304.49","18232.02"
"07/09/2010","303.51","304.49","302.58","304.49","8712.8"
"08/09/2010","304.49","304.49","302.58","302.58","25674.22"
"09/09/2010","302.58","303.51","299.12","302.54","19820.26"
"13/09/2010","304.49","305.37","300.58","305.37","20759.88"
"14/09/2010","301.56","304.49","301.17","302.54","3912.2"
"15/09/2010","302.54","305.37","301.61","305.37","61391.26"
"16/09/2010","306.44","306.44","304","306.44","27444.85"
"17/09/2010","302.83","304.49","302.83","304.49","27141.55"
"20/09/2010","302.54","305.95","302.54","305.95","7420.69"
"21/09/2010","305.95","306.63","305.46","305.95","54056.65"
"22/09/2010","305.95","317.27","305.95","313.27","104115.02"
"23/09/2010","314.73","322.05","313.27","313.27","98853.32"
"24/09/2010","316.1","316.2","313.27","313.27","81429.77"
"27/09/2010","313.27","315.22","313.27","315.22","15207.18"
"28/09/2010","313.42","319.13","313.42","319.13","101477.51"
"29/09/2010","319.61","322.98","315.32","316.2","64046.19"
"30/09/2010","318.64","323.03","317.32","320.1","120618.41"
"01/10/2010","322.05","322.05","309.85","310.34","318497.2"
"04/10/2010","311.32","313.66","306.44","306.44","131551.67"
"05/10/2010","306.54","314.25","304.49","308.59","39181.46"
"06/10/2010","309.37","318.64","309.37","318.15","72277.39"
"07/10/2010","320.1","322.05","318.15","320.1","154704.17"
"08/10/2010","321.86","321.86","319.13","320.1","34017.11"
"11/10/2010","320.1","321.03","319.13","321.03","18069.09"
"12/10/2010","321.08","326.93","321.08","326.93","106203.3"
"13/10/2010","330.84","340.5","330.84","335.72","266501.17"
"14/10/2010","337.67","337.67","332.89","333.76","23116.63"
"15/10/2010","333.76","335.72","329.91","331.81","58779.37"
"18/10/2010","329.86","330.01","327.03","329.86","25901.7"
"19/10/2010","328.89","330.84","328.45","330.35","10867.69"
"20/10/2010","330.35","335.47","330.35","334.06","146521.13"
"21/10/2010","333.76","341.57","333.76","341.47","61512.17"
"22/10/2010","342.55","345.96","336.79","340.55","79791.32"
"25/10/2010","339.67","340.6","338.64","338.64","62068.57"
"26/10/2010","339.62","340.4","328.89","330.84","139135.28"
"27/10/2010","333.76","333.76","330.35","331.81","218936.85"
"28/10/2010","335.72","335.72","331.81","333.76","16984.99"
"29/10/2010","331.33","331.81","328.89","328.89","93467.64"
"01/11/2010","328.89","330.84","327.91","329.86","25180.32"
"02/11/2010","327.91","330.84","327.91","330.84","37116.75"
"03/11/2010","330.84","331.81","329.91","330.15","30432.8"
"04/11/2010","331.76","331.81","330.4","330.84","34966.98"
"05/11/2010","330.35","331.81","328.98","330.84","20780.38"
"08/11/2010","331.81","331.81","330.35","331.81","62592.18"
"09/11/2010","331.81","332.79","330.89","331.81","55040.33"
"10/11/2010","331.81","331.81","330.93","331.81","44243.35"
"11/11/2010","331.81","331.81","326.93","331.33","109043.7"
"12/11/2010","333.28","333.28","328.93","330.74","6450.32"
"15/11/2010","330.84","330.84","329.91","329.91","14597.5"
"16/11/2010","331.81","331.81","329.23","330.35","19621.47"
"19/11/2010","331.81","333.72","330.06","332.3","23033.63"
"22/11/2010","330.84","331.81","330.4","331.81","32557.97"
"23/11/2010","333.76","333.76","330.84","331.81","68413.35"
"24/11/2010","333.72","333.72","330.84","331.81","6625.54"
"25/11/2010","331.81","331.81","328.01","328.01","15421.34"
"26/11/2010","329.37","331.72","326.49","326.93","33240.41"
"29/11/2010","329.86","336.69","322.05","336.69","233188.01"
"30/11/2010","341.57","345.48","338.64","343.67","200057.24"
"01/12/2010","343.67","351.62","343.67","350.36","192168.28"
"02/12/2010","351.33","355.24","351.33","351.33","208008.71"
"03/12/2010","352.31","360.11","352.31","360.11","148564.33"
"06/12/2010","366.07","374.75","366.07","370.07","239524.59"
"08/12/2010","375.63","385.49","370.07","385.49","298577.54"
"09/12/2010","390.37","408.62","389.39","408.62","680496.9"
"10/12/2010","413.79","419.65","409.89","409.89","922039.07"
"13/12/2010","409.89","412.81","409.89","409.89","289616.78"
"14/12/2010","409.89","409.89","393.3","393.3","295846.79"
"15/12/2010","396.32","400.13","395.44","398.32","626652.36"
"16/12/2010","398.18","399.15","398.18","398.18","89740.9"
"17/12/2010","398.18","399.15","398.18","399.15","39975.58"
"20/12/2010","399.15","405.01","399.15","401.15","50793.06"
"21/12/2010","405.01","405.01","403.06","404.03","46768.14"
"22/12/2010","405.01","408.91","405.01","406.96","57489.3"
"23/12/2010","407.93","407.93","401.1","406.96","442980.67"
"24/12/2010","404.03","404.03","399.15","399.15","182631.65"
"27/12/2010","403.06","403.06","394.27","396.22","43346.76"
"28/12/2010","396.22","396.22","390.27","390.27","71715.87"
"29/12/2010","390.27","390.27","385.54","390.27","190304.4"
"30/12/2010","389.39","390.37","387.93","390.37","455688.67"
"31/12/2010","399.15","400.13","394.27","397.2","111729.37"
"03/01/2011","395.35","396.71","394.37","396.71","24260.17"
"04/01/2011","396.22","409.89","396.22","409.89","40417.22"
"05/01/2011","409.89","428.43","409.89","424.53","70014.91"
"06/01/2011","429.41","429.41","419.84","429.41","39466.32"
"07/01/2011","429.01","430.38","424.14","429.89","12041.96"
"10/01/2011","429.41","444.09","429.41","444.09","58625.67"
"12/01/2011","462.59","468.44","458.68","463.56","157209.5"
"13/01/2011","463.07","463.07","450.39","450.39","30646.96"
"14/01/2011","451.85","451.85","444.04","444.04","84075.48"
"17/01/2011","441.12","441.12","418.18","429.41","123481.35"
"18/01/2011","429.45","443.07","423.55","433.21","43255.56"
"19/01/2011","430.28","430.28","424.72","426.48","14338.26"
"20/01/2011","429.31","429.31","425.26","425.5","30455.34"
"21/01/2011","424.62","439.07","424.62","439.07","30087.49"
"24/01/2011","443.85","443.85","439.12","439.16","60525.41"
"25/01/2011","439.16","439.26","431.84","431.84","20450.43"
"26/01/2011","434.28","437.7","431.36","431.36","26850.54"
"27/01/2011","431.84","446","431.84","438.09","64301.33"
"28/01/2011","431.41","437.21","419.65","419.65","114460.12"
"31/01/2011","411.84","417.65","406.96","409.89","282983.04"
"01/02/2011","424.53","424.53","400.13","400.13","75981.58"
"02/02/2011","409.89","410.86","405.01","407.93","35033.58"
"03/02/2011","411.84","414.77","390.37","404.03","170312"
"04/02/2011","406.96","414.77","406.96","409.89","62650.58"
"07/02/2011","413.69","423.84","410.91","423.84","67675.58"
"08/02/2011","429.41","437.16","429.41","434.09","104165.23"
"09/02/2011","430.38","430.38","429.21","429.41","27420.26"
"10/02/2011","420.62","425.4","414.96","415.74","69980.07"
"11/02/2011","415.74","418.67","412.81","413.79","15850.67"
"14/02/2011","412.81","420.62","412.81","415.74","10897.4"
"15/02/2011","412.91","419.55","412.91","414.28","46319.34"
"18/02/2011","412.81","412.91","405.01","405.01","49250.93"
"21/02/2011","405.98","406.86","381.58","381.58","213538.87"
"22/02/2011","379.63","398.18","375.73","391.83","145979.08"
"23/02/2011","399.64","400.13","390.37","390.86","66864.04"
"24/02/2011","395.15","397.2","392.32","397.2","46518.12"
"25/02/2011","400.13","409.89","395.25","409.89","61484.5"
"28/02/2011","403.1","411.84","403.1","411.84","63311.5"
"01/03/2011","410.37","417.65","409.89","411.35","149903.58"
"02/03/2011","411.84","413.79","407.93","409.89","8384.9"
"03/03/2011","406.96","406.96","400.13","400.23","6911.42"
"04/03/2011","402.08","408.76","400.13","400.13","14100.53"
"07/03/2011","399.35","403.01","399.25","400.13","19288.45"
"08/03/2011","400.13","403.01","397.3","397.3","126367.85"
"09/03/2011","397.3","401.1","395.25","400.13","9689.31"
"10/03/2011","405.01","408.91","404.96","408.91","31890.91"
"11/03/2011","402.57","409.69","402.57","403.15","37230.48"
"14/03/2011","404.03","406.96","403.06","405.01","8311.13"
"15/03/2011","401.1","406.96","401.1","405.01","21089.83"
"16/03/2011","400.13","404.52","395.25","401.1","14233.74"
"17/03/2011","395.78","403.88","395.74","400.13","12550.2"
"18/03/2011","398.18","402.86","397.25","401.1","38285.9"
"21/03/2011","393.54","402.08","393.54","397.2","24594.21"
"22/03/2011","398.18","401.1","398.18","400.13","18330.38"
"23/03/2011","400.13","400.13","398.18","399.15","5760.71"
"24/03/2011","400.18","402.08","400.13","402.08","13168.08"
"25/03/2011","403.06","403.06","377.97","377.97","31681.88"
"28/03/2011","395.25","399.05","388.42","390.37","88329.92"
"29/03/2011","393.3","393.3","390.37","390.37","66400.89"
"30/03/2011","390.37","393.3","385.98","385.98","40054.48"
"31/03/2011","390.32","390.32","378.17","379.63","42158.14"
"01/04/2011","379.63","379.63","365.97","375.53","70045.65"
"04/04/2011","375.73","375.73","356.21","356.21","62644.44"
"05/04/2011","351.33","361.09","342.55","351.33","80465.56"
"06/04/2011","351.33","369.87","351.33","369.87","23097.16"
"07/04/2011","375.73","387.93","375.73","387","84935.18"
"08/04/2011","388.42","395.25","375.73","377.68","86855.42"
"11/04/2011","377.78","390.37","377.78","378.66","11737.63"
"12/04/2011","375.73","389.2","370.85","370.85","35481.37"
"13/04/2011","368.9","368.9","355.24","355.24","64617.96"
"14/04/2011","355.24","361.09","355.24","357.28","15655.98"
"15/04/2011","358.16","369.87","358.16","369.87","24488.67"
"18/04/2011","370.85","375.73","370.85","370.85","15212.3"
"19/04/2011","370.85","377.1","369.87","376.71","35531.58"
"20/04/2011","376.71","376.95","375.73","375.92","17435.84"
"21/04/2011","375.73","378.51","372.8","373.78","26182.46"
"22/04/2011","371.87","377.68","371.83","376.12","10673"
"25/04/2011","371.87","385.49","371.87","383.54","17853.91"
"26/04/2011","388.22","388.22","377.68","380.61","8556.02"
"27/04/2011","384.51","385","380.61","380.61","16663.24"
"28/04/2011","386.46","386.46","358.16","370.75","46211.75"
"29/04/2011","367.92","375.73","358.16","358.16","133293.62"
"02/05/2011","358.26","369.78","358.26","368.9","7381.75"
"03/05/2011","371.39","382.51","371.39","382.51","48910.74"
"04/05/2011","374.75","382.95","374.75","382.56","11222.22"
"05/05/2011","382.56","387.44","382.56","385.49","12852.48"
"06/05/2011","381.1","388.32","378.66","378.66","23277.51"
"09/05/2011","372.8","380.61","372.8","378.66","2429.5"
"10/05/2011","380.56","382.56","377.73","378.71","22296.89"
"11/05/2011","378.27","378.66","376.71","378.66","17009.58"
"12/05/2011","382.56","385.49","376.71","385.49","46621.62"
"13/05/2011","385.49","388.9","382.12","388.42","70844.9"
"16/05/2011","389.39","390.27","380.71","380.76","2060.62"
"17/05/2011","384.51","387.44","378.75","387.44","35240.57"
"18/05/2011","381.58","386.46","380.12","384.51","10106.35"
"19/05/2011","384.51","384.51","379.73","379.83","7022.09"
"20/05/2011","380.61","380.61","377.78","378.66","4666.36"
"23/05/2011","383.54","383.54","383.54","383.54","511.31"
"24/05/2011","378.66","382.51","378.61","378.61","23443.5"
"25/05/2011","378.61","379.63","375.73","375.73","20848.01"
"26/05/2011","375.78","382.56","375.78","382.56","30853.94"
"27/05/2011","378.66","383.54","377.97","383.54","4520.86"
"30/05/2011","380.66","384.51","380.66","384.51","8232.23"
"31/05/2011","384.46","384.51","381.58","381.58","33513.99"
"01/06/2011","379.15","383.54","379.15","380.61","2918.27"
"02/06/2011","381.1","387.15","381.1","385.49","143146.88"
"03/06/2011","385.49","386.42","382.56","384.51","1814.7"
"06/06/2011","381.58","381.58","380.61","380.61","3631.44"
"07/06/2011","380.61","380.61","377.68","378.66","7260.84"
"08/06/2011","376.71","376.8","373.78","373.78","16863.05"
"09/06/2011","374.02","379.63","372.8","372.8","6433.92"
"10/06/2011","372.8","374.75","372.8","372.9","4212.43"
"13/06/2011","372.95","372.95","370.85","370.85","8920.81"
"14/06/2011","374.75","375.73","374.7","374.7","21009.9"
"15/06/2011","370.95","376.71","370.85","370.85","16048.44"
"16/06/2011","370.85","371.83","367.92","370.85","47721.09"
"17/06/2011","368.9","368.95","364.02","366.99","26607.7"
"20/06/2011","366.02","371.83","364.99","364.99","137414.86"
"21/06/2011","365.97","365.97","361.24","362.12","19558.97"
"22/06/2011","362.07","366.85","362.07","364.02","14746.08"
"23/06/2011","361.09","361.09","356.21","358.5","27399.77"
"24/06/2011","358.5","361.09","356.21","356.21","268317.91"
"27/06/2011","357.67","357.67","353.82","354.26","42346.68"
"28/06/2011","354.26","356.21","353.28","353.28","35082.77"
"29/06/2011","353.28","354.26","347.48","347.48","115690.75"
"30/06/2011","351.33","351.33","347.43","349.38","25082.98"
"01/07/2011","349.38","351.33","349.38","350.36","7560.04"
"04/07/2011","350.36","355.24","350.36","355.24","9615.54"
"05/07/2011","351.38","359.14","346.45","351.33","30576.26"
"06/07/2011","351.33","351.82","351.33","351.33","3614.02"
"07/07/2011","359.92","359.92","354.26","356.21","12444.66"
"08/07/2011","356.21","356.21","356.02","356.21","4085.37"
"11/07/2011","356.21","356.21","351.33","351.33","3956.26"
"12/07/2011","351.33","352.31","351.33","351.53","7844.9"
"13/07/2011","352.31","357.19","352.31","355.24","22509"
"14/07/2011","353.77","353.77","351.33","351.33","8145.13"
"15/07/2011","351.33","356.21","351.33","355.24","9671.89"
"18/07/2011","356.21","356.21","349.48","356.21","16669.39"
"19/07/2011","351.33","355.04","351.33","355.04","14208.12"
"20/07/2011","351.43","355.24","351.43","355.24","3656.03"
"21/07/2011","351.43","351.92","346.74","346.74","7910.48"
"22/07/2011","346.74","353.72","346.45","346.45","3613"
"25/07/2011","346.74","355.24","346.5","355.24","2530.94"
"26/07/2011","353.28","355.24","350.45","353.72","16102.74"
"27/07/2011","350.36","350.36","346.45","346.99","16595.61"
"28/07/2011","348.4","348.89","343.91","346.45","13182.42"
"29/07/2011","346.45","348.4","343.52","344.5","12851.45"
"01/08/2011","341.57","354.16","341.57","354.16","17775.01"
"02/08/2011","346.65","346.65","346.65","346.65","180.34"
"03/08/2011","346.45","347.43","346.45","346.45","5700.26"
"04/08/2011","346.45","346.45","342.06","344.5","14541.14"
"05/08/2011","343.04","343.52","341.57","341.57","36926.16"
"08/08/2011","341.57","342.06","336.69","341.57","12365.76"
"09/08/2011","341.57","341.57","331.81","336.69","83860.3"
"10/08/2011","335.72","356.21","335.72","356.21","39016.49"
"11/08/2011","351.33","356.02","341.57","356.02","67866.17"
"12/08/2011","354.26","376.66","354.26","373.78","57116.32"
"15/08/2011","372.8","391.34","366.99","371.83","2058518.7"
"16/08/2011","367.97","370.85","363.14","364.02","18245.34"
"17/08/2011","368.9","368.9","364.02","364.02","4465.53"
"18/08/2011","365.97","365.97","364.02","365.97","37080.88"
"19/08/2011","365.78","365.78","358.16","360.16","2530.94"
"22/08/2011","363.53","364.99","358.16","360.11","3173.41"
"23/08/2011","361.09","368.9","357.19","368.9","9380.89"
"24/08/2011","359.43","365.97","359.14","362.07","5739.2"
"25/08/2011","361.09","363.97","359.14","359.14","17423.55"
"26/08/2011","361.09","364.9","361.09","364.9","18111.1"
"29/08/2011","364.9","365.87","362.07","365.68","6456.47"
"30/08/2011","373.48","373.48","368.9","372.7","5684.89"
"02/09/2011","373.78","378.66","371.87","373.78","149458.87"
"05/09/2011","373.63","377.68","373.63","375.73","200188.4"
"06/09/2011","375.73","377.49","366.95","366.95","32129.66"
"07/09/2011","365.97","372.8","365.97","370.85","9618.61"
"08/09/2011","367.09","368.02","366.17","366.17","14122.05"
"09/09/2011","366.07","368.9","358.75","358.75","12691.6"
"12/09/2011","360.11","361.09","358.85","361.09","56437.99"
"13/09/2011","361.09","364.85","358.16","364.85","2561.68"
"14/09/2011","358.21","363.92","358.21","361.09","3226.7"
"15/09/2011","359.63","359.63","346.45","346.45","15555.57"
"16/09/2011","349.38","351.33","346.45","346.45","32914.56"
"19/09/2011","347.43","359.97","347.43","357.67","128837.31"
"20/09/2011","358.16","358.16","351.33","351.33","16379.4"
"21/09/2011","351.33","356.21","349.48","356.21","15349.61"
"22/09/2011","351.33","355.24","351.33","352.31","7347.93"
"23/09/2011","346.55","351.33","346.55","351.33","4393.8"
"26/09/2011","348.4","350.36","347.43","347.72","46240.44"
"27/09/2011","347.43","357.19","347.43","357.19","112192.52"
"28/09/2011","357.19","361.09","356.31","361.04","12876.05"
"29/09/2011","361.09","364.99","361.09","363.09","15307.6"
"30/09/2011","369.53","369.53","358.8","367.82","12222.3"
"03/10/2011","366.95","369.39","366.95","367.92","72968.02"
"04/10/2011","367.87","367.92","356.21","356.21","25701.88"
"05/10/2011","352.31","356.21","352.31","353.33","139077.9"
"06/10/2011","353.28","356.21","353.28","355.24","145198.28"
"07/10/2011","353.28","355.43","353.28","355.43","19111.18"
"10/10/2011","358.16","358.16","354.26","358.07","5605.99"
"11/10/2011","354.31","355.43","354.31","355.43","814.62"
"12/10/2011","356.11","356.31","356.11","356.26","139448.83"
"13/10/2011","358.16","364.41","356.5","361.09","16981.91"
"14/10/2011","364.02","366.95","356.85","366.95","10248.78"
"17/10/2011","358.16","365.97","358.16","361.09","6611.19"
"18/10/2011","357.19","365.97","351.38","351.38","26417.11"
"19/10/2011","354.36","361.04","354.36","354.36","31394.97"
"20/10/2011","356.21","358.65","353.77","358.16","8723.04"
"21/10/2011","359.14","361.09","355.77","361.09","23291.85"
"24/10/2011","354.31","361.04","354.31","361.04","9764.11"
"25/10/2011","354.26","355.72","354.26","355.72","5068.03"
"26/10/2011","356.21","360.11","356.21","360.11","9467.98"
"27/10/2011","357.19","357.19","354.26","355.33","2933.64"
"28/10/2011","356.21","359.14","356.21","356.31","21218.94"
"31/10/2011","357.19","360.11","356.21","360.11","12175.17"
"01/11/2011","360.11","360.11","351.82","351.82","8018.07"
"02/11/2011","353.28","359.14","352.36","359.14","14790.14"
"03/11/2011","354.26","358.16","354.26","358.16","9122.67"
"04/11/2011","358.16","358.16","353.43","358.16","9321.45"
"09/11/2011","353.77","362.55","353.28","360.11","46306.02"
"10/11/2011","356.7","359.14","354.36","356.21","595.34"
"11/11/2011","352.31","353.87","352.31","352.5","4371.26"
"14/11/2011","352.31","358.94","351.38","358.94","1861.83"
"15/11/2011","353.77","358.07","353.77","358.07","10359.45"
"16/11/2011","353.28","353.77","353.28","353.77","3875.31"
"17/11/2011","353.77","356.21","353.77","354.02","5124.39"
"21/11/2011","353.77","356.21","351.33","356.21","9737.47"
"22/11/2011","351.82","353.19","348.89","348.89","530791.09"
"23/11/2011","350.36","350.84","347.43","348.01","31276.11"
"24/11/2011","348.01","350.36","347.43","349.38","20707.63"
"25/11/2011","349.38","355.14","349.38","351.33","17275.99"
"28/11/2011","347.43","349.38","346.45","349.38","15037.08"
"29/11/2011","344.5","346.45","344.5","345.96","8393.1"
"30/11/2011","345.96","350.36","345.48","350.36","24284.76"
"01/12/2011","351.33","351.33","346.45","348.4","7819.28"
"02/12/2011","348.89","356.21","348.89","356.21","13557.45"
"05/12/2011","346.55","359.14","346.55","356.94","16195.99"
"06/12/2011","353.28","354.26","350.36","354.26","31567.12"
"07/12/2011","351.33","355.72","336.69","351.33","48611.53"
"08/12/2011","346.45","356.21","346.45","352.36","113014.31"
"09/12/2011","358.11","358.11","351.33","351.33","27364.93"
"12/12/2011","348.4","358.16","347.43","358.16","12307.35"
"13/12/2011","350.89","359.14","350.89","359.14","11659.76"
"14/12/2011","352.36","360.11","352.36","356.21","18912.4"
"15/12/2011","353.28","354.26","352.31","352.31","26945.84"
"16/12/2011","356.21","356.21","353.33","354.45","42732.98"
"19/12/2011","356.21","358.94","353.28","358.94","14058.52"
"20/12/2011","361.09","364.02","360.11","361.09","42170.44"
"21/12/2011","361.09","369.87","361.09","366.99","60846.13"
"22/12/2011","370.85","374.75","368.9","369.87","760519.8"
"23/12/2011","369.87","369.87","353.33","353.33","22196.48"
"26/12/2011","361.09","365.97","357.19","363.97","25913.99"
"27/12/2011","359.14","362.07","356.21","356.21","117716.53"
"28/12/2011","353.48","360.11","352.31","360.11","141582.2"
"29/12/2011","360.11","360.11","338.55","338.55","371955.43"
"30/12/2011","354.26","354.26","341.57","341.67","50843.27"
"02/01/2012","350.36","353.28","347.43","347.43","1262.4"
"03/01/2012","347.43","348.4","341.57","347.43","6636.81"
"04/01/2012","353.28","355.67","341.67","355.24","12460.03"
"05/01/2012","358.16","358.16","351.87","353.28","13547.21"
"06/01/2012","351.33","353.28","351.33","353.28","9103.2"
"09/01/2012","353.28","355.24","351.38","355.24","8583.69"
"10/01/2012","355.24","355.24","354.26","355.04","8392.08"
"12/01/2012","355.04","355.04","349.48","352.31","5247.35"
"13/01/2012","352.31","354.5","349.38","349.38","16105.82"
"16/01/2012","349.38","353.19","349.38","349.43","5911.34"
"17/01/2012","349.48","352.5","349.38","351.33","24456.91"
"18/01/2012","353.28","353.28","349.53","353.28","9397.28"
"19/01/2012","350.36","353.28","349.87","353.28","10441.42"
"20/01/2012","352.31","353.28","346.45","353.28","42993.25"
"23/01/2012","349.53","353.28","349.53","353.28","7502.66"
"24/01/2012","353.19","353.28","351.33","353.28","9580.7"
"25/01/2012","350.06","353.28","350.06","353.28","76093.27"
"26/01/2012","350.4","352.31","350.36","352.31","1616.93"
"27/01/2012","351.33","351.33","350.36","350.6","15939.82"
"30/01/2012","350.6","351.33","350.6","351.33","16065.86"
"31/01/2012","350.84","353.28","350.84","353.28","28335.3"
"01/02/2012","349.48","354.26","349.48","354.26","20406.37"
"02/02/2012","350.89","355.19","350.89","355.19","7360.23"
"03/02/2012","354.26","365.97","352.4","361.09","77093.36"
"07/02/2012","358.46","370.85","358.46","368.36","11611.6"
"08/02/2012","363.04","369.87","363.04","366.95","29454.24"
"09/02/2012","367.92","367.92","365.97","365.97","7613.32"
"10/02/2012","363.04","363.04","361.09","361.09","11004.99"
"13/02/2012","359.29","367.43","359.29","367.43","3670.38"
"14/02/2012","361.33","362.07","359.53","359.53","47351.18"
"15/02/2012","359.14","360.11","359.14","360.11","8258.87"
"16/02/2012","361.09","365.97","361.09","364.02","14215.3"
"17/02/2012","365.97","365.97","360.6","364.02","29252.38"
"20/02/2012","363.97","364.51","361.58","364.51","7274.16"
"21/02/2012","362.07","362.07","360.11","362.07","6606.07"
"22/02/2012","361.09","364.51","361.09","364.02","68320.1"
"23/02/2012","364.02","364.02","360.21","361.09","155353.81"
"24/02/2012","361.09","363.87","359.43","363.87","6492.33"
"27/02/2012","363.82","363.82","360.16","361.09","11040.86"
"28/02/2012","360.11","363.04","360.11","363.04","5180.75"
"29/02/2012","363.04","364.02","363.04","364.02","31707.5"
"01/03/2012","364.02","365.87","362.07","365.19","27698.97"
"02/03/2012","361.09","365.68","361.09","364.02","5060.86"
"05/03/2012","359.24","364.7","359.24","364.02","5894.95"
"06/03/2012","361.09","364.02","361.09","363.87","25389.36"
"07/03/2012","363.82","364.02","361.09","361.09","16022.82"
"08/03/2012","360.6","361.29","359.24","361.29","3758.5"
"09/03/2012","359.24","361.09","359.24","361.09","2584.23"
"12/03/2012","359.33","362.94","356.21","359.92","4220.63"
"13/03/2012","356.21","359.04","356.21","359.04","1221.41"
"14/03/2012","356.31","357.67","356.31","357.67","10971.18"
"15/03/2012","356.21","356.5","356.21","356.26","9153.41"
"16/03/2012","356.21","356.21","354.26","354.26","13594.34"
"19/03/2012","354.26","356.21","354.26","355.24","6950.36"
"20/03/2012","354.26","355.24","352.31","353.28","59944.42"
"21/03/2012","353.28","353.28","352.4","352.8","15891.66"
"22/03/2012","352.31","353.19","349.38","351.33","13521.59"
"23/03/2012","351.33","352.7","349.38","349.38","13449.86"
"26/03/2012","351.33","351.33","346.45","348.4","4307.73"
"27/03/2012","342.55","344.5","340.21","341.67","68251.45"
"28/03/2012","342.55","342.55","341.57","341.57","34526.37"
"29/03/2012","342.6","344.5","342.6","344.5","10697.59"
"30/03/2012","344.99","351.33","344.5","351.33","49065.46"
"02/04/2012","351.33","351.33","345.48","345.48","7536.47"
"03/04/2012","345.48","345.57","341.57","341.57","21549.91"
"04/04/2012","342.55","343.52","341.57","341.57","14152.79"
"05/04/2012","341.57","342.06","341.57","341.57","44853.03"
"06/04/2012","341.57","341.62","341.57","341.57","26750.12"
"09/04/2012","341.57","344.26","341.57","344.26","10646.36"
"10/04/2012","341.57","342.55","341.57","341.57","112993.81"
"11/04/2012","333.76","344.5","333.76","335.72","7775.22"
"12/04/2012","335.72","335.72","333.76","333.76","8527.33"
"13/04/2012","333.76","338.64","323.76","323.76","52459.18"
"16/04/2012","324.05","324.98","324.05","324.98","496.97"
"17/04/2012","330.84","332.79","330.84","331.33","44130.64"
"18/04/2012","333.76","336.69","330.93","336.69","31602.98"
"19/04/2012","327.91","332.79","327.91","331.81","4654.07"
"20/04/2012","331.81","331.81","326.93","330.84","34272.25"
"23/04/2012","330.84","331.33","330.79","331.33","3522.83"
"24/04/2012","331.33","331.81","327.91","327.91","8058.03"
"25/04/2012","327.03","327.03","326.93","326.93","2612.92"
"26/04/2012","324.98","326.93","324.98","326.93","23562.37"
"27/04/2012","324.01","326.93","320.98","320.98","15940.84"
"30/04/2012","322.05","324.88","322.05","324.01","17820.1"
"02/05/2012","322.05","324.01","322.05","322.05","9021.22"
"03/05/2012","323.03","323.91","322.1","323.03","7725.01"
"04/05/2012","325.47","325.47","322.05","324.44","13628.16"
"07/05/2012","324.01","329.86","322.1","329.86","7521.1"
"08/05/2012","322.15","331.72","322.05","331.72","6268.95"
"09/05/2012","329.86","329.86","326.93","326.93","2157.96"
"10/05/2012","329.86","332.79","326.93","332.79","8957.7"
"11/05/2012","326.93","331.81","326.93","331.72","26784.96"
"14/05/2012","330.84","331.81","330.84","331.81","9361.42"
"15/05/2012","331.81","331.81","326.93","326.93","17306.73"
"16/05/2012","326.93","326.93","321.91","321.91","37501"
"17/05/2012","322.01","322.01","309.51","310.83","25218.24"
"18/05/2012","308.39","308.39","300.58","306.44","30275"
"21/05/2012","307.42","313.27","307.42","313.27","9284.57"
"22/05/2012","313.27","321.08","313.27","318.15","615999.86"
"23/05/2012","318.15","332.79","318.15","332.79","22991.62"
"24/05/2012","336.69","341.57","334.74","339.52","80939.98"
"25/05/2012","339.52","351.33","339.52","351.33","77059.54"
"28/05/2012","354.16","362.07","354.16","360.21","50563.54"
"29/05/2012","364.02","365.97","358.36","358.36","38547.19"
"30/05/2012","351.33","351.33","345.48","346.45","53238.96"
"31/05/2012","350.26","356.21","346.5","356.21","79674.51"
"01/06/2012","352.31","356.21","352.31","355.24","26197.83"
"04/06/2012","346.45","347.62","343.52","343.57","11391.3"
"05/06/2012","341.57","344.5","332.79","332.79","17521.92"
"06/06/2012","332.84","332.84","326.93","326.93","17327.23"
"07/06/2012","339.47","339.47","328.4","328.4","610.71"
"08/06/2012","335.72","340.6","335.72","340.6","22055.07"
"11/06/2012","340.6","345.38","337.67","338.74","2712.31"
"12/06/2012","339.62","347.43","336.79","347.43","61931.26"
"13/06/2012","341.57","342.55","341.57","342.55","25143.44"
"14/06/2012","339.96","344.99","339.62","341.57","10868.71"
"15/06/2012","341.57","341.57","334.74","334.74","25956"
"18/06/2012","339.18","344.01","323.03","331.81","9521.27"
"19/06/2012","326.49","341.43","326.49","338.64","1767.56"
"20/06/2012","336.74","344.5","336.74","344.5","21869.6"
"21/06/2012","344.5","347","344.5","345","24343"
"22/06/2012","341","344.9","340","344.9","5175"
"25/06/2012","338.05","342","338.05","342","4832"
"26/06/2012","344.7","344.7","331","331","366519"
"27/06/2012","339.95","340","331.15","340","1095413"
"28/06/2012","340","340","335.1","335.1","1924010"
"29/06/2012","334","340","334","335.1","100675"
"02/07/2012","334.5","340","334.5","340","4317"
"03/07/2012","344","344","340","342","62268"
"04/07/2012","343.9","345","340.15","345","12808"
"05/07/2012","340","345","340","345","3572"
"06/07/2012","345","347","337","340","8650"
"09/07/2012","345","345","330","332","12784"
"10/07/2012","339","339","332.05","332.05","3986"
"11/07/2012","335","335","335","335","42400"
"12/07/2012","332.05","332.05","330","332","21061"
"13/07/2012","332","332","328","328","6841"
"16/07/2012","327.15","336.95","327.05","336.95","8462"
"17/07/2012","338.5","345","336.95","345","36423"
"18/07/2012","340","345","340","345","27650"
"19/07/2012","336.05","346.65","336","345","36927"
"20/07/2012","345","345","339.1","344.9","23028"
"23/07/2012","336.3","345.9","336","345.9","2595"
"24/07/2012","337.55","344","337.55","341","6823"
"25/07/2012","338","344","338","344","9278"
"26/07/2012","340.1","344.95","340","344.95","2400"
"27/07/2012","344.9","345","340","342","128854"
"31/07/2012","338.05","346","338.05","346","19861"
"01/08/2012","345","346.8","345","346.5","35065"
"02/08/2012","345","346","342","346","35157"
"03/08/2012","346.8","346.8","345","345","38790"
"06/08/2012","340","344.45","339","339","9619"
"07/08/2012","338","340.15","338","340.15","4212"
"08/08/2012","340.2","344.8","340.2","341","6821"
"09/08/2012","345","345","340.5","345","25507"
"10/08/2012","341","345","340","344.8","83040"
"13/08/2012","342","345","342","345","6179"
"15/08/2012","345","345","337.2","337.2","12104"
"16/08/2012","337.6","340","337.6","338.1","8202"
"17/08/2012","337","338","336","336.5","12376"
"22/08/2012","337","339.85","337","339.85","2941"
"23/08/2012","336.1","340","330","340","18744"
"24/08/2012","340","340","332.65","333.05","2152"
"27/08/2012","339.9","339.9","333.35","338.8","1232"
"28/08/2012","339.9","339.9","339","339.9","6120"
"29/08/2012","340","340","339","339.75","2908"
"30/08/2012","339","340","336","340","10423"
"31/08/2012","340","343","340","343","16816"
"03/09/2012","336.6","344","336.6","344","22454"
"04/09/2012","338.55","340","338.55","339.5","19293"
"05/09/2012","337.1","337.7","337.1","337.7","6674"
"06/09/2012","339","339","335","337","25511"
"07/09/2012","335.2","335.3","332","335","18724"
"10/09/2012","335","337","333","335","27683"
"11/09/2012","334.2","339","334.2","335.1","2542"
"12/09/2012","335","336","335","335.1","8020"
"13/09/2012","333.65","335.05","333.6","335","18454"
"14/09/2012","335","335","333.5","334","12208"
"17/09/2012","335","335","331","334.95","7993"
"18/09/2012","331.65","334","331.65","334","7800"
"19/09/2012","334","334","325.2","330","17999"
"20/09/2012","326","330","323.5","325","18533"
"21/09/2012","321.6","325","320","325","73877"
"24/09/2012","325","329","322","325.15","27856"
"25/09/2012","325","325","322","322","191433"
"26/09/2012","325","329","325","329","2870"
"27/09/2012","324","325","321.05","325","22949"
"28/09/2012","321","324.5","318.1","323.5","40371"
"01/10/2012","325","325","319.1","325","13351"
"02/10/2012","321","325","319.55","324","3532"
"03/10/2012","320","323","319.5","323","178649"
"04/10/2012","323","324.9","320.15","324.9","36580"
"05/10/2012","325","329","321.5","329","34051"
"08/10/2012","329","330","327","327","6935"
"09/10/2012","322.05","325","322.05","323.1","28310"
"10/10/2012","323.1","327","322.8","327","3108"
"11/10/2012","323","323.2","322.5","323","16558"
"12/10/2012","327","327","319","320","182454"
"15/10/2012","320.05","321","317","317","37241"
"16/10/2012","312.1","312.5","310.2","312.5","15300"
"17/10/2012","315","315","309.6","310","26137"
"18/10/2012","313.3","313.3","309.6","310","24546"
"19/10/2012","309","310","309","310","27498"
"22/10/2012","313.5","323","312.3","323","10274"
"23/10/2012","322.95","322.95","315","315.1","5583"
"24/10/2012","322.85","322.85","310.1","317","24731"
"25/10/2012","317","323","312.5","323","20876"
"29/10/2012","316","324.75","316","322.5","606353"
"30/10/2012","322.5","322.5","316.1","316.1","10008"
"31/10/2012","322","323.5","320","323.5","26421"
"01/11/2012","316.6","324.4","316.55","320","1708"
"02/11/2012","320","323.5","317.3","323.5","12214"
"05/11/2012","320","325","318","325","9830"
"07/11/2012","325","335","325","332","46347"
"08/11/2012","332.5","338.9","325.6","332","45121"
"09/11/2012","328","332.6","322","322.7","16730"
"12/11/2012","322","327.9","322","327.9","769"
"13/11/2012","327.95","327.95","323","326","20569"
"14/11/2012","327.5","327.5","323","326.2","2700"
"15/11/2012","326.2","329.65","325.05","329","9746"
"19/11/2012","326.6","333","325.1","325.1","38839"
"20/11/2012","326","329.55","323.75","325.1","16193"
"21/11/2012","324.2","327.95","323.5","326","5774"
"22/11/2012","323.25","327","323.25","323.5","1380"
"23/11/2012","325","325","323.3","325","9967"
"26/11/2012","323","325","321.05","325","1797"
"27/11/2012","323.15","328","321","328","24315"
"28/11/2012","323.55","325","322.5","323","21231"
"29/11/2012","322","330","322","330","47727"
"30/11/2012","327","331","324.5","330","73899"
"03/12/2012","330","330","325.05","325.05","17622"
"04/12/2012","323","328.5","321.05","328.5","35526"
"05/12/2012","328.9","329.5","323.6","325.2","11366"
"06/12/2012","328","328","324.8","325","5677"
"07/12/2012","328","328.8","328","328.8","11877"
"10/12/2012","325","328.75","325","328.75","16573"
"11/12/2012","328.8","329.7","327.1","329","25205"
"12/12/2012","326.1","329","325","325","19945"
"13/12/2012","325.05","329","325.05","329","95347"
"14/12/2012","325.1","325.4","325.1","325.15","3484"
"17/12/2012","323.6","327.45","322","327.45","47164"
"18/12/2012","322.1","326","322.1","324.45","48832"
"19/12/2012","324","325.5","324","325.5","11770"
"20/12/2012","326","326","323.2","323.2","24834"
"21/12/2012","321","324.8","320","320","77195"
"24/12/2012","315.1","320","315.1","320","2038888"
"25/12/2012","317","320","317","317","67875"
"26/12/2012","317","317","315","315","1518994"
"27/12/2012","315","315","304.5","304.5","303751"
"28/12/2012","306.5","315","306.5","315","153675"
"31/12/2012","315","319.75","305.1","313","156617"
"02/01/2013","305.5","313.95","305","310","109755"
"03/01/2013","311","313","311","313","3688"
"04/01/2013","312","312","306","310","3654"
"07/01/2013","309","310","309","310","38894"
"08/01/2013","306","312.5","305","311.9","133069"
"09/01/2013","310","312.45","307.65","312","70570"
"10/01/2013","312","313","310","310","9417"
"14/01/2013","311","311","305.1","306.95","50384"
"15/01/2013","306","306.5","303","303","132517"
"16/01/2013","303","303.85","300","300","132486"
"17/01/2013","300","302.85","300","301","20772"
"18/01/2013","300","305","300","304.5","56672"
"21/01/2013","301","309.7","300","309.4","10935"
"22/01/2013","301.5","304.9","300.35","304.9","5049"
"23/01/2013","301.35","301.35","300","300","25365"
"28/01/2013","303","305","300","305","29846"
"29/01/2013","302.5","315","302.5","314.5","116841"
"30/01/2013","310","310","309","310","24979"
"31/01/2013","312","313.95","310","311","24239"
"01/02/2013","310","311.05","310","311","50707"
"04/02/2013","311","311","306.35","311","28400"
"05/02/2013","307.6","313.9","307.6","313.9","19865"
"06/02/2013","313.9","314","311.05","314","37124"
"07/02/2013","308.1","310","308.1","308.3","10289"
"08/02/2013","308.2","309","306","306","24219"
"11/02/2013","306","306","302","305","11460"
"12/02/2013","302.4","305","302.4","305","13744"
"13/02/2013","303.25","306.95","303.25","305","19519"
"14/02/2013","305","305","303","305","17389"
"15/02/2013","302.5","302.6","300","300","189342"
"18/02/2013","300","303.9","300","303.9","8986"
"19/02/2013","300.25","303.9","300","303.5","18979"
"20/02/2013","301.35","305","301.35","303.5","25053"
"21/02/2013","301.4","302.95","300.05","302.95","30224"
"22/02/2013","300.05","302.5","300.05","302.5","16270"
"25/02/2013","300","305.8","300","302.45","11709"
"26/02/2013","300.05","300.05","300","300","39592"
"27/02/2013","300","301.5","300","301.5","6635"
"28/02/2013","300","303","300","303","21949"
"01/03/2013","300","300.15","300","300","23886"
"04/03/2013","300","305","300","304.9","14132"
"05/03/2013","305","305","300","300","18676"
"06/03/2013","300","300.1","300","300","10495"
"07/03/2013","300","301.9","300","301.9","32764"
"08/03/2013","302","302","300","300","28509"
"11/03/2013","300","300","300","300","19053"
"12/03/2013","300","305","300","304.9","121352"
"13/03/2013","304.9","307.9","300.3","300.3","7905"
"14/03/2013","300.1","304","300.1","304","5531"
"15/03/2013","301","305","301","303","27071"
"18/03/2013","306.2","306.2","301.15","306","25225"
"19/03/2013","302","303.5","301.6","303.5","33367"
"20/03/2013","302","303.5","301.2","303.5","16433"
"21/03/2013","305","310","305","307","123167"
"22/03/2013","307","309.8","307","308.5","68507"
"25/03/2013","309.85","311.8","309.7","310","39326"
"26/03/2013","310","315","310","313.55","24899"
"27/03/2013","310.2","315","310.2","315","51099"
"28/03/2013","312.05","320","312.05","320","58534"
"29/03/2013","324","324","320","320","33524"
"01/04/2013","323","323.9","320","323","10623"
"02/04/2013","320","323","320","323","25023"
"03/04/2013","320","322","317.2","319","119235"
"04/04/2013","319","320","318.9","320","27107"
"05/04/2013","320","320","318","320","23699"
"08/04/2013","322","327.7","319.05","325","69902"
"09/04/2013","327","340","327","340","93884"
"10/04/2013","340","350","340","341","75042"
"11/04/2013","341","348","341","345","96857"
"12/04/2013","342.05","343.8","342.05","342.1","34781"
"15/04/2013","345","345","342","342","23431"
"16/04/2013","341","341","338","339.1","90008"
"17/04/2013","338.9","339","334","334","48425"
"18/04/2013","334","336.9","332","334","18135"
"19/04/2013","336.5","336.5","335","336","19795"
"22/04/2013","336","338","335","337","16040"
"23/04/2013","337","337","334","336","23191"
"24/04/2013","336","337.8","335","336.8","46304"
"25/04/2013","336","336","336","336","16753"
"26/04/2013","335","336","334","335.9","36700"
"29/04/2013","334","334","333","334","38257"
"30/04/2013","335","335.3","330","335","79456"
"02/05/2013","330.5","336","330.5","336","27106"
"03/05/2013","336.5","337","336","336.1","27529"
"06/05/2013","336.95","339.95","336.95","338","46585"
"07/05/2013","338","339","338","339","25628"
"08/05/2013","338","339.9","338","339.9","17486"
"09/05/2013","338","339.9","338","339","27544"
"10/05/2013","339.85","339.85","339","339","24743"
"13/05/2013","338.1","340","338.1","340","13868"
"14/05/2013","339.9","339.9","338","338.5","22970"
"15/05/2013","339.45","339.45","338","338.75","32654"
"16/05/2013","338.7","338.7","337","337","55399"
"17/05/2013","330","330","327","330","67090"
"20/05/2013","327","330","324","324","23756"
"21/05/2013","324","324.05","320","320","67305"
"22/05/2013","320","320.1","320","320","39939"
"23/05/2013","320","320","319.5","319.5","30695"
"24/05/2013","316","319","316","316","6977"
"27/05/2013","316","316","313","315","8422"
"28/05/2013","314","314","311","314","15791"
"29/05/2013","315","316.05","313","316.05","27794"
"30/05/2013","312.5","316.1","312.5","316.1","22231"
"31/05/2013","316","318","314","318","60326"
"03/06/2013","318","319.9","318","319.9","16334"
"04/06/2013","317","320","317","320","8352"
"05/06/2013","320","320","317","318.15","15149"
"06/06/2013","318","318","316","318","14288"
"07/06/2013","318","318","317.05","318","62706"
"10/06/2013","318","318.05","311","311","58566"
"11/06/2013","310","314","310","314","46015"
"12/06/2013","312","318","312","318","12585"
"13/06/2013","318","318.5","316","316","47069"
"14/06/2013","314.05","314.15","312.15","314.1","15731"
"17/06/2013","315.1","315.1","311.2","311.2","10411"
"18/06/2013","312.1","320","312.1","320","21402"
"19/06/2013","318","324.95","318","321.15","37233"
"20/06/2013","315.1","325","315.1","325","64658"
"21/06/2013","323","329.95","320","320","63239"
"24/06/2013","315.05","322.5","315.05","320.05","32817"
"25/06/2013","316.1","328","316.1","328","1292650"
"26/06/2013","329.9","329.95","325.4","328","12483"
"27/06/2013","321","328.5","321","327.9","4042140"
"28/06/2013","320.1","328","320.1","327.9","27922"
"01/07/2013","315","326","315","320","19018"
"02/07/2013","318.05","320","318.05","320","15734"
"03/07/2013","320","325.95","320","325.95","20816"
"04/07/2013","320.05","326","320.05","326","5662"
"05/07/2013","322.05","326.9","320.05","326.9","10838"
"08/07/2013","327","327","320.25","326.85","22496"
"09/07/2013","325","327","322.45","327","10425"
"10/07/2013","327","328.45","323.15","328.45","10227"
"11/07/2013","321.5","328","321.5","328","16716"
"12/07/2013","324.05","329","324.05","329","10394"
"15/07/2013","324.5","328","324.5","328","9386"
"16/07/2013","327","328.5","324.15","328.5","61267"
"17/07/2013","329","330","325","330","24205"
"18/07/2013","329","330","329","330","9030"
"19/07/2013","327","330","325.55","330","16524"
"22/07/2013","321.2","325","321","324","18066"
"23/07/2013","318","329.9","318","329.9","37742"
"24/07/2013","324","324","323.25","323.55","6069"
"25/07/2013","323.4","328.9","323.4","328.9","28187"
"26/07/2013","325.65","330","325.65","330","14126"
"29/07/2013","327","330","323.5","323.5","39031"
"31/07/2013","323","325.05","323","325.05","17197"
"01/08/2013","324","325.5","324","325","11236"
"02/08/2013","324.05","325.1","324.05","325","9384"
"05/08/2013","325","325","312.15","320","4052"
"06/08/2013","318.05","325","318.05","325","14197"
"07/08/2013","325","325","321","321","4485"
"08/08/2013","320.05","321.15","320","321.15","7627"
"12/08/2013","320","321.3","320","321.3","4873"
"13/08/2013","316.2","328.5","316.2","327.5","14453"
"15/08/2013","329.45","329.45","319","319","10803"
"16/08/2013","317","320.05","317","320.05","2835"
"19/08/2013","317.5","318.25","317.5","318.25","2457"
"22/08/2013","317.05","317.2","316.5","316.5","5807"
"23/08/2013","316.2","320","316.2","320","18565"
"26/08/2013","316.4","320","316","316.2","82987"
"27/08/2013","316.15","318","315.6","315.6","31355"
"28/08/2013","315","316.05","315","316.05","3761"
"29/08/2013","315","315","312.5","313.2","7732"
"30/08/2013","319.9","319.9","313.2","313.55","20180"
"02/09/2013","312.1","319.8","312.1","314","2249"
"03/09/2013","314.05","314.55","314.05","314.55","2992"
"04/09/2013","314","319.8","314","319.8","43286"
"05/09/2013","314.1","314.75","314","314.75","3207"
"06/09/2013","314.5","314.5","314","314.5","6328"
"09/09/2013","314","319.9","314","314","8797"
"10/09/2013","313.25","313.25","310","310","17524"
"11/09/2013","308","308","306","306","11230"
"12/09/2013","308","312","304","305.1","39730"
"13/09/2013","309","310","306","310","6784"
"16/09/2013","303","312.9","303","310","5915"
"17/09/2013","310","310","306.8","310","19177"
"18/09/2013","305.5","312.4","305.5","307.5","4438"
"19/09/2013","305.1","310","305","307","18888"
"20/09/2013","305.15","312","305.15","312","54909"
"23/09/2013","312","312","307","307","13558"
"24/09/2013","307.1","313.1","307","313.1","67393"
"25/09/2013","310","315","310","315","11297"
"26/09/2013","310.5","316","310.5","315","6280"
"27/09/2013","315.1","330","312.1","317","124714"
"30/09/2013","317","317","317","317","8971"
"01/10/2013","317","317.05","317","317","2471"
"02/10/2013","320","320","317","317","7900"
"03/10/2013","318.95","321","318","320","62322"
"04/10/2013","315.05","323","315.05","320","39054"
"07/10/2013","317.1","320.05","317.1","320.05","3374"
"08/10/2013","323.5","332","323","330","98121"
"09/10/2013","329.9","330","325.1","325.6","82807"
"10/10/2013","323","324.05","322","324.05","41472"
"11/10/2013","325","327.5","320","325","14735"
"14/10/2013","321.7","321.8","320.05","320.05","6579"
"15/10/2013","320","328","320","328","19888"
"21/10/2013","325","326.85","323","326.85","22615"
"22/10/2013","324","324.7","324","324.65","23283"
"23/10/2013","326.95","326.95","322.1","326.9","13278"
"24/10/2013","326","326","323.55","324.7","12704"
"25/10/2013","326","329.3","325.05","329.3","18490"
"28/10/2013","327","339.95","327","338","106667"
"29/10/2013","336","345","332.1","337","127694"
"30/10/2013","337","337","330","335","47158"
"31/10/2013","335","335","332.05","332.1","31105"
"01/11/2013","328","331.1","325","325","56505"
"04/11/2013","330","330","323","325","36951"
"07/11/2013","326","328","326","328","26120"
"08/11/2013","328","334","323.05","323.05","45048"
"11/11/2013","321.6","328","321.5","321.5","7155"
"12/11/2013","321.2","322","320","320","46457"
"13/11/2013","320.1","326.95","319.05","320.55","36166"
"14/11/2013","318.5","323.95","318.5","322","5901"
"15/11/2013","321.1","321.2","319.1","319.1","26592"
"19/11/2013","318.6","318.6","315.05","317","58390"
"20/11/2013","315.3","317","315.3","316.9","71328"
"21/11/2013","315.35","315.5","315","315","93563"
"22/11/2013","314.55","314.55","309.3","311.85","131246"
"25/11/2013","308","319","307","319","263817"
"26/11/2013","316","318","305","305","1187644"
"27/11/2013","310.55","317","305","307.1","1209217"
"28/11/2013","310.2","310.2","305","307","248635"
"29/11/2013","310.5","312.9","310","311","5567"
"02/12/2013","310","313","310","313","6955"
"03/12/2013","313","314.75","307.1","307.1","116304"
"04/12/2013","308","312","308","308","16233"
"05/12/2013","308.1","312.3","308","308","14006"
"06/12/2013","308","312.9","305","305","68409"
"09/12/2013","307","310","307","309.5","41349"
"10/12/2013","307.1","310","307.1","307.45","16409"
"11/12/2013","307","307.45","305.5","307.45","33232"
"12/12/2013","308","309","308","308.95","35628"
"13/12/2013","307.5","309.8","307.5","309.8","7246"
"16/12/2013","309","309","307","309","5863"
"17/12/2013","307","309.8","307","307.65","1507388"
"18/12/2013","308","309","307.65","309","21659"
"19/12/2013","309","311.8","309","311.8","25714"
"20/12/2013","309.1","310.05","305.6","305.6","31280"
"23/12/2013","306.15","307","305.1","306.1","12130"
"24/12/2013","305.1","307.9","305.1","306","3850"
"25/12/2013","307.5","307.5","306.05","307","4591"
"26/12/2013","308.95","308.95","306.05","306.95","6298"
"27/12/2013","307","307","305.15","305.15","10286"
"30/12/2013","306","306","305.5","306","2622520"
"31/12/2013","303.05","308.7","303.05","305","34980"
"02/01/2014","306","307","303.05","303.3","3323"
"03/01/2014","307.5","307.5","307","307","7730"
"06/01/2014","305","307","305","307","50540"
"07/01/2014","307.5","308.9","305.05","308.9","14604"
"08/01/2014","306.4","306.4","305.1","305.1","10895"
"09/01/2014","305.5","308","305.1","308","2074"
"10/01/2014","308","309","305","305","45361"
"13/01/2014","305.1","310","305.1","308.6","8262"
"16/01/2014","308.65","310","306","309.95","41761"
"17/01/2014","306.4","306.4","305.5","305.5","4938"
"20/01/2014","305.1","306","303.55","306","5548"
"21/01/2014","308","308.8","306.15","307.9","6488"
"22/01/2014","307.9","307.9","304.3","305.5","78400"
"23/01/2014","305.2","308","305","305.55","8800"
"24/01/2014","305.55","306.8","303.6","306.8","16586"
"27/01/2014","304","306.4","304","306.4","30889"
"28/01/2014","304.1","305.55","304.1","305.55","31955"
"29/01/2014","306","306","303.85","305","34866"
"30/01/2014","304","305.95","304","305.95","32173"
"31/01/2014","304.25","305.95","304.25","305","8137"
"03/02/2014","304.5","306","304.5","306","90875"
"04/02/2014","304.9","305.95","304.9","305.95","58169"
"05/02/2014","305","305.95","305","305","210267"
"06/02/2014","305","306","305","305.95","29242"
"07/02/2014","305","306","305","305.15","104537"
"10/02/2014","306","308","305.5","308","959"
"11/02/2014","306.2","307","305.05","306","25624"
"12/02/2014","305.25","307","305.25","307","10543"
"13/02/2014","305.65","306","305.65","306","14233"
"14/02/2014","305.8","306","305.75","305.9","63836"
"17/02/2014","305.05","307.45","305","307.45","4347"
"18/02/2014","307.5","308.1","307.05","307.8","58796"
"19/02/2014","307.75","307.8","306.25","307.6","59008"
"20/02/2014","306.1","307.8","306.1","307.75","23162"
"21/02/2014","306.35","308.95","306.35","308.8","11698"
"24/02/2014","306.65","309","306.65","308.5","1661"
"25/02/2014","308","308","307.05","307.05","11765"
"26/02/2014","309","309","307.05","308","2201"
"27/02/2014","307.2","309","307.2","308.5","25882"
"28/02/2014","308.6","310","307.25","310","118130"
"03/03/2014","310.5","314","310","310","14379"
"04/03/2014","311","313","308","313","41960"
"05/03/2014","313","313","309","310","115859"
"06/03/2014","310.25","317","310.25","313.6","28400"
"07/03/2014","318.4","318.4","313.5","316.2","44056"
"10/03/2014","318","318","315.15","317.8","2860"
"11/03/2014","318","318.2","313.5","317.5","29004"
"12/03/2014","314","317.8","313.1","316.9","1812"
"13/03/2014","317","318","314.5","318","25559"
"14/03/2014","314.5","317.95","314.5","317.4","15922"
"17/03/2014","317.35","317.35","315.2","315.7","12173"
"18/03/2014","315.7","317","315.5","317","19132"
"19/03/2014","315.25","317","315.25","315.5","9779"
"20/03/2014","316.8","316.9","315.3","315.55","35899"
"21/03/2014","314.1","315","312","315","1924"
"24/03/2014","311","311.05","310","310","34639"
"25/03/2014","309.2","315","309.2","315","41402"
"26/03/2014","311.6","315.8","311.6","314.5","15627"
"27/03/2014","311.8","316.5","311.8","316.5","24922"
"28/03/2014","312.1","314.5","312.1","314.5","5143"
"31/03/2014","312.6","316.3","312.6","312.7","11977"
"01/04/2014","312.7","315.75","310.15","315.75","11800"
"02/04/2014","312.7","313","311.75","312.9","56637"
"03/04/2014","315.6","315.6","310.2","312","33198"
"04/04/2014","312","312","309","311","18131"
"07/04/2014","314.95","314.95","310.55","314","10541"
"08/04/2014","313","315","313","315","16657"
"09/04/2014","313.5","316","311.6","316","6873"
"10/04/2014","313.5","315","311.5","315","9947"
"11/04/2014","314","315","313.5","315","4984"
"14/04/2014","312.5","313","312.5","313","5321"
"15/04/2014","314","317.8","313","317.8","28609"
"16/04/2014","313.1","317","313.1","317","16144"
"17/04/2014","315","316","313.5","316","14749"
"18/04/2014","314.9","317","314.9","317","2121"
"21/04/2014","315","316","315","316","17472"
"22/04/2014","315","315","314.9","315","10916"
"23/04/2014","315","315","314","315","14284"
"24/04/2014","313.5","316.35","313.5","314","10461"
"25/04/2014","313.8","316","313.7","316","3485"
"28/04/2014","314","314","311.05","311.05","5443"
"29/04/2014","311.05","312.1","311.05","312.1","26929"
"30/04/2014","315.8","316.8","312.2","316.8","40729"
"02/05/2014","313.8","315","313.55","315","7179"
"05/05/2014","313.6","314.05","313.6","313.75","3639"
"06/05/2014","313.75","315","313.75","315","13200"
"07/05/2014","314","314.9","314","314.9","6362"
"08/05/2014","314.2","314.2","312.6","312.6","13633"
"09/05/2014","313","315","311.05","315","22473"
"12/05/2014","314.9","315","312.1","312.1","4280"
"13/05/2014","312.2","314.8","312.2","314.8","5469"
"14/05/2014","312.6","315","312.6","315","4377"
"15/05/2014","312.7","313.05","312.7","312.9","11235"
"16/05/2014","312","314","312","314","4930"
"19/05/2014","312.9","314","312.15","314","13978"
"20/05/2014","314.5","314.5","312","312","178"
"21/05/2014","311.4","312.15","311.4","312.15","16474"
"22/05/2014","312","312.15","310.5","310.5","6641"
"23/05/2014","311","313.9","311","313.9","4004"
"26/05/2014","311.3","311.3","311.3","311.3","1827"
"28/05/2014","312","314.6","312","314","33104"
"29/05/2014","314","314","311.55","311.55","14163"
"30/05/2014","311.35","314","311.35","314","20892"
"02/06/2014","311.5","314.7","311.1","311.5","10689"
"03/06/2014","311.5","311.55","311","311","13241"
"04/06/2014","312","312","312","312","985"
"05/06/2014","311","311","310.4","310.5","13104"
"06/06/2014","310.5","311","310.3","311","3821"
"09/06/2014","311","311.5","311","311.1","2478"
"10/06/2014","311.45","311.5","310","311","5179"
"11/06/2014","311","311.5","310","310.5","11686"
"12/06/2014","310.5","313.5","310.5","313.5","15614"
"16/06/2014","311","312","311","311.2","3196"
"17/06/2014","311","311.5","310.6","311.5","27426"
"18/06/2014","312.5","313","312.5","312.9","634"
"19/06/2014","313","314","312.5","312.5","68668"
"20/06/2014","309.8","309.8","302","307","67440"
"23/06/2014","306","306","303.2","304","23190"
"24/06/2014","304.25","306","304.25","306","7851"
"25/06/2014","306","307","306","307","61589"
"26/06/2014","306.5","310","306","306","28769"
"27/06/2014","305.2","309.75","305.2","306","1459001"
"30/06/2014","306","306","303","304.3","53369"
"01/07/2014","307","307","307","307","1928"
"02/07/2014","305","305","303.6","304.15","6229"
"03/07/2014","303.1","304.15","303.1","304.15","12010"
"04/07/2014","303.7","305","303.7","305","16198"
"07/07/2014","303.7","307.5","303.7","307.5","55033"
"08/07/2014","306","306","304.2","304.2","9121"
"09/07/2014","304","305","304","304.65","5964"
"10/07/2014","304.65","305","304.5","305","9823"
"11/07/2014","304.5","305","304.5","304.5","9847"
"14/07/2014","306.6","308","305","307.5","12435"
"15/07/2014","305","305.3","305","305.3","9888"
"16/07/2014","305.3","305.55","305.3","305.55","35203"
"17/07/2014","305.25","305.6","305.25","305.6","12994"
"18/07/2014","305.6","306","305.6","306","155"
"21/07/2014","306.05","306.1","306.05","306.1","1141"
"22/07/2014","306.1","307","306.1","307","12523"
"23/07/2014","307","307","306.5","306.6","30000"
"24/07/2014","307","308.9","307","308.9","10417"
"25/07/2014","308","308","306.65","306.65","3162"
"31/07/2014","306.85","310","306.85","310","36915"
"01/08/2014","308.55","309.5","308.1","309.5","11059"
"04/08/2014","309.5","310","307.05","310","15582"
"05/08/2014","308.1","311.75","308.1","311.75","11067"
"06/08/2014","308.1","312.9","308.1","312.9","11636"
"07/08/2014","314.5","314.5","311.05","314","3210"
"08/08/2014","310.25","314.2","310.25","314","28623"
"11/08/2014","310.05","314","310.05","313.85","36422"
"12/08/2014","312","313","312","313","53133"
"13/08/2014","312","314","312","314","18235"
"15/08/2014","314","314","312.6","314","8859"
"18/08/2014","314","314","314","314","98177"
"19/08/2014","314.25","318","314.25","318","51247"
"22/08/2014","314.5","315","314.35","315","3063"
"25/08/2014","318.5","318.5","318.5","318.5","1"
"26/08/2014","315.1","320","315.05","320","25341"
"27/08/2014","320","324","320","324","24770"
"28/08/2014","324","325","320","325","49357"
"29/08/2014","325","326","325","325.7","63778"
"01/09/2014","323.05","328","323.05","328","31738"
"02/09/2014","329","329","325","328.5","18528"
"03/09/2014","326.5","329","324.9","324.9","32552"
"04/09/2014","325","325","322","324.9","10239"
"05/09/2014","323.1","326.95","323.1","325","16823"
"08/09/2014","325","326","325","325.15","11110"
"09/09/2014","325","330","325","330","47017"
"10/09/2014","331","340.05","331","337.5","876118"
"11/09/2014","338","338","331","331","62738"
"12/09/2014","337.5","337.5","331","331","19150"
"15/09/2014","329.15","331","329.15","331","18487"
"16/09/2014","327","332","327","331","19489"
"17/09/2014","332","337","331","337","59347"
"18/09/2014","338","338","335","335.1","41266"
"19/09/2014","337.95","345","337.95","340.25","54803"
"22/09/2014","342.85","344","340","344","52086"
"23/09/2014","338","344","338","341.7","64641"
"24/09/2014","340","342.8","333","336","47523"
"25/09/2014","333.5","339.45","333.5","339.45","33669"
"26/09/2014","335","344.5","335","344.5","39916"
"29/09/2014","344","344","339.5","340","25520"
"30/09/2014","338.3","345","338.3","345","63735"
"01/10/2014","342","346","342","345","36115"
"02/10/2014","343","345","342.05","342.05","15158"
"03/10/2014","342","344.95","340","340.65","16259"
"07/10/2014","337.55","344","337.55","338","3134"
"08/10/2014","343.9","343.9","338","340","28500"
"09/10/2014","343.9","343.9","335","338.15","15805"
"10/10/2014","336.25","338.15","336.2","338.15","44827"
"13/10/2014","337","338","336.2","338","39546"
"14/10/2014","336","339","336","339","19854"
"15/10/2014","339","340","338","339","16939"
"16/10/2014","337","337","336","336.1","31001"
"17/10/2014","335.1","339","335.1","339","9550"
"20/10/2014","336","336.5","336","336.1","11213"
"21/10/2014","336.05","338","336.05","336.15","4153"
"22/10/2014","336.5","338.9","336.5","338.9","11286"
"23/10/2014","338.9","344","338","342","408564"
"24/10/2014","342","348.85","341","344","95054"
"27/10/2014","346","348","337","340","30831"
"28/10/2014","348","348","340","340","23652"
"29/10/2014","338","348","338","344","82565"
"30/10/2014","343.95","349","341.15","349","53029"
"31/10/2014","349","350","343.15","345","13367"
"03/11/2014","343.5","348","343.5","348","11649"
"04/11/2014","343.7","347.5","343.7","345","13408"
"05/11/2014","344.1","344.1","341","341","171547"
"07/11/2014","342.05","342.05","341.1","341.55","18355"
"10/11/2014","341","342.9","341","341","12553"
"11/11/2014","341","341.05","340","340.5","4627"
"12/11/2014","340.55","340.55","340.05","340.15","9150"
"13/11/2014","340.5","340.5","337.1","337.1","32134"
"14/11/2014","337.5","337.5","335.15","337.1","26213"
"17/11/2014","338.15","342.9","336.1","342.9","1777"
"19/11/2014","340","340.15","340","340.15","11652"
"20/11/2014","342.9","342.95","340","341.9","9491"
"21/11/2014","341","342","341","342","9835"
"24/11/2014","340","340","336.55","336.55","7973"
"25/11/2014","336","336.9","335.25","336.9","13661"
"26/11/2014","341.5","341.5","335.15","337","45193"
"27/11/2014","338.95","338.95","334.95","336","18012"
"28/11/2014","337.9","337.9","337","337","29236"
"01/12/2014","335.15","341.8","332.1","337.05","48933"
"02/12/2014","337","337.5","337","337.5","28377"
"03/12/2014","335","340","335","340","22853"
"04/12/2014","340","340.05","340","340","40246"
"05/12/2014","340","340.15","340","340.15","70698"
"08/12/2014","340.05","340.5","340.05","340.5","20089"
"09/12/2014","340.05","340.5","340","340","64494"
"10/12/2014","340","340.95","340","340.5","54819"
"11/12/2014","335","335.1","335","335","26860"
"12/12/2014","335","340.5","335","338","374334"
"15/12/2014","339","339","335","335","41109"
"16/12/2014","335","341.1","335","341.1","23961"
"17/12/2014","336.5","340.55","336","340.55","41557"
"18/12/2014","340.55","343.95","340.55","343.95","108513"
"19/12/2014","338.75","341","338.5","340.05","65259"
"22/12/2014","338.5","341","338.5","340","687325"
"23/12/2014","340","340.3","340","340.3","103948"
"24/12/2014","340","340.5","340","340.5","116285"
"25/12/2014","340","340.15","340","340.15","6185"
"26/12/2014","340","340","339","340","6781700"
"29/12/2014","340","340.3","340","340.25","10825"
"30/12/2014","340.25","343.5","340.25","343.5","29485"
"31/12/2014","343.45","344","340.3","344","41247"
"02/01/2015","341.5","344.15","341.5","343.9","42230"
"06/01/2015","343.9","344","343.9","343.9","22038"
"07/01/2015","344","348.9","343.9","348.9","38051"
"08/01/2015","344.1","354.5","344.1","352","72329"
"09/01/2015","359.45","361","354.5","360","107036"
"12/01/2015","360","363.7","355","363.7","22397"
"13/01/2015","363.7","375.2","363.7","375.2","50057"
"14/01/2015","370","375.2","370","374","85117"
"15/01/2015","361","373","361","370","29891"
"16/01/2015","370","375","370","371","220375"
"19/01/2015","369","370","362","365","13505"
"20/01/2015","365.1","370","365","370","7752"
"21/01/2015","370","370","363","369","14058"
"22/01/2015","365","365","361.65","361.65","8926"
"23/01/2015","361","361","357.05","359","68091"
"26/01/2015","360","360.05","355","360","86824"
"27/01/2015","360","360.5","358","360.05","45876"
"28/01/2015","356","362.5","356","362.5","6089"
"29/01/2015","362.5","362.5","360","360","8883"
"30/01/2015","360","366","360","366","24894"
"02/02/2015","360.05","366","357.05","366","11322"
"03/02/2015","368","368","358.8","364","5963"
"04/02/2015","364","368.9","364","368.9","26788"
"05/02/2015","368.9","370.9","366.1","366.1","56802"
"06/02/2015","369.95","370","366.15","369.7","16068"
"09/02/2015","370","370","365.55","367.5","21326"
"10/02/2015","367.5","369.9","366","369.9","15175"
"11/02/2015","370","370.05","368","369","13566"
"12/02/2015","367","369","365.2","365.55","84284"
"13/02/2015","365.6","366","365.6","366","13544"
"16/02/2015","366","367.05","366","366.5","14413"
"17/02/2015","367","367","366.1","366.2","8597"
"18/02/2015","369.9","369.9","365.5","367","11849"
"19/02/2015","370","380","370","377","131850"
"20/02/2015","376.95","377","374","377","19946"
"23/02/2015","375","378","374.6","375","16832"
"24/02/2015","378","378","373.05","373.2","15441"
"25/02/2015","372","376.95","372","376.95","20547"
"26/02/2015","374","377","373.25","377","11523"
"27/02/2015","373.35","376.85","373.35","376.85","21036"
"02/03/2015","377.9","378","374.1","377","35142"
"03/03/2015","376.95","376.95","372.1","375","18948"
"04/03/2015","372.1","378","371.15","378","10149"
"05/03/2015","374.1","379.95","374","379.95","20065"
"06/03/2015","379","381","379","381","21040"
"09/03/2015","379.05","382","379.05","382","69055"
"10/03/2015","380","382","380","382","20670"
"11/03/2015","381.95","381.95","380","380","138881"
"12/03/2015","380","380","378","378.9","23641"
"13/03/2015","378.9","381","376.5","381","298387"
"16/03/2015","377","377","375.65","375.65","21096"
"17/03/2015","375.65","379.95","371.1","379.95","24474"
"18/03/2015","377","377.85","371.5","377.85","23266"
"19/03/2015","372","378.85","371.5","377.9","46476"
"20/03/2015","377","377.9","376.5","377.7","85748"
"23/03/2015","376.5","380","374.5","380","60526"
"24/03/2015","379.9","379.9","375.1","378.95","7740"
"25/03/2015","379.9","379.9","375.3","378","4094"
"26/03/2015","378","378","375.2","376","23693"
"27/03/2015","376","376","373","373","46326"
"30/03/2015","373.15","378","373.15","378","33230"
"31/03/2015","378","378","374.6","375","5687"
"01/04/2015","375","375","371","371","30703"
"02/04/2015","370","370","366","367","33400"
"03/04/2015","365.05","365.05","356","358","18579"
"06/04/2015","360","371","355.5","371","10020"
"07/04/2015","368","368","360.55","360.55","25084"
"08/04/2015","362","366","360.5","361","40063"
"09/04/2015","355","360","355","360","38765"
"10/04/2015","357.05","360.1","357.05","360","21136"
"13/04/2015","356.25","360","356.25","358","19265"
"14/04/2015","358","360","358","360","4404"
"15/04/2015","365","365","360.8","360.8","20766"
"16/04/2015","360","361","360","361","14746"
"17/04/2015","360.05","375","357.85","367","365580"
"20/04/2015","365","365","359.05","360","37103"
"21/04/2015","359","359","357.3","358.5","6886"
"22/04/2015","358.25","359.15","358.25","359.15","11853"
"23/04/2015","359","361","359","361","8700"
"24/04/2015","361","361","358.55","360","12520"
"27/04/2015","360","361.5","358.1","361.5","2981"
"28/04/2015","358.6","360","358.6","360","54752"
"29/04/2015","358.05","360","358.05","360","22407"
"30/04/2015","360","362","360","360","66021"
"04/05/2015","360.05","361.9","360","361.8","16832"
"05/05/2015","368.5","368.5","360","360.6","2728"
"06/05/2015","366.95","366.95","358.55","362","2912"
"07/05/2015","360","360","358","358","15036"
"08/05/2015","358.1","358.25","358.1","358.25","7520"
"11/05/2015","358","358.25","352.1","357","34008"
"12/05/2015","356","357","355","355","23268"
"13/05/2015","351","351.55","351","351.55","1695"
"14/05/2015","351.1","351.1","350.45","351","44048"
"15/05/2015","350.15","353","350.15","351","11774"
"18/05/2015","351","351.05","350.55","351.05","7252"
"19/05/2015","353","353","352","352","16089"
"20/05/2015","352.15","353","351","351","7495"
"21/05/2015","351","351","351","351","1201"
"22/05/2015","351","360","351","352.05","1127676"
"25/05/2015","359","359","352","352","422"
"26/05/2015","359","359","352.05","352.15","7515"
"27/05/2015","345","351.5","345","349.9","637636"
"28/05/2015","350","350.5","350","350.5","8811"
"29/05/2015","350.45","354.7","346.25","354.7","67735"
"01/06/2015","354.7","356","354.7","355.05","29939"
"02/06/2015","354.1","354.1","354","354","11855"
"03/06/2015","356","356","354.1","354.5","10981"
"04/06/2015","351.5","354.55","350","354","13525"
"05/06/2015","354","354","351.1","353.05","7871"
"08/06/2015","355","355","350.1","355","13521"
"09/06/2015","352","354","352","353.25","9868"
"10/06/2015","351","354","350.4","351.35","9810"
"11/06/2015","351.15","351.2","351.15","351.2","12338"
"12/06/2015","351.4","355.9","351.3","355.9","6590"
"15/06/2015","355","355","352.05","352.05","9969"
"16/06/2015","352.05","352.1","352.05","352.1","11872"
"17/06/2015","352.1","355.9","352.1","352.25","8699"
"18/06/2015","352","352","351.55","351.6","12503"
"19/06/2015","352.6","353","351","351","62373"
"22/06/2015","342","342.55","342","342.55","5746"
"23/06/2015","343.5","353.6","343.5","353.6","9827"
"24/06/2015","350","350","344.4","348.5","12635"
"25/06/2015","345","350","345","350","26129"
"26/06/2015","345.1","351","345.1","348","1348061"
"29/06/2015","346","351","346","348.05","154967"
"30/06/2015","348","350","347","350","983512"
"01/07/2015","349.95","349.95","345.5","346.5","16875"
"02/07/2015","349.9","350","346.05","350","13438"
"03/07/2015","346.05","350","346.05","350","13159"
"06/07/2015","347.1","350","347.1","350","23995"
"07/07/2015","348","350","348","350","8989"
"08/07/2015","350","351","349.95","351","58451"
"09/07/2015","351","351.95","351","351.05","18661"
"10/07/2015","347.1","352","347.1","352","15729"
"13/07/2015","350","354","350","352.2","30669"
"14/07/2015","352.2","352.35","352.2","352.35","9155"
"15/07/2015","352.5","355","352.5","355","31534"
"16/07/2015","355","357","355","355","41402"
"20/07/2015","355","358","355","356.15","28695"
"21/07/2015","356","358","353.15","358","19192"
"22/07/2015","357.95","357.95","352.65","353.05","13075"
"23/07/2015","354.05","357.9","354.05","357.5","27437"
"24/07/2015","355.05","358.5","355.05","358.5","119823"
"27/07/2015","355","356","355","356","9387"
"28/07/2015","356","358.95","356","356.5","24493"
"29/07/2015","355.35","358.95","355.3","356.05","7488"
"31/07/2015","356.05","358.5","356","356.05","127095"
"03/08/2015","360","360","356.75","360","3806"
"04/08/2015","356","365","356","365","126492"
"05/08/2015","360","360","355.3","355.3","24518"
"06/08/2015","356","362","355","355.5","15813"
"07/08/2015","355.55","355.55","355.1","355.1","22471"
"10/08/2015","355.1","355.1","352.7","355","18922"
"11/08/2015","352.6","352.6","350","350","24556"
"12/08/2015","360","360","350.2","350.2","8002"
"13/08/2015","350.25","351","350","350","43526"
"17/08/2015","350","351.5","345","345","15594"
"18/08/2015","345","345.2","345","345.2","11168"
"19/08/2015","353.9","353.9","346.1","346.1","1512"
"24/08/2015","346.5","347","343","343","81843"
"25/08/2015","341.1","341.1","330.2","332","33736"
"26/08/2015","332","335","330","330.05","34639"
"27/08/2015","334","338","332","335","40544"
"28/08/2015","333","333","332.05","332.6","10882"
"31/08/2015","331.5","335","331.05","335","27927"
"01/09/2015","332","335","332","332.05","21843"
"02/09/2015","333","333.1","333","333.05","13439"
"03/09/2015","333.05","343.5","333.05","343.5","13016"
"04/09/2015","333.1","340","333","340","10811"
"07/09/2015","335","335.05","335","335.05","240"
"08/09/2015","335","344.8","335","340.2","45396"
"09/09/2015","340","340.25","340","340","31607"
"10/09/2015","344.7","344.7","340.1","340.3","13656"
"11/09/2015","335.1","342.5","335","340.05","55120"
"14/09/2015","335.05","344.5","335.05","344.5","11387"
"15/09/2015","337","339.5","336.1","339","25943"
"16/09/2015","336.7","340","336.6","340","3105"
"17/09/2015","337.05","339","335","335","21406"
"18/09/2015","335","335.15","333.05","333.1","137145"
"21/09/2015","333.55","333.6","333","333","62591"
"22/09/2015","333.5","333.5","331","333.5","1624"
"23/09/2015","339","345","339","345","16482"
"28/09/2015","348.8","348.8","335","335.1","17634"
"29/09/2015","335.05","344.35","335","335.1","19127"
"30/09/2015","335.15","335.5","335","335.1","22640"
"02/10/2015","335","335.1","331","334.9","13457"
"05/10/2015","331","332","320.5","332","45320"
"06/10/2015","339.95","339.95","332","332","56436"
"07/10/2015","332","336","330.1","331.05","19292"
"08/10/2015","332","332","330.1","330.15","48637"
"09/10/2015","330.05","330.05","330","330.05","6850"
"12/10/2015","328","330","325","330","104939"
"13/10/2015","325","328.5","325","328.5","16770"
"14/10/2015","325","329","325","329","3220"
"16/10/2015","325.6","329.9","325.5","329.9","37453"
"19/10/2015","325.35","328.8","325.3","328.8","13504"
"20/10/2015","329.4","329.4","325.35","328.8","10479"
"21/10/2015","325.15","328","325.1","328","11275"
"22/10/2015","326.5","327.9","325.2","327.9","17444"
"23/10/2015","325.35","327.9","325.35","327.9","9443"
"26/10/2015","328","328","326","327.9","13142"
"27/10/2015","328","328","325.6","327.7","28318"
"28/10/2015","327.9","327.9","326","326.2","14293"
"29/10/2015","328.35","328.35","325","325","13383"
"30/10/2015","325","327.75","325","326","52350"
"02/11/2015","326","326.05","326","326","163710"
"03/11/2015","326.1","329","326.05","329","2687"
"04/11/2015","326.2","326.2","326","326.05","1543"
"05/11/2015","326.05","329","326","327.9","6887"
"09/11/2015","328.5","328.5","327","327","14141"
"10/11/2015","328","329","328","328.1","9343"
"11/11/2015","328.1","333","328.1","332","110535"
"12/11/2015","333","338","333","333","22547"
"13/11/2015","333","333","330","333","15594"
"16/11/2015","337","337","332","332","12917"
"17/11/2015","332.5","332.5","330.55","332","40354"
"19/11/2015","331","331.55","331","331.55","2960"
"20/11/2015","330.05","332","330.05","332","10658"
"23/11/2015","328.6","330","328","330","16385"
"24/11/2015","330","330","330","330","3876"
"25/11/2015","330","330","330","330","4096"
"26/11/2015","332","332","326.15","328","4749"
"27/11/2015","326.6","330","326.5","329","4874"
"30/11/2015","327.2","327.2","327","327","40495"
"01/12/2015","326.5","327","326","326","13633"
"02/12/2015","330","330","326.05","326.05","13877"
"03/12/2015","326.05","326.15","326.05","326.1","13864"
"04/12/2015","330.9","330.9","326.1","326.1","4191"
"07/12/2015","326.3","326.5","325","326.5","20625"
"08/12/2015","331","331","325","325","126262"
"09/12/2015","325.25","325.25","325","325","162561"
"10/12/2015","325","325","325","325","32115"
"11/12/2015","325","325.05","325","325","107340"
"14/12/2015","325","325.05","325","325","6725"
"15/12/2015","325","330","325","325.05","321064"
"16/12/2015","325","330.05","325","330","132932"
"17/12/2015","330","331.95","330","330","94397"
"18/12/2015","330","331.9","330","330.05","67410"
"21/12/2015","330","330","330","330","18521"
"22/12/2015","326.5","330","326.5","330","31119"
"23/12/2015","330","331","330","330.05","1063140"
"28/12/2015","330","332","325","325","4942709"
"29/12/2015","330","334.9","325","334.9","1500622"
"30/12/2015","328","330","326.2","330","13288"
"31/12/2015","330.1","337.9","325.6","337.9","503715"
"04/01/2016","331","334.5","329","329","7276"
"05/01/2016","327.1","330","326.5","330","11320"
"06/01/2016","330","330","326.25","330","38700"
"07/01/2016","326.7","330","326.7","330","4840"
"08/01/2016","326.45","328","326.45","327","26606"
"12/01/2016","327.05","327.15","327","327.15","24168"
"13/01/2016","327.2","329","327.15","328.9","22800"
"14/01/2016","328.1","329.7","328","329","20766"
"15/01/2016","329.8","329.8","328.1","329","38800"
"18/01/2016","329","329.05","328.1","329.05","15962"
"19/01/2016","328","330.2","328","329.05","8130"
"20/01/2016","329.1","330","329.1","330","4239"
"21/01/2016","330","330","328.15","328.15","66382"
"22/01/2016","330","330","328.25","328.3","14182"
"25/01/2016","330","330.05","330","330","27175"
"26/01/2016","330","330","328.05","328.05","91999"
"27/01/2016","328.05","330","328.05","328.2","24272"
"28/01/2016","328.2","330","328.05","330","13304"
"29/01/2016","328.2","329.85","328.2","328.25","17167"
"01/02/2016","328.25","330","328.25","330","10260"
"02/02/2016","330","334","330","334","37843"
"03/02/2016","331","331.5","331","331.5","32275"
"04/02/2016","333","333","332","333","14781"
"05/02/2016","332.5","333.1","332.25","333","35711"
"08/02/2016","334.9","339","333","333.1","5152"
"09/02/2016","333.1","337","333.1","333.15","5089"
"10/02/2016","333.15","334","333.15","334","7494"
"11/02/2016","333.2","334","333.2","334","5260"
"12/02/2016","334","337","333.1","334","40539"
"15/02/2016","333.8","333.8","333","333","8168"
"16/02/2016","333","334.9","333","334.9","48404"
"17/02/2016","333","333.05","333","333","20218"
"18/02/2016","333.05","336","333.05","336","39420"
"19/02/2016","337","340","333.55","340","65807"
"22/02/2016","335","340","333.1","340","8879"
"23/02/2016","344","344","334","334","3145"
"24/02/2016","342.8","342.8","330","330","22776"
"25/02/2016","330","331.5","328.1","331.5","11770"
"26/02/2016","329.5","330.5","329.5","330.5","27137"
"29/02/2016","331.5","331.5","330","331","225143"
"01/03/2016","331","331.05","330.05","330.2","13706"
"02/03/2016","330","335","330","335","12100"
"03/03/2016","335","335.15","335","335","9068"
"04/03/2016","330.55","330.55","330","330.5","2177"
"07/03/2016","330.65","335","330.6","335","5047"
"08/03/2016","337","337","334","336.9","17541"
"09/03/2016","335","335","333","333","2840"
"10/03/2016","331","337","330.6","337","3991"
"11/03/2016","333.05","336.45","333.05","333.55","11011"
"14/03/2016","333.55","333.55","333.55","333.55","16476"
"15/03/2016","333.55","333.55","333.55","333.55","2655"
"16/03/2016","333.6","339.5","333.6","339.5","28836"
"17/03/2016","339.5","341.05","336","336","185870"
"18/03/2016","335.5","340","335.5","336","12059"
"21/03/2016","335.1","336","335.1","336","6999"
"22/03/2016","336","343","336","343","49515"
"23/03/2016","340.2","343","340.2","343","34350"
"24/03/2016","341.05","343.9","340.1","340.1","6955"
"25/03/2016","344","344","336","336","8869"
"28/03/2016","336","342","335.1","342","1716"
"29/03/2016","336.5","336.7","336.2","336.7","5298"
"30/03/2016","336.2","336.55","336.2","336.55","5283"
"31/03/2016","336.7","338.15","336.7","338.15","21320"
"01/04/2016","342.5","342.5","336.2","336.2","14294"
"04/04/2016","340","341.5","340","341","77332"
"05/04/2016","341","345","341","341.6","73557"
"06/04/2016","341.6","341.75","340","340","160721"
"07/04/2016","337","340","337","340","54493"
"08/04/2016","342.5","343","337.1","337.1","15078"
"11/04/2016","338","338","338","338","9051"
"12/04/2016","336","341","336","341","70819"
"13/04/2016","341","341.05","341","341.05","39257"
"14/04/2016","341","341.05","341","341.05","50201"
"15/04/2016","341","344","341","344","100616"
"18/04/2016","340","341","340","341","63345"
"19/04/2016","340","341","340","341","11536"
"20/04/2016","341.05","344","341.05","344","15138"
"21/04/2016","341","342","341","341.1","56937"
"22/04/2016","340.6","341.05","340.6","341.05","43054"
"25/04/2016","341.05","341.05","341.05","341.05","19818"
"26/04/2016","341.05","344","341.05","344","28048"
"27/04/2016","341.15","345","341.15","345","11418"
"28/04/2016","342","347","342","347","20599"
"29/04/2016","348","358","348","358","94658"
"02/05/2016","350","365.6","350","355.1","16680"
"03/05/2016","355.1","355.2","354","355.1","15939"
"04/05/2016","355","360","355","359","21672"
"05/05/2016","356","368","356","357","111963"
"06/05/2016","359","359","357","357.5","18100"
"09/05/2016","356.95","361.05","356.95","361.05","65086"
"10/05/2016","364.4","365","356.25","360","29469"
"11/05/2016","356.6","362","356.6","362","10335"
"12/05/2016","357.05","357.05","356","356","18086"
"13/05/2016","356","357","350","350","22222"
"16/05/2016","348","350","347.5","347.5","3973"
"17/05/2016","354.9","354.9","350","350","44775"
"18/05/2016","347.5","354.9","347.5","350","73046"
"19/05/2016","352","352","350","350","30943"
"20/05/2016","350","350.1","350","350","33631"
"23/05/2016","350","350","345.25","349","8495"
"24/05/2016","345.65","350","345.35","350","64373"
"25/05/2016","350","350","345.7","345.7","21529"
"26/05/2016","346.1","350","345.7","350","15456"
"27/05/2016","351","355","351","351","1132852"
"30/05/2016","351","351","348","351","54067"
"31/05/2016","350","350","350","350","67421"
"01/06/2016","350","350","350","350","39070"
"02/06/2016","350","350","350","350","23736"
"03/06/2016","351","351","350","351","70951"
"06/06/2016","356","356","350.15","354","13361"
"07/06/2016","351","354","351","352.1","40282"
"08/06/2016","355","355","354","355","396116"
"09/06/2016","353","353","351","351","12162"
"10/06/2016","351.2","351.2","351","351","5743"
"13/06/2016","348.05","349.2","348.05","349.2","18460"
"14/06/2016","351","351","351","351","26868"
"15/06/2016","351","351","351","351","8068"
"16/06/2016","351","355","351","352","39966"
"17/06/2016","351.1","351.1","351.1","351.1","15229"
"20/06/2016","351","352","351","351.3","12404"
"21/06/2016","351.1","355","351.1","355","10963"
"22/06/2016","344.5","344.5","341.05","342","33324"
"23/06/2016","343","344","338","344","26223"
"24/06/2016","340","340","338.5","340","18368"
"27/06/2016","335","340","335","340","1980154"
"28/06/2016","340.05","344","340.05","344","14954"
"29/06/2016","340.55","344","340.55","344","9431"
"30/06/2016","341.1","344","341","344","11203"
"01/07/2016","342","344","342","344","61999"
"04/07/2016","342","342","342","342","261407"
"05/07/2016","344","344","342.05","344","8676"
"11/07/2016","343","344","343","344","32517"
"12/07/2016","346","346","346","346","52559"
"13/07/2016","346","346.55","346","346.55","27501"
"14/07/2016","347.1","356","347.1","353.1","128421"
"15/07/2016","353.1","356","351","356","77773"
"18/07/2016","352","352","350","350","36164"
"19/07/2016","350.1","357","350","357","35354"
"20/07/2016","349.55","350.6","349.55","349.7","39399"
"21/07/2016","349.05","349.7","346.6","346.6","32001"
"22/07/2016","345.15","346","345.15","346","12626"
"25/07/2016","346","346.1","346","346.05","2291"
"26/07/2016","347","347","346.05","346.05","37347"
"27/07/2016","345","346.05","345","346.05","2623"
"28/07/2016","345.6","348","345.6","348","26113"
"29/07/2016","346.05","349","346","346","20709"
"01/08/2016","346","346","345.05","345.05","5913"
"02/08/2016","345.05","349","345.05","349","17895"
"03/08/2016","345.35","348.95","345.35","348.95","7744"
"04/08/2016","346","346.5","346","346","17456"
"05/08/2016","346","346.1","346","346.1","14436"
"08/08/2016","346","348.5","345.6","348.5","6770"
"09/08/2016","346.3","349.9","346.3","349.9","12165"
"10/08/2016","347.05","350","347.05","350","9468"
"11/08/2016","347.2","349.05","347.2","349","10177"
"12/08/2016","349","349","348.05","349","20160"
"15/08/2016","348.05","349","348.05","349","7076"
"16/08/2016","349","350","347.55","349","45509"
"17/08/2016","349","350.05","349","350","48937"
"18/08/2016","350.05","350.05","348","350","96635"
"19/08/2016","350","355","350","355","16469"
"22/08/2016","350","350","349","350","88259"
"23/08/2016","350","350","350","350","24796"
"24/08/2016","350","350","350","350","76847"
"25/08/2016","350","353","350","352","12196"
"26/08/2016","350.05","351.05","350.05","350.5","52005"
"29/08/2016","350.5","350.5","350.05","350.5","53303"
"30/08/2016","350.5","350.5","350.5","350.5","41104"
"31/08/2016","350.5","350.55","348.5","348.5","52682"
"01/09/2016","349","350","349","350","21876"
"02/09/2016","349","352.5","349","352.5","2401"
"05/09/2016","349","352","349","349","10246"
"06/09/2016","349.05","350.85","349.05","350.85","25080"
"07/09/2016","352","353.1","350.9","353.1","50764"
"08/09/2016","354","358.8","354","358.8","38634"
"09/09/2016","353.1","359","353.1","359","20974"
"14/09/2016","358","359","355","358","36767"
"15/09/2016","350.1","355","350.1","355","16291"
"16/09/2016","355","357.9","351","357.9","114690"
"19/09/2016","354","357.8","354","357.8","3645"
"20/09/2016","358","358","353","357.95","19629"
"21/09/2016","358.9","358.9","353.1","357","16906"
"22/09/2016","356.5","358","355","358","48477"
"23/09/2016","353.3","357.8","353.3","357.8","14040"
"26/09/2016","353.55","357","353.3","357","56642"
"27/09/2016","355","356.5","354.05","356.5","63310"
"28/09/2016","356.8","356.8","354.3","355.1","15104"
"29/09/2016","354.1","355.1","354.1","355.1","132546"
"30/09/2016","355","355.1","355","355.1","90076"
"04/10/2016","355.1","356.05","355.1","356","49806"
"05/10/2016","359.95","369","358","369","106794"
"06/10/2016","365.05","373","365","373","112846"
"07/10/2016","370.05","380","369.05","380","53410"
"10/10/2016","381","384.5","374","379","107485"
"11/10/2016","377","380","374","379","129135"
"12/10/2016","379.7","380","375","380","111762"
"13/10/2016","379.95","379.95","375.05","378","45339"
"14/10/2016","378.9","379.8","375.25","377.5","39285"
"17/10/2016","379.5","379.9","374","378.9","19674"
"18/10/2016","379","379","376.15","378.9","9829"
"19/10/2016","376.9","378.9","376.15","378.45","20074"
"20/10/2016","378.9","378.9","376.15","378.45","18317"
"21/10/2016","376.15","378","376.15","378","27070"
"24/10/2016","378","378","377","378","12223"
"25/10/2016","378","378.1","378","378","31220"
"26/10/2016","378","378","377.05","378","8096"
"27/10/2016","378","378","377","377","25294"
"28/10/2016","378.9","391","378.85","391","70730"
"31/10/2016","400","410","400","407.6","88336"
"01/11/2016","405","410","404.8","404.8","64685"
"02/11/2016","400.05","404.8","398","404.8","59739"
"03/11/2016","395","401","380","401","234280"
"04/11/2016","400","400","381.9","388.95","49063"
"07/11/2016","385","392","385","390","18542"
"08/11/2016","389","390","388","390","21646"
"09/11/2016","390.2","397.7","390.1","393.05","12924"
"10/11/2016","391","395","391","395","135724"
"11/11/2016","398.9","398.9","394.7","394.7","236233"
"14/11/2016","395","395","391","394.7","41664"
"15/11/2016","395","396","390.05","394.7","13284"
"16/11/2016","395","398","393","394.5","45245"
"17/11/2016","392.7","394.5","390","394","20594"
"21/11/2016","390","394.4","390","390","23052"
"22/11/2016","390","393","390","392.85","69429"
"23/11/2016","390.05","395","389","395","30851"
"24/11/2016","391","394.5","391","394.5","3007"
"25/11/2016","394.5","394.5","391.1","393.45","3746"
"28/11/2016","394","395","392.05","395","25538"
"29/11/2016","395","395","393","394","24577"
"30/11/2016","392.3","394","392.3","392.4","65792"
"01/12/2016","393.5","393.5","392.15","393.5","19056"
"02/12/2016","393.45","393.5","390","390","45471"
"05/12/2016","390","392","388","392","6939"
"06/12/2016","390","392.9","389.5","390","9846"
"07/12/2016","389.5","392.95","389.5","390","42455"
"08/12/2016","389.95","389.95","388.5","389.9","14432"
"09/12/2016","389","400","389","396","138586"
"14/12/2016","398.9","398.9","395.05","398.9","42954"
"15/12/2016","397","399","397","399","38459"
"16/12/2016","399","403","399","401.5","30355"
"19/12/2016","405","408","402","408","93165"
"20/12/2016","400.1","406","398","405.05","186862"
"21/12/2016","403.2","403.2","395.35","401","18860"
"22/12/2016","400","408","400","405","877876"
"23/12/2016","403","420","403","420","308585"
"26/12/2016","420.1","424","406","418","57887"
"27/12/2016","411.05","413","407","410","1154608"
"28/12/2016","409.9","413","408","409","2241755"
"29/12/2016","409","412.95","405","405","78457"
"30/12/2016","405","413","404","413","23639"
"02/01/2017","405","410","405","410","5176"
"03/01/2017","410","420","405.1","420","26773"
"04/01/2017","419.95","436.9","412","420.5","94876"
"05/01/2017","425","436.95","420.05","436.1","316576"
"06/01/2017","449.95","457","441","441","313947"
"09/01/2017","436.05","455","436.05","455","244021"
"10/01/2017","455","462","455","457","151114"
"12/01/2017","457.1","462","450","451.15","132256"
"13/01/2017","455","457.95","440","449","93526"
"16/01/2017","447","447","440","440","31998"
"17/01/2017","438","438","418.5","418.5","52271"
"18/01/2017","410","430","410","430","10656"
"19/01/2017","430","437","430","433","93444"
"20/01/2017","430.05","435.5","430.05","435","67486"
"23/01/2017","436","439","428","428","17858"
"24/01/2017","438.95","439","429","429.1","7083"
"25/01/2017","428.1","438","426","435","4323"
"26/01/2017","428","430","428","428.1","24447"
"27/01/2017","428","432.9","428","429.4","61077"
"30/01/2017","435","435","427","427","11170"
"31/01/2017","424.5","424.5","411.9","420","277988"
"01/02/2017","420","420","411.2","411.2","24188"
"02/02/2017","413","420","411","420","50118"
"03/02/2017","413.1","430","413.1","425","93926"
"06/02/2017","420","428.95","419","428.95","40981"
"07/02/2017","425","429","425","429","12716"
"08/02/2017","429","430.05","429","430.05","57695"
"09/02/2017","431.5","431.5","430.05","430.05","49717"
"10/02/2017","432.55","432.95","430","430","20909"
"13/02/2017","430.05","440","430","440","3028"
"14/02/2017","435","435","427","427","2038"
"15/02/2017","430","432","427","430","82428"
"16/02/2017","428.05","433.8","427","430","4937"
"17/02/2017","429","429.9","425.1","425.1","6148"
"20/02/2017","425","430","425","425","2650"
"21/02/2017","426","428","426","428","1635"
"22/02/2017","422","422","414","414","34164"
"23/02/2017","414","420","403","409","52513"
"24/02/2017","400","415","400","415","12127"
"27/02/2017","424","424","412","412","12667"
"28/02/2017","412","419.95","412","415","73013"
"01/03/2017","415.1","420.15","415.1","420.15","32518"
"02/03/2017","423","425","421","425","36172"
"03/03/2017","421.25","425","421.2","423","1005"
"06/03/2017","425","428","418.25","428","13579"
"07/03/2017","422.05","427","417","427","63089"
"08/03/2017","425","426.5","420","426.5","8041"
"09/03/2017","427.95","428","425","428","11111"
"10/03/2017","428","428","425","425.5","8300"
"13/03/2017","422.15","429.5","422.05","425.5","16192"
"14/03/2017","425.5","426","422.35","425.5","18739"
"15/03/2017","425.5","427.9","424","424.9","31768"
"16/03/2017","424","425.5","420.05","425","52916"
"17/03/2017","425","425","425","425","12550"
"20/03/2017","425","425","421","425","8486"
"21/03/2017","422.05","422.05","422","422","2885"
"22/03/2017","422","422.1","422","422","10639"
"23/03/2017","422","422","418.05","418.05","15145"
"24/03/2017","415","418.05","405","414.5","6523"
"27/03/2017","415","415.1","410","411","12815"
"28/03/2017","411.55","412.1","411.5","412","9911"
"29/03/2017","412","412.05","412","412","1409"
"30/03/2017","414","414","410.5","411","3416"
"31/03/2017","411","411","400","400","93446"
"03/04/2017","405.05","405.15","400","400.15","15925"
"04/04/2017","400","400.05","400","400","16719"
"05/04/2017","400.1","424.95","400","400","41358"
"06/04/2017","409","409","399.95","400","25640"
"07/04/2017","400","400","400","400","5590"
"10/04/2017","395","400","395","400","3286"
"11/04/2017","400","405","400","400","32594"
"12/04/2017","400","400","395.5","400","1658"
"13/04/2017","400","400","396.1","396.1","1500"
"14/04/2017","400","400","396.55","396.55","3261"
"17/04/2017","400","400","396.2","400","2233"
"18/04/2017","397.15","400","397.15","400","39151"
"19/04/2017","400","400","396","400","4571"
"20/04/2017","399.95","399.95","396.05","398.9","2927"
"21/04/2017","397","399.8","396","399","34185"
"24/04/2017","399.95","399.95","397","398","8834"
"25/04/2017","398","399","397","397","89752"
"26/04/2017","397","398","396.5","397","16478"
"27/04/2017","399.65","410","397","410","50110"
"28/04/2017","400.1","409","400.1","409","80217"
"02/05/2017","410","419.3","402.05","419.3","42217"
"03/05/2017","410","425","410","419","42040"
"04/05/2017","419","419","414","418","13098"
"05/05/2017","419","419","413","413","10797"
"08/05/2017","419","419","416.3","419","14637"
"09/05/2017","419","419.95","419","419.95","19213"
"10/05/2017","418","419","418","419","6941"
"11/05/2017","419","420.1","419","420","68931"
"12/05/2017","417","423.5","417","420","17472"
"15/05/2017","417.55","421","417.55","421","16768"
"16/05/2017","421","421","419","420","115660"
"17/05/2017","419","421","416.1","421","6077"
"18/05/2017","422.95","426","419.6","426","90757"
"19/05/2017","415","429","415","429","45407"
"22/05/2017","418.25","425","418.25","419","6707"
"23/05/2017","419.1","427","419","427","35697"
"24/05/2017","421","428.9","420.1","427","27100"
"25/05/2017","428.9","428.9","422.1","422.45","28353"
"26/05/2017","422.45","428.5","422.45","424","10948"
"29/05/2017","424","424","422.55","424","302748"
"30/05/2017","428","428","422.65","428","11072"
"31/05/2017","422.65","428.95","422.65","428.2","57181"
"01/06/2017","428.45","428.9","423.7","428.9","18996"
"02/06/2017","429.9","429.9","429.9","429.9","10660"
"05/06/2017","429.95","435","429.9","432","19409"
"06/06/2017","432","432","432","432","1000"
"07/06/2017","433","440.1","433","440","92089"
"08/06/2017","440","444","435","439.9","129685"
"09/06/2017","440","440","430","430","57655"
"12/06/2017","430.1","430.6","430.1","430.4","21374"
"13/06/2017","430.05","437","430.05","435.1","270783"
"14/06/2017","435","441","435","441","10339"
"15/06/2017","443","445","436.05","445","22422"
"16/06/2017","444.95","444.95","440","442","20209"
"19/06/2017","442.15","447","442.15","447","70359"
"20/06/2017","444","444","437.2","437.7","9145"
"21/06/2017","442","444","437.5","441","1076483"
"22/06/2017","441.05","444","441.05","444","26965"
"23/06/2017","440","449","440","445","11100"
"28/06/2017","450","453","449.95","450","59824"
"29/06/2017","444.05","448","444","448","6012"
"30/06/2017","445","445","440","440.05","208392"
"03/07/2017","442","447.9","440","443.5","19661"
"04/07/2017","445","445","440.5","441","6390"
"05/07/2017","441.05","447.8","441","447.8","14791"
"06/07/2017","447.9","454.4","445.6","447.5","85742"
"07/07/2017","447","449","447","447.8","39169"
"10/07/2017","447.5","447.5","443","443.1","59852"
"11/07/2017","443","449","443","449","25853"
"12/07/2017","443","448","443","448","103093"
"13/07/2017","448","448","444","447.9","64890"
"14/07/2017","442.15","445","442.1","443","42624"
"17/07/2017","445","445","443","443","15122"
"18/07/2017","443.1","443.1","442.1","443.1","86691"
"19/07/2017","443","446.95","442.15","443","92575"
"20/07/2017","442.5","444","442.5","442.55","11823"
"21/07/2017","442.55","442.55","442","442.5","63333"
"24/07/2017","443","449.95","443","444","5297"
"25/07/2017","443.1","444","442","444","6458"
"26/07/2017","443","446","443","446","44526"
"27/07/2017","448","449.95","446","449.9","82465"
"28/07/2017","449","449.9","447","449.9","47355"
"31/07/2017","449","450","446","446","27463"
"01/08/2017","444.1","446.5","444.05","446","15041"
"02/08/2017","446.5","449","446","449","14436"
"03/08/2017","449","449","442","449","20237"
"04/08/2017","449","449","444","449","11609"
"07/08/2017","450","450","445.1","449","6480"
"08/08/2017","449","454","449","454","51576"
"09/08/2017","453","453","447","447.3","8286"
"10/08/2017","447.3","450","445","447.7","6295"
"11/08/2017","447.55","450","447.55","450","25869"
"15/08/2017","445.05","450","445.05","446.1","33917"
"16/08/2017","449","449.5","445","449.5","60189"
"17/08/2017","445.35","449","445.35","449","16761"
"18/08/2017","445","445","440","443","5661"
"22/08/2017","430.5","447","430.5","437","2574"
"23/08/2017","437","437","437","437","22356"
"24/08/2017","437","437","437","437","2579"
"25/08/2017","439","440","431","437.05","1262"
"28/08/2017","435","438.6","435","438.6","5903"
"29/08/2017","438.6","444.9","438.6","443","3563"
"30/08/2017","443","450","443","450","28825"
"31/08/2017","452","453","450","450","50573"
"04/09/2017","445","453","445","450","20063"
"05/09/2017","450","455","450","455","50362"
"06/09/2017","453","453","453","453","2046"
"07/09/2017","453","465","453","465","45194"
"08/09/2017","461","467","461","467","18773"
"11/09/2017","467","478.9","467","478","18147"
"12/09/2017","478","485","478","480.05","131090"
"13/09/2017","480","484.95","480","484.95","52642"
"14/09/2017","480.2","485","480","480","74906"
"15/09/2017","480","480","475","475","73938"
"18/09/2017","475","475","474.8","474.8","15596"
"19/09/2017","475","475","465","469","105769"
"20/09/2017","465","465","460","460","63560"
"21/09/2017","468","473.6","460.05","460.05","17206"
"25/09/2017","460.05","467","456.05","467","14287"
"26/09/2017","467","477","467","473","17910"
"27/09/2017","470","474.1","470","472.5","8807"
"28/09/2017","472","475","472","474","65730"
"29/09/2017","472.1","473.5","465","465","35228"
"02/10/2017","465.1","475","465","470","20877"
"03/10/2017","470","470.25","470","470.25","15586"
"04/10/2017","474.95","480","474.95","480","97465"
"05/10/2017","480","481.9","480","480","33951"
"06/10/2017","476.6","476.6","475","476.25","15858"
"09/10/2017","472","476.4","472","476.25","17988"
"10/10/2017","470.2","476.25","470.2","476.25","13942"
"11/10/2017","473.05","477","473.05","477","18691"
"12/10/2017","474.6","475","474.05","475","390"
"13/10/2017","479","480","476","477","59710"
"16/10/2017","476.5","476.5","473.05","473.05","12528"
"17/10/2017","473.05","473.05","470","473","46755"
"18/10/2017","471","478","471","478","28449"
"19/10/2017","473","478","473","474.15","6455"
"20/10/2017","474.15","475","473","473","59033"
"23/10/2017","475","475.5","473.6","473.6","12556"
"24/10/2017","478.9","478.9","473.1","477.9","3065"
"25/10/2017","474","475","473.5","474","18258"
"26/10/2017","474","474","474","474","1785"
"27/10/2017","473","473","472.95","473","13948"
"30/10/2017","473.05","476.45","473.05","473.05","4596"
"31/10/2017","473","473.05","473","473","25794"
"01/11/2017","473.5","473.5","473","473","73350"
"02/11/2017","473","474.95","473","473","27228"
"03/11/2017","473","474","472.1","473","96018"
"07/11/2017","474.95","474.95","473","473","8773"
"08/11/2017","475","475","473.05","474","34970"
"09/11/2017","472.3","475","472.3","475","58391"
"10/11/2017","477","477","475","476.1","16939"
"13/11/2017","476.1","479.9","475.05","479.9","3930"
"14/11/2017","479.9","482.05","478","482.05","9775"
"15/11/2017","484","485","480","485","20639"
"16/11/2017","484","490","483.1","485","10749"
"17/11/2017","481.05","482.5","481.05","482.5","3479"
"20/11/2017","485","485","481","481","15884"
"21/11/2017","481.05","484","481","484","7816"
"22/11/2017","481.1","482","481","481","3837"
"23/11/2017","480.05","481","480.05","481","49722"
"24/11/2017","481","482.9","481","482.9","69300"
"27/11/2017","486","497","485","497","87277"
"28/11/2017","498.9","498.9","495.15","497.05","89113"
"29/11/2017","497.5","500.5","496.05","500.5","35436"
"30/11/2017","500","501","495","495","126588"
"04/12/2017","496","496","490","490","37298"
"05/12/2017","490","490","484.9","484.9","22477"
"06/12/2017","482.15","487.85","475","475","55793"
"07/12/2017","492.9","492.9","476.05","479.1","6151"
"08/12/2017","480","483","477.25","480","72327"
"11/12/2017","480","480","476.6","476.6","30100"
"12/12/2017","480","488","480","488","24122"
"13/12/2017","489","489","482","482","4070"
"14/12/2017","485","486","485","486","3435"
"15/12/2017","483","486","482","486","69949"
"18/12/2017","486","486","482.15","483.95","2259"
"19/12/2017","482.5","482.6","480.5","480.5","4168"
"20/12/2017","480","482.45","478.15","478.15","200937"
"21/12/2017","479","479.95","477.3","477.3","90152"
"22/12/2017","475","475","470","470","146099"
"25/12/2017","470.05","475","470.05","475","2239"
"26/12/2017","485","485","475","476.2","1112483"
"27/12/2017","480","481","480","481","25925"
"28/12/2017","480","484.8","480","481","20910"
"29/12/2017","481","484","481","484","45063"
"02/01/2018","480","481","480","481","2019"
"03/01/2018","484","490","484","490","184999"
"04/01/2018","490","499","490","490","1956"
"05/01/2018","490.1","497.85","490.1","497.85","8132"
"08/01/2018","491","492","491","492","71"
"09/01/2018","492","496.05","492","496.05","7397"
"10/01/2018","497","502","497","500","83565"
"12/01/2018","500","504","500","500.1","35569"
"15/01/2018","501.1","512","501.1","508","137809"
"16/01/2018","503","509","500","500","146385"
"17/01/2018","498","503","498","500","90771"
"18/01/2018","500","502","500","500","37039"
"19/01/2018","499","502","498.05","500","42268"
"22/01/2018","501","505","500","505","20527"
"23/01/2018","500","500","498.05","500","24295"
"24/01/2018","500","505","500","501","46032"
"25/01/2018","504.9","509.7","504.9","509.3","35324"
"26/01/2018","505.3","507.9","502.1","507.9","49288"
"29/01/2018","505","505.5","502.1","503.6","25232"
"30/01/2018","504","507.7","501","507.7","37639"
"31/01/2018","501.1","506.9","500","500","88923"
"01/02/2018","500","505","497.15","500.4","34533"
"02/02/2018","500.5","505","500.5","502.5","47131"
"05/02/2018","500","503","500","500","19003"
"06/02/2018","500","500","498","498","23420"
"07/02/2018","498","498","488","488","39187"
"08/02/2018","488.7","495","488.65","495","18694"
"09/02/2018","497.9","497.9","490.15","492.5","34899"
"12/02/2018","492.5","492.5","490","490","45611"
"13/02/2018","491","503.9","490.55","503.9","32583"
"14/02/2018","495.1","496.5","495","495","15229"
"15/02/2018","495","502","495","497.1","16840"
"16/02/2018","497.15","506","496.05","501","27154"
"19/02/2018","502","502","501.1","502","10228"
"20/02/2018","502","504","500","500","29962"
"21/02/2018","503","503.7","500.1","503.7","4634"
"22/02/2018","503.7","508","503","508","79889"
"23/02/2018","508","515","508","514","62961"
"26/02/2018","515","518.9","502","504.3","55041"
"27/02/2018","503","510","502","507.8","19303"
"28/02/2018","508","513.7","507.8","507.8","113223"
"01/03/2018","506.2","509.9","506.2","509.8","14707"
"02/03/2018","509.9","510","509.4","509.4","58895"
"05/03/2018","511","512","509","512","20541"
"06/03/2018","510","512","510","511.4","46527"
"07/03/2018","512","512","508.6","510","41483"
"08/03/2018","510","511.9","509","511.9","82824"
"09/03/2018","512","512.8","511","512","47078"
"12/03/2018","511","513.6","511","513.6","6511"
"13/03/2018","510.1","513.6","509","510","26005"
"14/03/2018","510","511.9","509.9","510","23752"
"15/03/2018","509.5","510","509.5","510","4503"
"16/03/2018","510","510","508.5","509","19906"
"19/03/2018","509.5","509.5","509","509","47451"
"20/03/2018","509","509","507.9","507.9","24451"
"21/03/2018","505","507","500","500","78810"
"22/03/2018","499.95","500","499.95","500","9139"
"23/03/2018","500","504","500","500","26676"
"26/03/2018","500","500","500","500","22815"
"27/03/2018","508.8","508.8","500","500","359026"
"28/03/2018","500","500","499","499","16000"
"29/03/2018","499.1","500","491","491","13909"
"30/03/2018","499.95","500","491.7","500","38937"
"02/04/2018","499.95","500","493.5","493.5","51898"
"03/04/2018","493.5","496.5","493.5","494.15","35110"
"04/04/2018","491.5","496","491.5","494","134455"
"05/04/2018","493","494","492.3","494","68414"
"06/04/2018","492.25","493","492.25","493","78346"
"09/04/2018","492","492.1","492","492","11192"
"10/04/2018","493","493","490","492.05","10969"
"11/04/2018","492.05","492.2","492.05","492.2","20245"
"12/04/2018","492.15","493.95","492.15","493","8500"
"13/04/2018","492.3","498","492.3","498","26194"
"16/04/2018","494","498","494","494","56187"
"17/04/2018","494","496.5","494","494.7","4270"
"18/04/2018","494.5","498","494.5","496","3512"
"19/04/2018","497","500","496.05","500","5080"
"20/04/2018","496.1","505","496.1","504.6","13395"
"23/04/2018","498.05","505","498.05","504.9","7367"
"24/04/2018","504.9","504.9","500","500","7923"
"25/04/2018","497","504.9","497","500.1","8037"
"26/04/2018","500.1","500.1","500","500","8759"
"27/04/2018","500","505","500","505","11539"
"30/04/2018","505","509.9","500","509.9","41321"
"02/05/2018","505","505","500.6","500.6","6976"
"03/05/2018","509","509","500","500.6","5233"
"04/05/2018","504.9","504.9","504.9","504.9","1000"
"07/05/2018","497.1","507.7","497.1","500","10416"
"08/05/2018","498","500","497.15","497.15","5579"
"09/05/2018","497","500","497","498","7917"
"10/05/2018","497.1","498","496.1","496.1","3378"
"11/05/2018","496","496","493.65","493.65","25558"
"14/05/2018","494","494","491","491","3552"
"15/05/2018","491","491","489","489","12688"
"16/05/2018","488.05","488.05","485","486","40023"
"17/05/2018","482.6","486","482","483","30998"
"18/05/2018","485","485","480","480","41118"
"21/05/2018","481","481","478.05","478.05","56280"
"22/05/2018","479.05","480","478","478","14375"
"23/05/2018","483.9","483.9","477","477","15674"
"24/05/2018","478","483.7","476","477","14084"
"25/05/2018","478.9","487.8","475.6","487.8","54593"
"28/05/2018","476.05","477.15","476.05","477.15","44141"
"29/05/2018","477.2","478.9","477.15","478.9","9271"
"30/05/2018","481","481.05","481","481.05","18137"
"31/05/2018","481.7","485.05","481.6","485.05","34032"
"01/06/2018","483","489","483","485.5","48379"
"04/06/2018","487","488.5","483.1","483.1","15770"
"05/06/2018","485","485","483.1","483.1","10761"
"06/06/2018","483.95","485.05","483.1","485.05","4042"
"07/06/2018","485.05","497","485","497","8054"
"08/06/2018","485.1","497","485.1","495","71230"
"11/06/2018","495","497","492.5","495","58325"
"12/06/2018","495","497","492.3","492.3","29483"
"13/06/2018","492.1","494.95","490","490.1","7392"
"14/06/2018","492","492","489.9","490.1","28230"
"18/06/2018","490.1","491","486.1","486.7","25232"
"19/06/2018","489","492","487.5","489.3","47144"
"20/06/2018","489","492","488.1","492","236936"
"21/06/2018","466","476.85","466","471.2","211557"
"22/06/2018","469","479.9","469","479.9","2517"
"25/06/2018","475","479.4","471.1","479.4","38311"
"26/06/2018","472","476","472","475","71157"
"27/06/2018","475","479","472","475","27201"
"28/06/2018","475","475","470","475","1829964"
"29/06/2018","474.9","475","470","470","77958"
"02/07/2018","479.6","479.6","469","469","2509"
"03/07/2018","469","472","462.15","462.15","46852"
"04/07/2018","463","463","463","463","22841"
"05/07/2018","476.85","476.85","463","463","2633"
"06/07/2018","464.5","474.9","464","474.9","6242"
"09/07/2018","474.5","474.5","465","467","17803"
"10/07/2018","479.6","479.6","470","470","56"
"11/07/2018","467.7","475","462.05","462.05","35398"
"12/07/2018","462.5","465","460.1","461.95","19875"
"13/07/2018","460.1","464.8","459.95","459.95","79895"
"16/07/2018","468.8","468.8","456","456","4600"
"17/07/2018","456.5","456.5","451","453","14803"
"18/07/2018","442","453","442","446.05","63446"
"19/07/2018","446.1","458.5","445.5","452","12199"
"20/07/2018","453","460","453","460","17156"
"23/07/2018","466","479","460","464","1443"
"24/07/2018","464.5","470.05","464","465.2","34737"
"25/07/2018","470","470","465","468.95","21803"
"26/07/2018","469.8","476.9","465","476.9","13252"
"27/07/2018","478.8","480","476","479.5","45502"
"31/07/2018","478","478","473","473","46689"
"01/08/2018","470","473","468","468","55332"
"02/08/2018","469","469","468.95","469","44973"
"03/08/2018","467","472","467","469","45044"
"06/08/2018","466","469","461","465","10202"
"07/08/2018","465","468","465","468","18680"
"08/08/2018","470","475","464","470","12787"
"09/08/2018","468","470","465","470","3280"
"10/08/2018","475","475","470","474.9","37693"
"13/08/2018","470.05","470.05","465","470","6495"
"15/08/2018","465.7","470","465.7","470","6693"
"16/08/2018","470","470.1","467","470.1","15881"
"17/08/2018","467.15","473","467.15","473","5169"
"24/08/2018","470","474","470","474","4639"
"27/08/2018","473.9","474","473.9","474","17241"
"28/08/2018","470","474","470","470","16117"
"29/08/2018","469","470","469","469","13884"
"30/08/2018","473","473","469","473","228008"
"31/08/2018","470","470","463","463","11076"
"03/09/2018","461","462","461","462","8021"
"04/09/2018","462","462","455","460","44431"
"05/09/2018","455.05","456","454.85","454.85","47909"
"06/09/2018","454.95","454.95","451.95","452","48909"
"07/09/2018","455","455","448","448","74620"
"10/09/2018","444","444","440.15","440.15","7289"
"12/09/2018","441","444","441","443.1","30704"
"13/09/2018","443.2","457.95","443.1","450","12296"
"14/09/2018","446","453","446","448","49315"
"17/09/2018","445.05","446","445.05","446","4505"
"18/09/2018","446","448.5","446","447.7","25980"
"19/09/2018","446","448","446","448","12826"
"20/09/2018","450","459.5","450","452","92513"
"21/09/2018","450.5","454","450","451","41918"
"24/09/2018","447","447","446","446.1","10529"
"25/09/2018","446.2","454.5","446","454.5","16057"
"26/09/2018","447.25","460","447.25","460","34483"
"27/09/2018","452","459","452","452","26266"
"28/09/2018","452","452","446.05","450","106149"
"01/10/2018","447.05","448","447.05","447.05","8885"
"02/10/2018","447.05","447.05","446.5","446.6","15509"
"03/10/2018","446","446.1","446","446.1","23922"
"04/10/2018","445.05","449.9","445","445.1","1870"
"05/10/2018","446","446","444","444","8000"
"08/10/2018","445","445","440","443.1","1808"
"09/10/2018","443.1","449","443","449","21607"
"10/10/2018","449","449","443","443","4100"
"11/10/2018","441","441","441","441","1778"
"12/10/2018","445","445","441","441","23985"
"15/10/2018","441.05","444","441","444","2013"
"16/10/2018","441","442","440.05","441","26509"
"17/10/2018","440","441","440","441","130"
"18/10/2018","440","440.9","430.05","440.9","5508"
"19/10/2018","435.7","438.5","435","435","26216"
"22/10/2018","435","442","435","442","60434"
"23/10/2018","437","440","430","433.9","93663"
"24/10/2018","430","431","430","431","36781"
"25/10/2018","431","431.5","431","431.1","32813"
"26/10/2018","430.2","434.9","430.15","430.25","4054"
"29/10/2018","433","433","430","430.2","405"
"30/10/2018","430","430","425.1","426","27201"
"31/10/2018","426.1","426.1","416.5","416.5","25102"
"01/11/2018","425.95","426","416.5","416.7","38110"
"02/11/2018","420","420","417","420","13853"
"05/11/2018","421","432.05","420","420","7055"
"07/11/2018","420","429.65","420","427.05","27846"
"08/11/2018","430","433","430","433","36491"
"09/11/2018","431.05","441.65","431.05","441.65","27669"
"12/11/2018","436.5","450","435","435","26470"
"13/11/2018","435","440","427","438","4664"
"14/11/2018","438","442","438","442","22258"
"15/11/2018","442.1","446","442.1","443","22706"
"16/11/2018","440","444","440","443","29607"
"19/11/2018","441","443.85","440","443","16660"
"22/11/2018","443","444.35","440.55","443","17076"
"23/11/2018","443","445","443","445","7724"
"26/11/2018","434","448","434","448","36537"
"27/11/2018","445.5","449","445.5","448","78697"
"28/11/2018","449","455","449","454.1","29089"
"29/11/2018","454.2","469","447","447","126109"
"30/11/2018","451","455","447","447","99262"
"03/12/2018","450","459.45","450","459.45","15534"
"04/12/2018","455","460","453","459","70345"
"05/12/2018","460","462","459","460","15966"
"06/12/2018","455.7","459","450.1","451.05","30437"
"07/12/2018","452","452.3","447","447.5","52684"
"10/12/2018","445.1","451","445.1","447.5","7486"
"11/12/2018","448","454","447.9","454","74913"
"12/12/2018","448.15","453.95","447","447","30142"
"13/12/2018","447.25","450","447.25","450","17094"
"14/12/2018","447.55","449.95","445","445","15491"
"17/12/2018","445","446","445","445","57050"
"18/12/2018","442.1","445.5","442.1","445.05","101855"
"19/12/2018","444.1","445","444.1","445","48187"
"20/12/2018","445","445.15","445","445.15","21134"
"21/12/2018","444.05","450","444.05","450","91169"
"24/12/2018","446.5","450","446.5","450","15578"
"25/12/2018","450","459.9","447","448","3652340"
"26/12/2018","450","450.05","448","450.05","1633185"
"27/12/2018","452.9","452.9","448.3","450.05","15657"
"28/12/2018","452.5","452.9","445.15","450","75399"
"31/12/2018","449.45","453","446","453","4050093"
"02/01/2019","448","449.9","444","449.9","4770"
"03/01/2019","449.95","449.95","444","444","9340"
"04/01/2019","444","448.95","442","442","32188"
"07/01/2019","443.5","443.5","436","436.1","16010"
"08/01/2019","430.65","431.15","430","431.15","29804"
"09/01/2019","431","439","431","431.5","1146"
"10/01/2019","432","432","430.2","431.5","35796"
"14/01/2019","431.5","431.5","430","431.5","14023"
"15/01/2019","431.15","439","431.15","439","10080"
"16/01/2019","433.55","446","433.55","439","6845"
"17/01/2019","439","440","439","440","10011"
"18/01/2019","442.95","447.95","440","440","26975"
"21/01/2019","445","445","440","440.5","155"
"22/01/2019","441.1","446","441","446","62564"
"23/01/2019","440.55","450","440.55","450","19685"
"24/01/2019","446.1","455","446.1","450","6303"
"25/01/2019","454.75","459","450","457","74128"
"28/01/2019","458","458","454","457","7607"
"29/01/2019","454","455","451.1","454","23904"
"30/01/2019","451.25","460","451.2","460","10226"
"31/01/2019","460","460","451","451","96918"
"01/02/2019","459.95","460","451","451","25848"
"04/02/2019","455","459.3","450","452.5","17350"
"05/02/2019","452.7","457.85","452.55","452.6","11944"
"06/02/2019","452.6","455","452.5","453","18629"
"07/02/2019","454.95","454.95","448","448","65251"
"08/02/2019","448.6","450","448","448.15","21594"
"11/02/2019","453","453.2","448.7","448.7","16361"
"12/02/2019","452","458","450.1","458","43159"
"13/02/2019","453.6","460","453.6","460","34428"
"14/02/2019","462","468","462","463","51863"
"15/02/2019","463","463.5","458","458","48006"
"18/02/2019","458","467.75","455.15","455.15","14632"
"19/02/2019","451.55","460","451.55","458.5","50710"
"20/02/2019","460","466","458","459","70153"
"21/02/2019","452","455","452","455","4433"
"22/02/2019","451","460","450","452","85941"
"25/02/2019","448.05","453.15","440","446","12235"
"26/02/2019","446","458","446","458","27073"
"27/02/2019","449.05","455","449","449","5760"
"28/02/2019","445.1","448","445","448","51028"
"01/03/2019","448","448","445","448","30956"
"04/03/2019","445.05","451.9","441","451.9","7759"
"05/03/2019","450.5","450.5","445.05","450","5096"
"06/03/2019","446","446","440.3","443","6525"
"07/03/2019","441.3","445","441.3","444.5","21941"
"08/03/2019","444","445","443.1","443.1","35141"
"11/03/2019","443.35","444","442.25","442.25","13293"
"12/03/2019","448.9","448.9","440.15","440.15","38556"
"13/03/2019","440.15","442","440","441","18310"
"14/03/2019","440","440.05","423.55","425.25","48744"
"15/03/2019","426.1","440","426.1","431.2","98872"
"18/03/2019","431.2","431.2","430","430.6","8601"
"19/03/2019","430","438.9","430","438.1","11591"
"20/03/2019","438.15","440","438.1","438.1","48466"
"21/03/2019","438.1","438.1","430","430","67893"
"22/03/2019","430","431","426","426","68040"
"25/03/2019","426.3","429.85","425","425.25","41174"
"26/03/2019","425.3","426","425","426","52098"
"27/03/2019","426","430","425.1","426.55","26705"
"28/03/2019","427","427.25","427","427","39458"
"29/03/2019","427","427","425","425","88401"
"01/04/2019","422.15","425.05","422.15","425","13328"
"02/04/2019","425.5","425.5","423","423","7429"
"03/04/2019","423","429","422","425","15685"
"04/04/2019","424.9","425","424.9","425","44535"
"05/04/2019","425","428.9","425","425","30279"
"08/04/2019","425","426","425","426","1239"
"09/04/2019","426","426","425","425","33722"
"10/04/2019","426","426","420.2","423","77476"
"11/04/2019","425","425","425","425","86975"
"12/04/2019","437.7","437.7","425.1","428","518"
"15/04/2019","427","428","427","428","17580"
"16/04/2019","428.1","430","428","430","29876"
"17/04/2019","430","430","430","430","4257"
"18/04/2019","430","430","426.2","427.15","20037"
"19/04/2019","429.95","430","429.95","430","28547"
"22/04/2019","430","430","430","430","12991"
"23/04/2019","432","433","430","430","64027"
"24/04/2019","430","430","426.5","426.5","3050"
"25/04/2019","426.2","429.85","426.15","429.85","7700"
"26/04/2019","428.5","429.85","428.5","428.7","32155"
"29/04/2019","428.5","430","428.5","430","2855"
"30/04/2019","430","447.1","430","447.1","30293"
"02/05/2019","440","444.8","430.5","439","44824"
"03/05/2019","435","435","435","435","13450"
"06/05/2019","435","435","435","435","637"
"07/05/2019","435.1","440","435.1","439","9962"
"08/05/2019","435.05","443.85","435.05","438.65","19413"
"09/05/2019","435","440","435","439.8","43198"
"10/05/2019","439","443","439","443","22430"
"13/05/2019","442.5","442.65","442","442.65","21196"
"14/05/2019","442.65","444.5","442.65","443.5","23504"
"15/05/2019","443.5","450.05","440.15","450.05","67022"
"16/05/2019","451","453","451","451.2","25725"
"17/05/2019","454","458.25","451.2","452","77916"
"20/05/2019","436.05","457.75","436.05","452","29949"
"21/05/2019","450","450","447.1","449.9","30144"
"22/05/2019","449.9","449.9","449.9","449.9","11913"
"23/05/2019","448.1","448.15","445","445","34419"
"24/05/2019","447","450","447","448","12001"
"27/05/2019","448","452","448","451.45","56136"
"28/05/2019","452.9","457","452.9","457","336717"
"29/05/2019","455","457","454","454","9982"
"30/05/2019","445.1","450","445.1","446","35626"
"31/05/2019","446","446","443","443","70130"
"03/06/2019","443","443","443","443","390"
"04/06/2019","436.6","449.5","436.6","449.5","7411"
"10/06/2019","436.05","448","436.05","445.05","8633"
"11/06/2019","445.05","448","445.05","448","23201"
"12/06/2019","440.5","447","440","447","14306"
"13/06/2019","446","446","446","446","8316"
"14/06/2019","446.05","453.5","446.05","453.5","14617"
"17/06/2019","460","474","460","470","30178"
"18/06/2019","474","485","465.45","484","155467"
"19/06/2019","490","493","486","487.4","397729"
"20/06/2019","487.5","488","477.3","482.05","44042"
"21/06/2019","470","477","470","477","19431"
"24/06/2019","460","476.5","460","475","8212"
"25/06/2019","471","471","452","464","128612"
"26/06/2019","466","466","460","460.05","60938"
"27/06/2019","460","468.5","460","468.5","3854572"
"28/06/2019","460.2","466","460.05","466","556760"
"01/07/2019","466","466","460","463.05","91434"
"02/07/2019","460.05","462.05","460.05","462.05","34335"
"03/07/2019","468","470","461.5","470","13339"
"04/07/2019","460.5","473","460.5","470","8630"
"05/07/2019","470","472.3","470","472.3","649"
"08/07/2019","463","464.05","462","464.05","33570"
"09/07/2019","463.85","475","463.7","475","19204"
"10/07/2019","475","475","470","475","56815"
"11/07/2019","471","476.85","471","471","10304"
"12/07/2019","472.5","474.5","471","471","53889"
"15/07/2019","468","471.7","468","471.7","2801"
"16/07/2019","474.9","478.15","474.9","478.15","133509"
"17/07/2019","478.65","483.9","478.65","481.5","278204"
"18/07/2019","478.6","483","475.15","478.15","19869"
"19/07/2019","480","483.8","480","482","86080"
"22/07/2019","480","480.5","480","480.5","2146"
"23/07/2019","482","482","477","479.95","33099"
"24/07/2019","479.95","480","478.2","478.2","12395"
"25/07/2019","480","482","478.8","480.75","35333"
"26/07/2019","478.55","483.05","478.55","482.95","37476"
"29/07/2019","482","483","481","482.6","44101"
"31/07/2019","482.3","486","482.3","484.95","88244"
"01/08/2019","482.5","487","482.5","484","49796"
"02/08/2019","488.9","488.9","483.3","485.95","14073"
"05/08/2019","483.1","484.1","483.1","484.1","4129"
"06/08/2019","483.55","484.5","482","484","123363"
"07/08/2019","482","482","480","480","32781"
"08/08/2019","480","480","475","476","6556"
"09/08/2019","476.5","477","476.5","477","5064"
"15/08/2019","477","482.5","473","482.5","10330"
"16/08/2019","475","482","474.05","482","4186"
"19/08/2019","482","482","474.2","474.2","41"
"22/08/2019","475","476.5","475","476.5","39816"
"23/08/2019","475.1","480","475.05","480","1778"
"26/08/2019","476","478.1","476","478.1","3802"
"27/08/2019","480","487","480","484.05","73240"
"28/08/2019","484.1","484.15","484.1","484.15","6550"
"29/08/2019","481","487.75","480.1","487.75","5430"
"30/08/2019","481","487.75","481","482.5","14983"
"02/09/2019","482","482.5","482","482","5749"
"03/09/2019","480","482","480","482","8032"
"04/09/2019","480.55","481.05","480","480","38779"
"05/09/2019","480","481","477","477","33690"
"06/09/2019","477","477.1","476.1","477.05","28492"
"09/09/2019","477.15","477.15","477","477","775"
"10/09/2019","477","477","475.05","475.05","46770"
"11/09/2019","475","475.05","472.6","472.6","21198"
"12/09/2019","472.2","472.2","472","472.15","7593"
"13/09/2019","472.1","476","472.1","476","21297"
"16/09/2019","472","479.9","472","479.9","565"
"17/09/2019","479.85","479.85","472","473.55","5595"
"18/09/2019","473.6","473.65","473.6","473.65","7834"
"19/09/2019","474","479","472.25","479","67246"
"20/09/2019","472","475","471","471","39843"
"23/09/2019","471","471","467.5","467.5","3836"
"24/09/2019","466.5","467.05","466.5","467.05","35393"
"25/09/2019","466.55","466.65","466.55","466.65","3352"
"26/09/2019","466.55","479","466.55","470","12551"
"27/09/2019","472","479","470","479","26667"
"30/09/2019","473","479.5","473","479.5","69880"
"01/10/2019","480","480","475","480","15100"
"02/10/2019","475.5","475.55","472","472","27752"
"03/10/2019","472","472","472","472","16049"
"04/10/2019","472","472","465","465","75336"
"07/10/2019","465","465","465","465","52"
"08/10/2019","465.05","468","460.1","460.1","6781"
"09/10/2019","460.1","460.3","460.1","460.15","5085"
"10/10/2019","451.3","461","451.25","460.5","7116"
"11/10/2019","460.8","463.05","460","460","24516"
"14/10/2019","461","462.05","461","462.05","38072"
"15/10/2019","465","465","462.2","464.1","21575"
"16/10/2019","465","465.1","463.1","465.1","22297"
"17/10/2019","465.05","475","465","475","77538"
"18/10/2019","470.1","480","470.1","476.05","117951"
"21/10/2019","480","483.9","475.15","475.15","4632"
"22/10/2019","475.7","480","475.3","480","35248"
"23/10/2019","480","480","476.55","476.55","44344"
"24/10/2019","476.3","481","476.3","481","6469"
"25/10/2019","477","478","475","475","47253"
"28/10/2019","475","475","475","475","7378"
"29/10/2019","472","474","472","472.15","907803"
"30/10/2019","475","480","475","480","31017"
"31/10/2019","475.35","475.4","470","470","37708"
"01/11/2019","479","479.85","473.5","479.45","5522"
"04/11/2019","475.35","479.75","475.35","479.75","210"
"05/11/2019","476","476","471.5","472.4","135109"
"07/11/2019","472.4","476","472.4","476","18708"
"08/11/2019","472.7","476","472.7","476","32210"
"12/11/2019","474","476","473.55","473.7","29898"
"13/11/2019","473.7","473.7","471.1","471.1","92936"
"14/11/2019","471.1","473.55","471.1","471.1","9720"
"15/11/2019","472","480","472","479","74740"
"19/11/2019","471.05","483","471","483","74776"
"20/11/2019","482","483","480","480.1","46727"
"21/11/2019","477","488.85","477","487","117690"
"22/11/2019","489","492","475.05","484.95","61415"
"25/11/2019","478.5","481.05","478.25","481.05","11137"
"26/11/2019","481","484","481","482.8","80220"
"27/11/2019","481","484","481","483.05","8070"
"28/11/2019","485","485","483","483.1","14828"
"29/11/2019","483","485","483","485","56614"
"02/12/2019","485","485","483.1","484.5","16893"
"03/12/2019","483","484","483","484","42642"
"04/12/2019","476.5","484","476.5","484","1093"
"05/12/2019","479.15","481","479.15","481","38802"
"06/12/2019","484.5","484.5","481.1","482.05","21640"
"09/12/2019","481","481.5","481","481.15","5513"
"10/12/2019","481.6","485","481.6","485","21774"
"11/12/2019","485","490","485","490","136172"
"12/12/2019","488","489.9","486.1","486.1","19920"
"13/12/2019","486.1","489.95","486.1","489.95","24952"
"16/12/2019","486.1","490","486.1","490","10098"
"17/12/2019","490","490","489","490","127744"
"18/12/2019","489","490","486.7","488.95","35043"
"19/12/2019","490","491.85","490","491.5","216387"
"20/12/2019","491.6","492.6","491.6","492.6","234984"
"23/12/2019","492.6","493","487.7","493","118553"
"24/12/2019","491.5","492","490","490","127766"
"25/12/2019","492","492","488.1","489","99806"
"26/12/2019","488.1","488.1","487.1","487.15","35424"
"27/12/2019","487.1","489","486","489","28925"
"30/12/2019","485.25","490","485.25","490","29598"
"31/12/2019","491","499","488","499","167170"
"02/01/2020","490","490","490","490","4770"
"03/01/2020","488.9","495","487","494.95","26656"
"06/01/2020","490","490.5","490","490.5","21396"
"07/01/2020","490.5","495","490.5","495","17848"
"08/01/2020","495","498","495","497","112770"
"09/01/2020","498","500.2","498","498.95","120485"
"10/01/2020","497.6","501.9","496.5","496.5","361565"
"13/01/2020","492.05","493.15","492.05","493.15","1827"
"14/01/2020","493.5","496.55","493.5","496.55","7710"
"15/01/2020","498","499","496.65","497.95","97600"
"16/01/2020","495.1","500","495.1","500","60363"
"17/01/2020","501.6","503","497.1","499","83774"
"20/01/2020","498.3","502.9","498.3","502.9","6719"
"21/01/2020","500","503","500","503","24988"
"22/01/2020","503","507","503","507","130080"
"23/01/2020","507","507","501.1","505","65410"
"24/01/2020","507","507","501.2","506","107846"
"27/01/2020","505","505.5","504","505","51028"
"28/01/2020","503","505","503","503","31068"
"29/01/2020","503","503","500","500","44574"
"30/01/2020","498","498","497.1","498","52869"
"31/01/2020","498","505","498","504","66589"
"03/02/2020","507","513","494","494","6549"
"04/02/2020","494","494","493.9","494","39257"
"05/02/2020","502.9","503","494.05","500","20775"
"06/02/2020","495.45","496.05","494","494","52421"
"07/02/2020","493","493","488.05","488.5","133338"
"10/02/2020","489.1","489.1","488.5","488.5","31519"
"11/02/2020","486","486","482.5","482.85","22517"
"12/02/2020","483.05","483.05","483.05","483.05","2553"
"13/02/2020","494","495","487.05","495","3063"
"14/02/2020","487.5","500.1","487.5","500.1","81573"
"17/02/2020","498","500","498","500","10776"
"18/02/2020","500","500.1","499.1","500","31282"
"19/02/2020","493.05","500","493.05","500","1234"
"20/02/2020","500","504","500","504","41120"
"21/02/2020","500","513","500","510","415850"
"24/02/2020","501.1","510.1","501.1","510.1","13140"
"25/02/2020","510","513","510","511","66894"
"26/02/2020","511","511","507","507","38832"
"28/02/2020","507","507","495","495","163503"
"02/03/2020","495","496","494","496","5641"
"03/03/2020","490.5","493","483.8","483.8","47801"
"04/03/2020","482.6","485","477","477","52848"
"05/03/2020","480","480","476","476","100467"
"06/03/2020","476","480","458","458","93750"
"09/03/2020","463","463","427","430.2","145702"
"10/03/2020","436","473.2","436","457","127259"
"11/03/2020","460.1","463","452.5","454","137032"
"12/03/2020","440","440","420","420","242687"
"13/03/2020","416.05","430","405","425","116672"
"16/03/2020","420","420","382.55","382.55","129508"
"17/03/2020","370","377","367.25","367.25","106090"
"18/03/2020","367.9","368","352.6","352.6","92098"
"19/03/2020","364.95","366.7","358","366.7","204824"
"20/03/2020","379","381.35","379","381.35","275078"
"23/03/2020","396.6","396.6","391","396.6","156026"
"24/03/2020","412.45","412.45","395.05","399","182280"
"25/03/2020","399","399","384","387.95","142938"
"26/03/2020","388","390","375.5","378","29176"
"27/03/2020","389","389","371.9","371.9","47144"
"30/03/2020","386","386","371","371.9","77874"
"31/03/2020","377.9","378","371.9","371.9","9026"
"01/04/2020","371.95","374.95","369.95","369.95","4322"
"02/04/2020","368","368","362","362","64223"
"03/04/2020","363","368","354","354","146263"
"06/04/2020","355","355","339.85","339.85","26803"
"07/04/2020","327","336.55","326.3","326.3","124284"
"08/04/2020","333","339","326.35","339","88609"
"09/04/2020","339","348","339","343","167693"
"10/04/2020","343","345","340","343.9","44249"
"13/04/2020","343.1","343.1","339","341","3353"
"14/04/2020","345","349.8","340.5","341","30028"
"15/04/2020","338.85","340","335","335","45557"
"16/04/2020","342","342","335.3","335.3","14312"
"17/04/2020","335.5","335.5","330","331.25","16348"
"20/04/2020","334.95","335","330","331.6","21361"
"21/04/2020","330","330.1","323","323","79319"
"22/04/2020","329.9","329.9","325","326","14397"
"23/04/2020","329","329","325","326","6548"
"24/04/2020","329.7","330","329","330","34508"
"27/04/2020","334.8","335.05","331","335.05","28382"
"28/04/2020","346.95","348.45","340","348.45","28724"
"29/04/2020","348.5","355","346","352.05","242348"
"30/04/2020","353","362","353","356.2","77185"
"04/05/2020","357.1","357.1","350","355","944288"
"05/05/2020","355","359.9","354.05","355","190247"
"06/05/2020","355","355","345","348.5","71823"
"07/05/2020","348.5","348.5","345","346.05","23143"
"08/05/2020","343.1","343.7","332.25","341.95","126664"
"11/05/2020","340","340","336.5","336.5","50874"
"12/05/2020","336.2","336.75","324.95","325","136419"
"13/05/2020","328.9","328.9","317.45","318.1","42477"
"14/05/2020","320","325","319","322.7","130727"
"15/05/2020","329","335","328.95","335","46809"
"18/05/2020","338","344","338","343.95","91619"
"19/05/2020","348","348","340.1","340.1","24409"
"20/05/2020","340","340.1","331","334","20905"
"21/05/2020","331","342.5","331","340","59926"
"22/05/2020","340","346","340","344.45","202824"
"26/05/2020","347.95","352","347","349","173541"
"27/05/2020","353","358","350","355","137895"
"28/05/2020","360","360","345","345","61063"
"29/05/2020","349.95","349.95","340","345","98395"
"01/06/2020","343","348","343","346.5","48755"
"02/06/2020","353.5","353.5","349.9","350","72813"
"03/06/2020","350","353","348.8","348.8","130924"
"04/06/2020","352.9","352.95","350","350","18794"
"05/06/2020","349.5","353","349.5","351","22870"
"08/06/2020","354.9","354.9","352","354.5","29833"
"09/06/2020","354.9","354.9","353.2","353.95","89053"
"10/06/2020","354","354","348.9","348.9","80593"
"11/06/2020","348.9","350.9","344","345","77074"
"12/06/2020","348.95","348.95","342","342","41798"
"15/06/2020","345","347.8","342","345","109678"
"16/06/2020","347","351.4","347","350","420545"
"17/06/2020","363.95","363.95","363.95","363.95","79177"
"18/06/2020","374.9","374.9","365.05","365.05","337650"
"19/06/2020","369.9","369.9","360","364","65147"
"22/06/2020","364","364","361","363.95","5878"
"23/06/2020","364","364","361","362.3","4704"
"24/06/2020","363.85","363.85","354","357","31395"
"25/06/2020","359","359","355.05","355.05","37859"
"26/06/2020","355","360","350.1","350.1","65370"
"29/06/2020","359","359","351.1","351.1","17282"
"30/06/2020","353","356","353","356","173969"
"01/07/2020","359","359.8","356","357","6276"
"02/07/2020","352","357","352","357","6048"
"03/07/2020","357.95","358","355.05","355.05","20588"
"06/07/2020","357.95","357.95","350","352.5","12455"
"07/07/2020","352.5","353","350","351.1","59679"
"08/07/2020","358","358","351","351","1761"
"09/07/2020","354.9","354.9","351","351.1","275"
"10/07/2020","353","353.9","351.05","352","16362"
"13/07/2020","354.95","354.95","351","351.5","438"
"14/07/2020","351","353","351","353","111860"
"15/07/2020","351.1","356.95","351.1","355.1","11809"
"16/07/2020","355.95","358.95","353","357","23036"
"17/07/2020","357","357","355","355","3011"
"20/07/2020","355","358","355","358","3110"
"21/07/2020","357","359.8","356.15","358","7607"
"22/07/2020","356.1","356.1","350","355","7674"
"23/07/2020","355","358","354.05","355.5","11160"
"24/07/2020","355.05","358","355.05","358","41886"
"27/07/2020","358","362","355.5","362","72442"
"28/07/2020","362","369.9","362","369.9","8849"
"29/07/2020","365.15","369","365.1","369","48616"
"03/08/2020","369","369","365.1","365.1","21831"
"04/08/2020","368.9","370","366","370","18617"
"05/08/2020","369","374","369","371.2","15358"
"06/08/2020","374.5","375","374","374.85","8852"
"07/08/2020","375","376.95","371","376","22183"
"10/08/2020","377","384.9","377","381","18380"
"11/08/2020","384.95","384.95","381.05","381.15","56510"
"12/08/2020","381.15","389","381.15","389","41767"
"13/08/2020","389","389","386","387.1","30831"
"17/08/2020","387.9","387.9","383.1","385","23691"
"18/08/2020","387.75","387.75","382.05","384.5","2969"
"19/08/2020","382.55","383.55","382.55","383.5","3624"
"24/08/2020","384.95","384.95","375","378.6","28081"
"25/08/2020","378.6","380","374.95","375","22058"
"26/08/2020","375","377","371","372.1","5798"
"27/08/2020","370.05","371","360.1","360.1","34987"
"28/08/2020","361","361","353","355.2","65137"
"31/08/2020","355","359.95","352","356.65","47210"
"01/09/2020","358.05","370.9","358.05","370.9","23566"
"02/09/2020","371","377","367.2","368.1","9571"
"03/09/2020","369","370","366","369","942"
"04/09/2020","369.5","369.5","364.85","364.85","22262"
"07/09/2020","365","369","362","369","1826"
"08/09/2020","361.1","365.05","361.1","363.15","1157"
"09/09/2020","363.5","367.9","363","364","1151"
"10/09/2020","364","369","364","368","29489"
"11/09/2020","372","372","367.05","369.95","49064"
"14/09/2020","369","369","365","366","42182"
"15/09/2020","370","370","359.9","359.9","26482"
"16/09/2020","360","363","355.9","356.8","10052"
"17/09/2020","358","359","354","355.1","9353"
"18/09/2020","357","360","357","358.1","13150"
"21/09/2020","363","363","360","360","21305"
"22/09/2020","363","363","356.6","360","27199"
"23/09/2020","362","362","359.85","359.85","31748"
"24/09/2020","351","356","350","350","94702"
"25/09/2020","350","355","350","352","18000"
"28/09/2020","352","355","351.5","355","515"
"29/09/2020","355","358","353.5","353.5","5406"
"30/09/2020","353.6","358","352","357.7","614"
"01/10/2020","357","357","357","357","25037"
"02/10/2020","357.75","357.75","355.05","356.5","5411"
"05/10/2020","358","363","358","361.2","66877"
"06/10/2020","362","369","362","369","57681"
"07/10/2020","370","372","370","371.5","59496"
"08/10/2020","371","371.5","367","370","3534"
"09/10/2020","367.1","367.2","366","366.9","680698"
"12/10/2020","371","371","367.5","367.5","1008"
"13/10/2020","370","372.1","369","372.1","18168"
"14/10/2020","372.5","385.95","372.5","384.6","86646"
"15/10/2020","385","385","376.5","379","44265"
"16/10/2020","380.9","380.9","374","374","29581"
"19/10/2020","374","374","370.65","370.65","16507"
"20/10/2020","370.65","371","370.05","371","2541"
"21/10/2020","372","375.5","371.1","375","2977"
"22/10/2020","373","380","373","377.05","21921"
"23/10/2020","379.95","380","377","379.95","33647"
"26/10/2020","378","383","378","378","4392"
"27/10/2020","376.6","380","376.6","378.25","16104"
"28/10/2020","375.2","379.5","374.55","378","52207"
"02/11/2020","377","377.9","374","375.8","10886"
"03/11/2020","375.8","376","375.1","376","27072"
"04/11/2020","375.05","376","375.05","375.35","25506"
"05/11/2020","376","377","375","375.55","9280"
"09/11/2020","375.15","386","375.15","385","129195"
"10/11/2020","389","392","386.1","387","64383"
"11/11/2020","389.9","389.9","384","385","20417"
"12/11/2020","385.05","387.95","381","385.1","20062"
"13/11/2020","385.55","394","385.55","390","100639"
"16/11/2020","391.9","397","389","395.1","96423"
"17/11/2020","395.15","399","395.15","396","48921"
"19/11/2020","390.4","397.9","390.4","394.9","44771"
"20/11/2020","410.65","410.65","405","406.7","162436"
"23/11/2020","411","413","406.6","406.6","8029"
"24/11/2020","411.9","411.9","408.25","410.9","22626"
"25/11/2020","411","418.9","411","417","109681"
"26/11/2020","417.9","418","410","410","9095"
"27/11/2020","410.05","411.8","403","403","13936"
"30/11/2020","400.5","410","400.5","410","98047"
"01/12/2020","404","411.9","404","406","3751"
"02/12/2020","409.5","409.5","405.25","405.6","81542"
"03/12/2020","410","410","406","407","132896"
"04/12/2020","410","411","408","409.95","23564"
"07/12/2020","412.75","412.75","412","412","3399"
"08/12/2020","412.95","417","412.95","415.4","10192"
"09/12/2020","417.5","422","417","417.9","143549"
"10/12/2020","418","420","415","415","18860"
"11/12/2020","421","428","420.85","427.1","140960"
"14/12/2020","427.9","430","425.05","425.05","27830"
"15/12/2020","425.1","427","425.05","426.1","56552"
"16/12/2020","426.5","436","426.2","436","97916"
"17/12/2020","436","441","436","439.95","55847"
"18/12/2020","441","441","437","437","67766"
"21/12/2020","428","428","419.55","419.55","81203"
"22/12/2020","419.5","430","412","428.95","143388"
"23/12/2020","431","435.95","427.1","432.1","32194"
"24/12/2020","434.75","434.75","428","428","59923"
"25/12/2020","427.5","428","425.5","427","86808"
"28/12/2020","428","434","428","429","647024"
"29/12/2020","432.4","432.4","429.1","430","56366"
"30/12/2020","429.1","432","429.1","430","107233"
"31/12/2020","422","428.85","422","423.25","18788"
"04/01/2021","429.95","430","423.6","430","28469"
"05/01/2021","427.8","427.8","424","424","4431"
"06/01/2021","421","425","418.1","420","18492"
"07/01/2021","424.8","426","423","424","63979"
"08/01/2021","429.4","429.4","420","420","27701"
"12/01/2021","424","425","422","423.95","71608"
"13/01/2021","422","424","420","424","7501"
"14/01/2021","424","427.5","424","427.05","46335"
"15/01/2021","428","432.05","428","432.05","88748"
"18/01/2021","434.75","439","432.15","437","70291"
"19/01/2021","437","437","430.05","434","46692"
"20/01/2021","430.6","435.5","430.05","434","21232"
"21/01/2021","433.9","436.9","432.6","435.25","60504"
"22/01/2021","435","437","435","437","50272"
"25/01/2021","437","445","435","445","36766"
"26/01/2021","445","445","442","442","38914"
"27/01/2021","442","442.05","440","441","14150"
"28/01/2021","442","442","435.1","435.7","14482"
"29/01/2021","435.95","441.75","435.5","436.1","35035"
"01/02/2021","435.5","437.95","434.95","437.95","11877"
"02/02/2021","437.95","440.95","437.5","440","21062"
"03/02/2021","440","440","439","439","17399"
"04/02/2021","436.85","439","436","436.15","5420"
"05/02/2021","438.95","438.95","433.1","434.5","18588"
"08/02/2021","438","438","433.6","433.6","52013"
"09/02/2021","433.8","434","431","431","123280"
"10/02/2021","431","431","421.1","423","32189"
"11/02/2021","425","426.5","420","426.5","23747"
"12/02/2021","430","435","427.9","427.9","5359"
"15/02/2021","434","434","425.1","425.1","7477"
"16/02/2021","428.95","428.95","428.6","428.6","2061"
"17/02/2021","428.6","431","425.1","425.1","80625"
"18/02/2021","430","430","426.1","429.7","786"
"19/02/2021","425.5","429.6","425.5","425.6","12843"
"22/02/2021","429.7","429.7","423.1","424.6","22656"
"23/02/2021","421","424","420.05","420.05","12064"
"24/02/2021","420","420","405.5","415","46453"
"25/02/2021","411","418","406.75","418","32179"
"26/02/2021","418","426","418","420.5","95550"
"01/03/2021","420.3","425","420","425","92"
"02/03/2021","425","425","421.1","421.1","8050"
"03/03/2021","422","422","420","420","22000"
"04/03/2021","416.05","421","416.05","419","18606"
"05/03/2021","421","421","419","419","17316"
"08/03/2021","419","420","416.5","417","15242"
"09/03/2021","419.5","419.8","416","419.5","9465"
"10/03/2021","419.5","419.5","417","419.5","11280"
"11/03/2021","419","419.2","419","419.2","11227"
"12/03/2021","424","424","421","421","36414"
"15/03/2021","419","421","418","418.6","2744"
"16/03/2021","417.6","420.95","417.5","420.95","19022"
"17/03/2021","421","423.7","421","423","65428"
"18/03/2021","423.75","423.75","415.05","415.05","138769"
"19/03/2021","420","420","418.9","418.9","19766"
"22/03/2021","415.15","418","415.15","418","15332"
"23/03/2021","418","418","415","415","40782"
"24/03/2021","415","415.55","414","415.55","3460"
"25/03/2021","416.05","418","415.05","418","16501"
"26/03/2021","417","420","416","420","65869"
"29/03/2021","420","420","420","420","50786"
"30/03/2021","420.05","426","420","426","8485"
"31/03/2021","420","421.35","420","421.35","10934"
"01/04/2021","426.15","430","425","430","68078"
"02/04/2021","431","431","425","430.9","8869"
"05/04/2021","426","427","425.1","427","15042"
"06/04/2021","427","430","425","425","20672"
"07/04/2021","425","425","423.35","425","5535"
"08/04/2021","423.2","424","423","424","11257"
"09/04/2021","420.3","425","420.3","425","11761"
"12/04/2021","423","430","423","430","3150"
"13/04/2021","426","429","425","425","2512"
"14/04/2021","425.5","426","425.05","426","21509"
"15/04/2021","429.8","429.8","423","424","302"
"16/04/2021","425","427","421","427","37097"
"19/04/2021","425","427","425","426","20745"
"20/04/2021","426","429.5","426","429","46766"
"21/04/2021","428","429","426","426","80512"
"22/04/2021","426.15","426.15","426","426","3232"
"23/04/2021","427.15","429.9","427.15","429.9","22300"
"26/04/2021","427.05","429","427.05","429","71377"
"27/04/2021","427.25","428","427.25","428","19965"
"28/04/2021","428.95","429","426.05","429","44641"
"29/04/2021","429","429.5","428.5","428.5","25478"
"30/04/2021","429","430","428","430","52941"
"03/05/2021","430","434.05","430","434.05","66430"
"04/05/2021","434.5","437","434.5","436","56788"
"05/05/2021","439","439.5","439","439.25","27954"
"06/05/2021","441","446","441","445.05","64312"
"07/05/2021","445.2","446.85","445.2","446.85","85475"
"10/05/2021","446","447.5","446","447.1","14441"
"11/05/2021","446","447","445","445.5","21918"
"12/05/2021","445","446.9","445","446.05","65587"
"17/05/2021","448","456","448","454.1","165992"
"18/05/2021","451","463.9","451","456","19558"
"19/05/2021","451","463","451","461.25","26673"
"20/05/2021","460","460","451","451","26216"
"21/05/2021","452.3","456","451","456","23970"
"24/05/2021","457.9","457.9","455.5","455.6","13707"
"25/05/2021","451.7","457","451.25","451.25","7190"
"26/05/2021","451.1","455.95","451","455","669"
"27/05/2021","452","453.9","450","452.6","39041"
"28/05/2021","450","457.9","448","457.9","62248"
"31/05/2021","452.15","456","452.15","454","5714"
"01/06/2021","452.55","459.7","452.55","459.7","24567"
"02/06/2021","454","459.5","454","459.5","20334"
"03/06/2021","459.9","465.05","459.9","465.05","39796"
"04/06/2021","466","466","460.05","462.5","33478"
"07/06/2021","462","465","460.5","463","8278"
"08/06/2021","461.5","465","461","465","40595"
"09/06/2021","461.5","465","461.5","462","126301"
"10/06/2021","462.5","464.15","461.05","464.15","46444"
"11/06/2021","462","465","460","462.6","56160"
"14/06/2021","464.8","467","463","467","33845"
"15/06/2021","465.05","469","463.85","463.85","71708"
"16/06/2021","463.9","463.9","460","461.3","54584"
"17/06/2021","462","462","460.2","461.3","16505"
"18/06/2021","461.3","462.1","461","462.1","58081"
"21/06/2021","465","465","462.1","464.5","8293"
"22/06/2021","463.9","467","463","464.5","36920"
"23/06/2021","464.5","466","462","463","5397"
"24/06/2021","463.1","463.15","461","461","23385"
"25/06/2021","460","463.9","450.05","460","270719"
"28/06/2021","460","461","455","461","845"
"29/06/2021","455.1","461","455.1","459.8","13822"
"30/06/2021","459.8","459.8","458.1","459","1489064"
"01/07/2021","453.2","464.95","453.2","462","98438"
"02/07/2021","459.5","460","457","460","38037"
"05/07/2021","449","449","439","442","46926"
"06/07/2021","437.5","447","437.5","440","18215"
"07/07/2021","442","450","440","446","28878"
"08/07/2021","446","446","444.95","444.95","11705"
"09/07/2021","444","445.7","440.15","445.7","36688"
"12/07/2021","440.45","445","440.45","445","15557"
"13/07/2021","443","443","440.05","441","4116"
"14/07/2021","440.1","444.7","440.1","440.6","34700"
"15/07/2021","442","442","440","441.05","33644"
"16/07/2021","441.05","443.8","441","442.1","33336"
"19/07/2021","442.1","443","442.1","442.6","14270"
"20/07/2021","443","443","440","440","13006"
"23/07/2021","442","442.5","442","442.5","17198"
"26/07/2021","441","442.7","441","442.7","1849"
"27/07/2021","443","445.25","443","445.25","46069"
"28/07/2021","445.5","447","441.7","443.7","5302"
"29/07/2021","447","450","447","450","2645"
"02/08/2021","451.9","464","451.9","464","20400"
"03/08/2021","463.9","464","457.1","460","78653"
"04/08/2021","463.3","463.3","459","460.55","12073"
"05/08/2021","462.85","464","461","464","25258"
"06/08/2021","461.1","465","461.1","465","93624"
"09/08/2021","459.2","462","459.2","462","210"
"11/08/2021","462","469","462","468","55664"
"12/08/2021","465.65","465.65","465","465.05","10135"
"13/08/2021","461.05","469","461.05","469","53719"
"16/08/2021","463","469","463","468","13662"
"17/08/2021","466","467.9","466","467.9","12337"
"18/08/2021","467.9","467.9","466.5","467","30241"
"19/08/2021","465","470","465","465.1","11399"
"23/08/2021","463.05","470","463.05","470","20888"
"24/08/2021","465","474","465","470","7326"
"25/08/2021","465.2","467","465.2","467","2687"
"26/08/2021","470","470","468","470","46863"
"27/08/2021","469","476","469","476","43516"
"30/08/2021","470.5","479.9","470.5","478","13032"
"31/08/2021","472","475","469","470","61951"
"01/09/2021","468","470","468","469","6688"
"02/09/2021","468","468","466","468","3207"
"03/09/2021","468","474","468","473.95","29639"
"06/09/2021","473.9","474","468.1","472","23042"
"07/09/2021","470.05","473","470.05","470.25","11609"
"08/09/2021","470.65","472","470.65","472","20616"
"09/09/2021","471.05","484","471.05","484","209210"
"10/09/2021","484","484","475","475","56054"
"13/09/2021","482.9","482.9","473.25","475.05","28373"
"14/09/2021","473.6","476.5","473.6","476.5","18300"
"15/09/2021","474.6","477","474","477","18953"
"16/09/2021","475","477.05","475","477.05","18622"
"17/09/2021","475.1","484.8","475.1","484.8","28341"
"20/09/2021","480","480","478","478.5","84056"
"21/09/2021","478","480","475.5","480","32308"
"22/09/2021","480","480.1","478.1","480.1","31155"
"23/09/2021","481","488","481","488","49697"
"24/09/2021","485.1","499","485.1","488","128719"
"27/09/2021","492","492","486","489.5","37313"
"28/09/2021","485.05","492","485","492","12082"
"29/09/2021","490","494","490","494","30012"
"30/09/2021","490.2","495","490.15","495","12023"
"01/10/2021","488","491.9","488","491.9","38857"
"04/10/2021","488.25","490","488.05","490","15956"
"05/10/2021","488.05","489","487.55","487.55","4924"
"06/10/2021","487.55","488","486","486","30889"
"07/10/2021","485.6","486.15","485.6","486.15","37632"
"08/10/2021","487","495","486.25","495","35308"
"11/10/2021","491","491.1","489","489","15362"
"12/10/2021","489","489","489","489","10"
"13/10/2021","490","490.1","485","490.1","27634"
"14/10/2021","490","494.5","490","494.5","68549"
"15/10/2021","494.5","495","490.1","492.5","51218"
"18/10/2021","492.25","495","492.25","495","4504"
"21/10/2021","490.05","497","490.05","495.05","14259"
"22/10/2021","491.1","496.5","491.1","495","26811"
"25/10/2021","491.6","498","491.6","498","29375"
"26/10/2021","498","510","498","510","119111"
"27/10/2021","500","509","500","505","40656"
"28/10/2021","500","509.5","500","507","91724"
"29/10/2021","507","508","490.15","490.15","97762"
"01/11/2021","507.9","507.9","496","497.15","28016"
"02/11/2021","500","500","497","498.6","8544"
"03/11/2021","497","505","497","499","29926"
"04/11/2021","500.1","500.1","496.5","496.5","23166"
"05/11/2021","496.1","500","490.5","490.5","32899"
"08/11/2021","500","500","490.2","490.5","229"
"09/11/2021","491","499","491","491.05","3625"
"10/11/2021","492","498","490","490","9020"
"11/11/2021","486","490","486","488","16265"
"12/11/2021","490","490","488","488","27414"
"15/11/2021","484.5","484.5","484.5","484.5","7643"
"16/11/2021","485.55","486","481.1","481.1","7827"
"17/11/2021","481.7","485.05","481.7","483.15","45184"
"19/11/2021","485.1","487.3","485.05","487.3","12075"
"22/11/2021","490","490","486","487","10832"
"23/11/2021","486","487","485","487","27541"
"24/11/2021","487.2","489","487","489","6560"
"25/11/2021","487","489","487","487.45","4362"
"26/11/2021","488","488","480","480","43276"
"29/11/2021","461","474.95","461","474","29808"
"30/11/2021","470.7","475","470.7","473","111950"
"01/12/2021","473.15","480","473.15","480","15818"
"02/12/2021","479.5","486","479.5","486","26860"
"03/12/2021","480","487.9","480","487.9","12962"
"06/12/2021","487","487","480","480.5","45106"
"07/12/2021","478","490","478","485","13410"
"08/12/2021","490","490","484","487","13345"
"09/12/2021","485","487","485","487","5675"
"10/12/2021","487","489","487","487","116646"
"13/12/2021","484","489","482.1","482.1","179949"
"14/12/2021","483.5","486","483.5","483.5","26761"
"15/12/2021","482.1","482.6","481.5","482.6","18738"
"16/12/2021","485","487.5","483","483","26949"
"17/12/2021","481.5","483","477","483","39863"
"20/12/2021","482.9","482.9","476","478.05","3774"
"21/12/2021","478.5","483","478.5","480","37991"
"22/12/2021","476","479.9","476","476.5","11717"
"23/12/2021","480","480","475","480","1164"
"24/12/2021","480","480","477.25","480","9354"
"27/12/2021","472","480","472","479.95","56930"
"28/12/2021","476","483","476","483","6944989"
"29/12/2021","483.05","485","483","485","27235"
"30/12/2021","483","487","481","487","31811"
"31/12/2021","483","489","483","487","196610"
"03/01/2022","480.05","485","480.05","480.5","15261"
"04/01/2022","480.6","480.6","480.5","480.6","21010"
"05/01/2022","481.05","483.9","481","482.1","32600"
"06/01/2022","482.6","486","482.6","486","187512"
"07/01/2022","486.05","492","485.05","490","50513"
"10/01/2022","490.05","491","486.05","491","14000"
"12/01/2022","490.3","491","489","491","29687"
"13/01/2022","490.1","491","487.1","490.6","17055"
"14/01/2022","490.7","498","490.7","498","137083"
"17/01/2022","495.05","496","495","495","36871"
"18/01/2022","495.3","498","495","495","58754"
"19/01/2022","491.1","497","491.1","492.2","6913"
"20/01/2022","492","494.8","490.5","492.05","12640"
"21/01/2022","492","495","492","495","124183"
"24/01/2022","492","492","491","492","9908"
"25/01/2022","492.2","495","491.5","492.2","50242"
"26/01/2022","491.6","492","491.6","491.75","4458"
"27/01/2022","491.6","494.5","491.6","494.5","52320"
"28/01/2022","491.55","493.9","491.55","493.9","11892"
"31/01/2022","492","493.05","491.8","493.05","14554"
"01/02/2022","491.75","494.1","491.75","494.1","9360"
"02/02/2022","493.15","495.3","493.15","495.3","45593"
"03/02/2022","494.95","498.95","494.95","498","86617"
"04/02/2022","496","498","495.65","497.8","35194"
"07/02/2022","496.5","498","495.05","495.05","45826"
"08/02/2022","496","496","494.6","495.05","7585"
"09/02/2022","494","494","491.15","491.15","17668"
"10/02/2022","491.05","495","491.05","493","15073"
"11/02/2022","493","494.05","493","493","16404"
"14/02/2022","492","493","486","489.85","70323"
"15/02/2022","483","487","479.1","480","673830"
"16/02/2022","479.5","485","479.5","480.6","13901"
"17/02/2022","480.6","481.7","480.6","481.7","4915"
"18/02/2022","481","484.9","481","484.9","14382"
"21/02/2022","482.05","483.25","482.05","483.25","26705"
"22/02/2022","482","482","477.1","478","59251"
"23/02/2022","478","482","476","480.05","413109"
"24/02/2022","480","483","455.25","455.25","143807"
"25/02/2022","461.5","479.9","461.05","473","6847"
"28/02/2022","474.95","477","470.5","470.95","12400"
"01/03/2022","470.65","473","470","470","6318"
"02/03/2022","470","472","466","470","33615"
"03/03/2022","466.15","466.15","456.55","457.55","40983"
"04/03/2022","458.2","461","455","455","85608"
"07/03/2022","452","462","432","436","25466"
"08/03/2022","440.15","456","440.15","455","59434"
"09/03/2022","463","471","458","460","24871"
"10/03/2022","465","465","450","450","25557"
"11/03/2022","446","459","446","450","42205"
"14/03/2022","451.5","452","450","452","1047"
"15/03/2022","457.95","458","451","452","17211"
"16/03/2022","457","459","453.5","459","16583"
"17/03/2022","455.1","477.95","455.1","477.95","15547"
"18/03/2022","473","473","464","464","47743"
"21/03/2022","463","463","460","461","5496"
"22/03/2022","461","468","459","459","7365"
"23/03/2022","459","459","444","444","18278"
"24/03/2022","444","449","442.2","442.2","34896"
"25/03/2022","446","464.5","445.4","445.4","26858"
"28/03/2022","444","450","444","447.6","24484"
"29/03/2022","448","455","448","455","19444"
"30/03/2022","452.05","460.05","452.05","460.05","43619"
"31/03/2022","460","461","455","460","3117"
"01/04/2022","460","465","460","460","22504"
"04/04/2022","462.95","462.95","456","462","39232"
"05/04/2022","460.2","464.5","460","464.5","39329"
"06/04/2022","460.1","464.95","460.1","464.95","1187"
"07/04/2022","461","469","461","469","27042"
"08/04/2022","465.15","469.95","464","468","55793"
"11/04/2022","466","466","464.2","466","649"
"12/04/2022","464.15","465.1","464.15","465.1","10009"
"13/04/2022","465","468","464","464","5002"
"14/04/2022","464","466","463.55","464.1","10383"
"15/04/2022","467","470","460","470","143767"
"18/04/2022","470","470","465","469.5","3224"
"19/04/2022","468","469","466.1","469","27205"
"20/04/2022","463.7","469.5","463.7","469","9309"
"21/04/2022","466","466.5","466","466.1","3692"
"22/04/2022","465.05","468","465.05","468","10836"
"25/04/2022","465.05","468","465.05","468","10017"
"26/04/2022","465.05","465.95","462.1","462.1","32088"
"27/04/2022","460.05","463.5","460.05","463.5","1308"
"28/04/2022","461","463","461","462","1629"
"29/04/2022","466.85","466.85","463.35","465.05","16101"
"04/05/2022","463","465","463","463.15","726"
"05/05/2022","463","465","463","465","10882"
"06/05/2022","462","462.5","462","462.5","1225"
"09/05/2022","462.5","462.5","455","455","26402"
"10/05/2022","460","460","445","445","24091"
"11/05/2022","445","450","445","446","13485"
"12/05/2022","450","450","440","440","22682"
"13/05/2022","441","450","440.25","445","16188"
"16/05/2022","446","448","445","448","13855"
"17/05/2022","454","454","449.95","450","3082"
"18/05/2022","450","450","446","446","3483"
"19/05/2022","446.6","450","446.6","450","46670"
"20/05/2022","450","450","446.05","450","103248"
"23/05/2022","454","454","445.1","446.15","7214"
"24/05/2022","445.5","450","440","440","19880"
"25/05/2022","445.95","445.95","436.5","436.5","13984"
"26/05/2022","437","441","437","440","567"
"27/05/2022","438.5","440","435.1","436","45920"
"30/05/2022","440","440","435","435","4492"
"31/05/2022","435.9","440","435","436.5","29821"
"01/06/2022","436.5","443","436.5","440.15","5176"
"02/06/2022","440.15","449","440.15","449","19795"
"03/06/2022","450","451","450","451","126093"
"06/06/2022","451","455","446.1","455","40515"
"07/06/2022","449","462","449","460","84379"
"08/06/2022","460","464","459.95","455.5","6550"
"09/06/2022","459","460","451","452.05","9400"
"10/06/2022","450.05","455","447","454.95","11412"
