"Date","Open","High","Low","Close","Volume"
"03/01/2000","66.08","66.37","66.37","66.37","17486.29"
"04/01/2000","65.98","66.18","66.18","66.18","17882.32"
"05/01/2000","65.98","66.18","66.18","66.18","1584.12"
"06/01/2000","65.49","65.68","65.68","65.68","8773.61"
"07/01/2000","65.88","65.78","65.78","65.78","7717.53"
"12/01/2000","65.78","66.08","66.08","66.08","19303.97"
"13/01/2000","66.08","66.18","66.18","66.18","4589.9"
"14/01/2000","66.37","66.18","66.18","66.18","27610.46"
"17/01/2000","66.08","65.98","65.98","65.98","24625"
"18/01/2000","65.88","65.78","65.78","65.78","14358.66"
"19/01/2000","65.88","65.49","65.49","65.49","8022.16"
"20/01/2000","65.49","65.49","65.49","65.49","31509.84"
"21/01/2000","65.19","65.29","65.29","65.29","14135.26"
"24/01/2000","65.49","65.49","65.49","65.49","17374.59"
"25/01/2000","64.99","65.49","65.49","65.49","6062.32"
"26/01/2000","64.99","64.99","64.99","64.99","4772.68"
"27/01/2000","64.6","64.9","64.9","64.9","9027.47"
"28/01/2000","64.8","64.99","64.99","64.99","12114.48"
"31/01/2000","64.6","64.6","64.6","64.6","6346.65"
"01/02/2000","64.5","64.6","64.6","64.6","46640.26"
"02/02/2000","64.6","64.5","64.5","64.5","27610.46"
"03/02/2000","64.5","64.21","64.21","64.21","26381.75"
"04/02/2000","64.31","64.21","64.21","64.21","44132.06"
"07/02/2000","64.21","64.01","64.01","64.01","11870.77"
"08/02/2000","63.81","64.21","64.21","64.21","76139.48"
"09/02/2000","64.01","64.6","64.6","64.6","65284.18"
"10/02/2000","64.31","64.9","64.9","64.9","21101.34"
"11/02/2000","64.99","64.99","64.99","64.99","64685.05"
"14/02/2000","64.9","65.19","65.19","65.19","87583.76"
"15/02/2000","64.99","65.39","65.39","65.39","107080.67"
"16/02/2000","65.19","65.98","65.98","65.98","78292.27"
"17/02/2000","65.88","65.98","65.98","65.98","97443.92"
"18/02/2000","64.8","65.68","65.68","65.68","85136.5"
"21/02/2000","65.59","65.49","65.49","65.49","43654.79"
"22/02/2000","64.99","64.99","64.99","64.99","34708.56"
"23/02/2000","63.71","63.71","63.71","63.71","114656.03"
"24/02/2000","61.35","64.4","64.4","64.4","122272.01"
"25/02/2000","63.71","63.62","63.62","63.62","38526.7"
"28/02/2000","63.22","64.01","64.01","64.01","25183.5"
"29/02/2000","63.03","63.71","63.71","63.71","15810.77"
"01/03/2000","63.91","63.52","63.52","63.52","12622.22"
"02/03/2000","63.22","63.62","63.62","63.62","9565.67"
"03/03/2000","63.62","64.5","64.5","64.5","117702.42"
"06/03/2000","64.11","64.5","64.5","64.5","95809.02"
"07/03/2000","63.71","64.31","64.31","64.31","71833.92"
"08/03/2000","64.21","64.4","64.4","64.4","99281.91"
"09/03/2000","63.91","63.91","63.91","63.91","39999.12"
"10/03/2000","64.01","63.91","63.91","63.91","43847.73"
"13/03/2000","64.01","64.01","64.01","64.01","3584.59"
"14/03/2000","63.62","64.01","64.01","64.01","12419.12"
"15/03/2000","63.71","63.81","63.81","63.81","35632.63"
"16/03/2000","63.71","63.71","63.71","63.71","4874.23"
"20/03/2000","63.71","63.81","63.81","63.81","9697.68"
"21/03/2000","63.81","63.71","63.71","63.71","35277.22"
"22/03/2000","63.62","64.9","64.9","64.9","189059.07"
"23/03/2000","64.99","64.99","64.99","64.99","17080.1"
"24/03/2000","64.01","63.91","63.91","63.91","285467.22"
"27/03/2000","65.98","66.28","66.28","66.28","189566.8"
"28/03/2000","66.28","65.98","65.98","65.98","27681.55"
"29/03/2000","65.39","65.39","65.39","65.39","7697.22"
"30/03/2000","65.39","65.39","65.39","65.39","22959.64"
"31/03/2000","65.29","65.19","65.19","65.19","40212.37"
"03/04/2000","65.29","64.99","64.99","64.99","15841.24"
"04/04/2000","64.21","64.01","64.01","64.01","15881.86"
"05/04/2000","64.01","64.8","64.8","64.8","21984.79"
"07/04/2000","64.5","64.5","64.5","64.5","15211.65"
"10/04/2000","64.8","63.62","63.62","63.62","14358.66"
"11/04/2000","63.81","63.03","63.03","63.03","120809.74"
"12/04/2000","63.12","63.03","63.03","63.03","340058.56"
"13/04/2000","63.03","62.83","62.83","62.83","16328.66"
"14/04/2000","62.93","63.03","63.03","63.03","18654.07"
"17/04/2000","62.83","62.53","62.53","62.53","34393.76"
"18/04/2000","62.14","61.15","61.15","61.15","117123.61"
"19/04/2000","61.55","62.04","62.04","62.04","93625.77"
"20/04/2000","62.04","62.73","62.73","62.73","19253.2"
"21/04/2000","62.93","62.63","62.63","62.63","37064.43"
"24/04/2000","62.53","62.53","62.53","62.53","5209.33"
"25/04/2000","62.43","62.43","62.43","62.43","76992.48"
"26/04/2000","62.24","62.24","62.24","62.24","33154.9"
"27/04/2000","62.24","61.55","61.55","61.55","10378.04"
"28/04/2000","61.55","61.06","61.06","61.06","45045.98"
"02/05/2000","60.56","59.87","59.87","59.87","198685.67"
"03/05/2000","59.87","60.46","60.46","60.46","58775.05"
"04/05/2000","60.66","62.34","62.34","62.34","42080.82"
"05/05/2000","62.53","62.53","62.53","62.53","139037.32"
"08/05/2000","62.93","62.04","62.04","62.04","8651.75"
"09/05/2000","62.14","63.03","63.03","63.03","22076.19"
"10/05/2000","63.91","64.01","64.01","64.01","70747.37"
"11/05/2000","64.31","64.4","64.4","64.4","141464.28"
"12/05/2000","64.99","64.5","64.5","64.5","88111.8"
"15/05/2000","64.7","64.6","64.6","64.6","78840.62"
"16/05/2000","65.39","64.99","64.99","64.99","23812.63"
"17/05/2000","64.8","64.6","64.6","64.6","9047.78"
"18/05/2000","64.8","64.31","64.31","64.31","11352.89"
"19/05/2000","64.11","63.81","63.81","63.81","34434.38"
"22/05/2000","64.11","63.71","63.71","63.71","4742.22"
"23/05/2000","63.71","64.01","64.01","64.01","5534.28"
"24/05/2000","64.01","64.11","64.11","64.11","6864.54"
"25/05/2000","64.4","64.7","64.7","64.7","23670.46"
"26/05/2000","64.7","64.5","64.5","64.5","5331.19"
"29/05/2000","64.5","64.7","64.7","64.7","4315.72"
"30/05/2000","64.6","64.6","64.6","64.6","7483.97"
"31/05/2000","64.6","64.5","64.5","64.5","26006.03"
"01/06/2000","64.5","64.6","64.6","64.6","12672.99"
"02/06/2000","64.5","64.5","64.5","64.5","5239.79"
"05/06/2000","64.21","64.21","64.21","64.21","4427.42"
"06/06/2000","64.31","64.21","64.21","64.21","7666.75"
"07/06/2000","64.21","64.31","64.31","64.31","8072.94"
"08/06/2000","64.31","64.31","64.31","64.31","8357.27"
"09/06/2000","64.11","64.01","64.01","64.01","14023.56"
"12/06/2000","64.31","64.01","64.01","64.01","3554.12"
"13/06/2000","63.42","63.12","63.12","63.12","25244.43"
"14/06/2000","62.93","63.12","63.12","63.12","4813.3"
"19/06/2000","63.03","63.03","63.03","63.03","11159.95"
"20/06/2000","62.63","62.73","62.73","62.73","7687.06"
"21/06/2000","62.63","62.63","62.63","62.63","6082.63"
"22/06/2000","62.73","62.83","62.83","62.83","8194.79"
"23/06/2000","62.83","63.03","63.03","63.03","6630.98"
"26/06/2000","63.91","63.42","63.42","63.42","17862.01"
"27/06/2000","63.42","64.01","64.01","64.01","8550.21"
"28/06/2000","64.01","64.01","64.01","64.01","19486.75"
"29/06/2000","63.81","63.03","63.03","63.03","4589.9"
"30/06/2000","63.32","65.98","65.98","65.98","103323.45"
"03/07/2000","58.1","57.41","57.41","57.41","14967.94"
"04/07/2000","56.13","56.33","56.33","56.33","7270.72"
"05/07/2000","56.13","55.64","55.64","55.64","37998.66"
"06/07/2000","55.25","55.64","55.64","55.64","11170.1"
"07/07/2000","56.13","56.13","56.13","56.13","11180.26"
"10/07/2000","56.13","55.74","55.74","55.74","7514.43"
"11/07/2000","56.13","56.62","56.62","56.62","22451.91"
"12/07/2000","56.62","56.23","56.23","56.23","314.79"
"13/07/2000","56.33","56.33","56.33","56.33","9585.98"
"14/07/2000","56.13","55.64","55.64","55.64","45482.63"
"17/07/2000","55.15","55.15","55.15","55.15","4772.68"
"18/07/2000","54.65","54.06","54.06","54.06","51676.96"
"19/07/2000","54.95","53.67","53.67","53.67","26899.64"
"20/07/2000","54.16","53.77","53.77","53.77","13353.35"
"21/07/2000","53.67","53.67","53.67","53.67","11241.19"
"24/07/2000","53.87","53.67","53.67","53.67","14592.22"
"25/07/2000","53.18","53.18","53.18","53.18","217756.08"
"26/07/2000","53.18","53.08","53.08","53.08","19425.82"
"27/07/2000","52.88","52.59","52.59","52.59","23010.41"
"28/07/2000","53.18","53.18","53.18","53.18","91919.79"
"31/07/2000","53.18","53.18","53.18","53.18","22330.05"
"01/08/2000","53.18","53.67","53.67","53.67","117499.33"
"02/08/2000","53.57","53.57","53.57","53.57","102318.14"
"03/08/2000","53.37","53.97","53.97","53.97","8631.44"
"04/08/2000","53.47","53.97","53.97","53.97","26767.63"
"07/08/2000","53.67","53.67","53.67","53.67","55525.57"
"08/08/2000","53.67","53.67","53.67","53.67","24259.43"
"09/08/2000","53.97","53.28","53.28","53.28","20238.2"
"10/08/2000","53.18","53.18","53.18","53.18","29093.04"
"11/08/2000","53.18","53.57","53.57","53.57","75814.54"
"15/08/2000","52.78","53.18","53.18","53.18","3665.82"
"16/08/2000","53.18","53.18","53.18","53.18","5057.01"
"17/08/2000","53.37","53.77","53.77","53.77","61516.8"
"18/08/2000","53.67","53.28","53.28","53.28","9525.05"
"24/08/2000","60.56","58.1","58.1","58.1","265320.41"
"25/08/2000","58.1","57.12","57.12","57.12","75733.3"
"28/08/2000","56.33","56.23","56.23","56.23","24797.63"
"29/08/2000","54.65","54.95","54.95","54.95","33215.82"
"30/08/2000","54.75","54.16","54.16","54.16","17090.26"
"31/08/2000","53.67","53.47","53.47","53.47","16480.98"
"01/09/2000","54.06","53.47","53.47","53.47","28930.57"
"04/09/2000","54.06","53.47","53.47","53.47","5564.74"
"05/09/2000","53.57","53.67","53.67","53.67","61323.87"
"06/09/2000","54.16","53.97","53.97","53.97","164088.82"
"07/09/2000","53.77","53.77","53.77","53.77","9321.96"
"08/09/2000","54.06","54.06","54.06","54.06","18582.99"
"11/09/2000","53.47","53.47","53.47","53.47","5849.07"
"12/09/2000","53.57","53.47","53.47","53.47","5635.82"
"13/09/2000","53.28","53.18","53.18","53.18","17090.26"
"14/09/2000","53.28","53.47","53.47","53.47","4254.79"
"15/09/2000","53.18","53.18","53.18","53.18","14114.95"
"18/09/2000","52.98","52.98","52.98","52.98","548.35"
"19/09/2000","52.98","52.98","52.98","52.98","4762.53"
"20/09/2000","53.18","53.18","53.18","53.18","2772.22"
"21/09/2000","53.18","53.08","53.08","53.08","6519.28"
"22/09/2000","52.69","52.78","52.78","52.78","6742.68"
"25/09/2000","52.39","52.29","52.29","52.29","5148.4"
"26/09/2000","52.49","52.59","52.59","52.59","16755.16"
"27/09/2000","52.59","52.59","52.59","52.59","17801.08"
"28/09/2000","52.59","52.98","52.98","52.98","129938.76"
"29/09/2000","52.78","52.69","52.69","52.69","19141.5"
"02/10/2000","52.69","52.69","52.69","52.69","25477.99"
"03/10/2000","52.39","52.69","52.69","52.69","20014.79"
"04/10/2000","52.49","52.59","52.59","52.59","4549.28"
"05/10/2000","52.49","52.49","52.49","52.49","13312.73"
"06/10/2000","51.8","51.7","51.7","51.7","37176.13"
"09/10/2000","51.7","51.7","51.7","51.7","4457.89"
"10/10/2000","51.7","51.7","51.7","51.7","13353.35"
"11/10/2000","51.21","51.21","51.21","51.21","25092.11"
"12/10/2000","50.91","51.21","51.21","51.21","59506.19"
"13/10/2000","51.01","51.21","51.21","51.21","116473.71"
"16/10/2000","51.21","51.31","51.31","51.31","15942.78"
"17/10/2000","51.01","50.81","50.81","50.81","11332.58"
"18/10/2000","50.72","50.81","50.81","50.81","25742.01"
"19/10/2000","50.72","50.52","50.52","50.52","21020.1"
"20/10/2000","50.52","50.91","50.91","50.91","106593.25"
"23/10/2000","50.72","51.11","51.11","51.11","145495.67"
"24/10/2000","51.11","51.31","51.31","51.31","71001.24"
"25/10/2000","51.21","51.41","51.41","51.41","74199.95"
"26/10/2000","51.41","51.41","51.41","51.41","47391.7"
"27/10/2000","51.41","51.7","51.7","51.7","77510.36"
"30/10/2000","51.7","51.8","51.8","51.8","151832.17"
"31/10/2000","51.9","51.9","51.9","51.9","48143.14"
"01/11/2000","51.7","51.9","51.7","51.9","62694.74"
"02/11/2000","51.8","51.9","51.7","51.9","20756.08"
"03/11/2000","51.5","51.8","51.5","51.8","29509.38"
"07/11/2000","51.5","51.8","51.5","51.8","9332.11"
"08/11/2000","51.5","51.8","51.5","51.8","22736.24"
"09/11/2000","51.5","51.8","51.5","51.7","23863.4"
"10/11/2000","51.31","51.6","51.31","51.6","63517.27"
"13/11/2000","51.5","51.5","51.41","51.5","33297.06"
"14/11/2000","51.21","51.21","50.91","51.21","45320.16"
"15/11/2000","50.52","50.52","50.52","50.52","8560.36"
"16/11/2000","49.34","50.22","49.34","49.34","16633.3"
"17/11/2000","49.24","49.24","49.24","49.24","57079.23"
"20/11/2000","49.24","49.24","49.24","49.24","45726.34"
"21/11/2000","49.24","49.24","49.24","49.24","277404.43"
"22/11/2000","49.24","49.73","49.24","49.44","51473.87"
"23/11/2000","49.73","49.73","49.73","49.73","9291.49"
"24/11/2000","49.44","49.93","49.34","49.34","41634.02"
"27/11/2000","49.24","49.24","49.24","49.24","581403.87"
"28/11/2000","49.24","49.24","48.75","49.24","220944.64"
"29/11/2000","49.24","49.24","49.24","49.24","51179.38"
"30/11/2000","49.23","49.23","49.23","49.23","69051.55"
"01/12/2000","49.14","49.14","48.94","48.94","277170.88"
"04/12/2000","49.04","49.04","48.25","48.25","446397.94"
"05/12/2000","45.79","45.79","45.69","45.69","43685.26"
"06/12/2000","45.69","45.79","45.69","45.79","36637.94"
"07/12/2000","45.99","46.78","45.99","46.19","22269.12"
"08/12/2000","46.48","46.78","46.19","46.19","46305.16"
"11/12/2000","46.28","46.48","46.28","46.28","48518.87"
"12/12/2000","46.47","46.47","46.28","46.47","6092.78"
"13/12/2000","46.48","46.58","46.48","46.58","17496.44"
"14/12/2000","46.68","46.78","46.68","46.68","178589.64"
"15/12/2000","46.38","46.78","46.38","46.78","14206.34"
"18/12/2000","47.17","47.66","47.17","47.27","17862.01"
"19/12/2000","48.06","48.06","47.76","47.76","49158.61"
"20/12/2000","46.68","46.78","46.68","46.68","70320.88"
"21/12/2000","46.58","46.78","46.58","46.78","32088.66"
"22/12/2000","46.48","46.49","46.48","46.48","17740.16"
"25/12/2000","46.48","46.48","46.48","46.48","1827.84"
"26/12/2000","46.38","46.38","46.28","46.28","18826.7"
"29/12/2000","46.28","46.38","45.79","45.79","44416.39"
"02/01/2001","45.3","45.3","45.3","45.3","18288.5"
"03/01/2001","45.4","45.4","45.3","45.4","106034.74"
"04/01/2001","45.3","45.3","45.3","45.3","113599.95"
"05/01/2001","45.2","45.2","44.71","44.71","36292.68"
"08/01/2001","44.31","44.81","44.31","44.81","74829.54"
"09/01/2001","43.82","44.71","43.82","44.31","33550.93"
"10/01/2001","44.31","44.31","43.92","43.92","43969.59"
"12/01/2001","43.53","44.12","43.53","44.12","8793.92"
"15/01/2001","44.31","44.31","44.31","44.31","11982.47"
"16/01/2001","44.31","44.31","44.12","44.31","13597.06"
"17/01/2001","43.33","44.12","43.33","43.83","41522.32"
"18/01/2001","43.33","44.31","43.33","44.31","102460.31"
"19/01/2001","44.22","44.31","43.53","44.31","195984.54"
"22/01/2001","44.22","44.22","43.53","44.21","153751.39"
"23/01/2001","43.53","44.12","43.53","44.12","17709.69"
"24/01/2001","43.92","44.31","43.92","44.22","74179.64"
"25/01/2001","44.12","44.22","43.72","44.22","130903.45"
"26/01/2001","44.27","46.87","42.35","43.91","77530.67"
"29/01/2001","44.12","45.79","43.92","45.3","58013.45"
"30/01/2001","44.31","45.79","43.82","43.82","81958.09"
"31/01/2001","45","45","43.63","43.63","33916.5"
"01/02/2001","44.31","44.31","43.82","43.82","7311.34"
"02/02/2001","42.86","43.33","42.86","43.33","30829.48"
"05/02/2001","43.82","45.2","43.82","44.81","24990.57"
"06/02/2001","43.72","43.72","42.12","43.3","136782.99"
"07/02/2001","43.33","43.33","43.13","43.3","55545.88"
"08/02/2001","43.04","43.33","43.04","43.13","38364.23"
"09/02/2001","43.32","43.33","43.06","43.06","10164.79"
"12/02/2001","43.03","43.04","43.03","43.03","44680.41"
"13/02/2001","43.11","43.11","42.84","42.84","73113.4"
"14/02/2001","42.84","42.84","41.85","42.64","150004.33"
"15/02/2001","43.33","44.41","41.95","44.41","354965.57"
"16/02/2001","45.1","45.1","44.71","44.71","31966.8"
"19/02/2001","44.61","44.61","44.12","44.31","30646.7"
"20/02/2001","43.94","44.31","43.94","44.31","65548.2"
"21/02/2001","43.43","44.31","43.43","44.31","30281.13"
"22/02/2001","44.02","44.31","44.02","44.31","33317.37"
"23/02/2001","44.13","44.31","43.33","44.31","126963.45"
"26/02/2001","44.29","44.29","43.92","44.22","30707.63"
"27/02/2001","44.12","44.27","43.33","44.02","60826.29"
"28/02/2001","44.02","44.02","43.53","44.02","18308.81"
"01/03/2001","44.02","44.02","43.34","43.97","14866.39"
"02/03/2001","44.01","44.01","43.82","43.97","5981.08"
"05/03/2001","43.82","43.92","43.53","43.92","14419.59"
"08/03/2001","43.92","43.92","43.92","43.92","2477.73"
"09/03/2001","43.82","44.22","43.33","44.22","151090.88"
"12/03/2001","44.12","44.81","43.92","44.81","199193.4"
"13/03/2001","45.3","46.19","45.3","45.3","229748.71"
"14/03/2001","45.3","45.3","44.31","44.31","49574.95"
"15/03/2001","44.36","44.91","44.36","44.51","27519.07"
"16/03/2001","44.61","44.66","44.61","44.61","24279.74"
"19/03/2001","44.51","44.8","44.51","44.74","7108.25"
"20/03/2001","44.61","44.81","44.61","44.81","34789.79"
"21/03/2001","44.81","44.81","44.31","44.81","52702.58"
"22/03/2001","44.81","44.81","44.71","44.79","49757.73"
"23/03/2001","44.31","44.31","44.31","44.31","6539.59"
"26/03/2001","44.81","44.81","44.31","44.31","41136.44"
"28/03/2001","44.32","44.32","44.31","44.31","42243.3"
"29/03/2001","43.34","44.3","43.34","44.3","11627.06"
"30/03/2001","42.84","44.12","42.84","44.04","23497.84"
"02/04/2001","43.33","43.33","42.84","43.33","108674.95"
"03/04/2001","43.33","43.33","42.84","43.33","33611.86"
"04/04/2001","42.94","43.33","42.94","43.32","34028.2"
"05/04/2001","42.94","43.32","42.94","43.23","28534.54"
"06/04/2001","42.94","43.23","42.94","43.23","61070"
"09/04/2001","43.33","43.53","43.04","43.53","52306.55"
"10/04/2001","43.33","43.92","43.33","43.92","56591.8"
"11/04/2001","43.92","43.92","43.33","43.33","11992.63"
"12/04/2001","42.94","42.96","42.94","42.94","56033.3"
"13/04/2001","43.13","43.13","42.94","43.13","32230.82"
"16/04/2001","42.94","42.94","42.84","42.84","6600.52"
"17/04/2001","42.94","42.94","42.84","42.84","8956.39"
"18/04/2001","42.83","43.23","42.64","43.23","26300.52"
"19/04/2001","42.74","43.23","42.74","43.23","13251.8"
"20/04/2001","42.64","43.13","42.64","43.13","3716.6"
"23/04/2001","43.13","43.13","43.13","43.13","7768.3"
"24/04/2001","43.13","43.13","41.95","41.95","63710.21"
"25/04/2001","41.95","42.44","41.95","42.35","26605.16"
"26/04/2001","42.35","43.12","42.35","42.35","22126.96"
"27/04/2001","42.35","42.84","42.35","42.39","16156.03"
"30/04/2001","42.35","42.35","42.25","42.35","10154.64"
"02/05/2001","42.25","43.13","42.25","43.13","27417.53"
"03/05/2001","42.35","43.63","42.35","43.33","170608.09"
"04/05/2001","43.33","44.02","43.33","43.63","59292.94"
"07/05/2001","43.33","43.82","43.33","43.72","60379.48"
"08/05/2001","43.77","43.82","43.53","43.72","75245.88"
"09/05/2001","43.71","44.31","43.33","44.31","399828.76"
"10/05/2001","43.72","44.3","43.72","43.72","9250.88"
"11/05/2001","43.72","43.72","43.72","43.72","2234.02"
"14/05/2001","43.63","44.12","43.33","44.12","29803.87"
"15/05/2001","44.12","44.79","44.12","44.51","254363.56"
"16/05/2001","44.41","44.51","44.31","44.51","49321.08"
"17/05/2001","44.31","44.51","44.12","44.51","226225.05"
"18/05/2001","44.31","44.31","43.92","44.31","80505.98"
"21/05/2001","44.31","44.51","44.31","44.51","34931.96"
"22/05/2001","44.31","44.41","44.31","44.41","64309.33"
"23/05/2001","44.51","44.51","43.92","44.51","39125.82"
"24/05/2001","44.31","44.61","44.31","44.61","54997.53"
"25/05/2001","44.61","44.61","44.61","44.61","14216.5"
"28/05/2001","44.61","44.61","44.31","44.61","65304.48"
"29/05/2001","44.31","44.51","44.31","44.31","25061.65"
"30/05/2001","44.31","44.61","44.31","44.31","71894.85"
"31/05/2001","44.42","44.61","44.31","44.41","141322.11"
"01/06/2001","44.31","44.31","44.31","44.31","90691.08"
"04/06/2001","44.31","44.61","44.31","44.31","47848.66"
"07/06/2001","44.31","44.31","44.31","44.31","194867.53"
"08/06/2001","44.31","44.31","44.31","44.31","9017.32"
"11/06/2001","44.31","44.31","44.31","44.31","91188.66"
"12/06/2001","44.31","44.31","44.31","44.31","399229.64"
"13/06/2001","44.31","44.31","44.31","44.31","27214.43"
"14/06/2001","42.84","44.31","42.84","44.31","9809.38"
"15/06/2001","42.84","42.84","42.84","42.84","6377.11"
"18/06/2001","42.05","42.05","41.85","41.85","14216.5"
"19/06/2001","41.16","41.16","41.16","41.16","12185.57"
"20/06/2001","41.16","41.36","41.16","41.36","27194.12"
"21/06/2001","41.26","42.35","41.26","42.35","30535"
"22/06/2001","41.56","42.05","41.56","41.66","852.99"
"25/06/2001","41.66","41.66","41.66","41.66","5970.93"
"26/06/2001","42.35","42.35","42.35","42.35","203.09"
"27/06/2001","41.66","41.66","41.66","41.66","1858.3"
"28/06/2001","41.85","41.85","41.85","41.85","2975.31"
"29/06/2001","41.85","42.35","41.85","41.85","30392.84"
"02/07/2001","40.42","40.42","40.38","40.38","4985.93"
"03/07/2001","39.49","40.38","39.39","40.38","55921.6"
"04/07/2001","40.38","40.38","40.38","40.38","11820"
"05/07/2001","39.59","40.38","39.59","40.38","40598.25"
"06/07/2001","39.88","40.38","39.88","40.38","11616.91"
"09/07/2001","39.98","40.37","39.98","40.18","12612.06"
"10/07/2001","40.18","40.18","39.98","40.17","15506.13"
"11/07/2001","40.08","40.18","40.08","40.18","22624.54"
"12/07/2001","39.78","39.98","39.78","39.98","17862.01"
"13/07/2001","39.88","39.88","39.88","39.88","12876.08"
"16/07/2001","39.88","39.88","39.88","39.88","13871.24"
"17/07/2001","39.88","39.88","39.39","39.39","21375.52"
"18/07/2001","39.5","39.69","39.5","39.69","24675.77"
"19/07/2001","39.6","39.88","39.6","39.88","54398.4"
"20/07/2001","39.98","39.99","39.93","39.98","52611.19"
"23/07/2001","39.88","39.88","39.88","39.88","26402.06"
"24/07/2001","39.88","39.88","39.88","39.88","23294.74"
"25/07/2001","39.88","39.98","39.88","39.88","36861.34"
"26/07/2001","39.87","39.88","39.78","39.78","12561.29"
"27/07/2001","39.88","39.88","39.78","39.83","20309.28"
"31/07/2001","39.88","39.88","39.88","39.88","15455.36"
"01/08/2001","39.88","39.88","39.88","39.88","27458.14"
"02/08/2001","39.7","39.7","39.69","39.69","19903.09"
"03/08/2001","39.78","39.88","39.78","39.88","105506.7"
"06/08/2001","39.88","42.25","39.69","42.25","39318.76"
"07/08/2001","42.35","42.84","40.77","40.77","47127.68"
"08/08/2001","39.88","40.09","39.88","39.98","20370.21"
"09/08/2001","40.87","40.87","39.88","39.88","46203.61"
"10/08/2001","39.88","39.88","39.88","39.88","5473.35"
"13/08/2001","39.88","39.89","39.78","39.78","19303.97"
"15/08/2001","39.88","39.88","39.88","39.88","3533.81"
"16/08/2001","39.88","39.88","39.88","39.88","23457.22"
"17/08/2001","39.88","39.88","39.69","39.88","31753.56"
"22/08/2001","39.88","39.88","39.88","39.88","15231.96"
"23/08/2001","39.88","39.88","39.88","39.88","7108.25"
"24/08/2001","39.88","39.88","39.88","39.88","47219.07"
"27/08/2001","39.88","39.88","39.88","39.88","21822.32"
"28/08/2001","39.88","39.88","39.88","39.88","8397.89"
"29/08/2001","39.88","39.88","39.88","39.88","2711.29"
"30/08/2001","39.88","40.08","39.88","40.08","17841.7"
"31/08/2001","40.38","40.47","40.38","40.47","2650.36"
"03/09/2001","39.88","39.88","39.88","39.88","6478.66"
"04/09/2001","39.88","40.08","39.88","40.08","6265.41"
"05/09/2001","39.9","39.91","39.9","39.91","8093.25"
"06/09/2001","39.89","39.89","39.88","39.88","13769.69"
"07/09/2001","39.88","39.98","39.88","39.88","9311.8"
"10/09/2001","39.89","39.98","39.89","39.98","8804.07"
"11/09/2001","39.88","39.88","39.88","39.88","3716.6"
"12/09/2001","39.88","39.88","39.69","39.88","13201.03"
"13/09/2001","39.69","39.88","39.49","39.88","33510.31"
"14/09/2001","39.86","39.88","39.42","39.88","15902.16"
"17/09/2001","39.88","39.88","39.69","39.69","8326.8"
"18/09/2001","39.69","39.69","39.48","39.69","52733.04"
"19/09/2001","39.69","39.69","39.64","39.64","6600.52"
"20/09/2001","39.67","39.69","39.59","39.69","23893.87"
"21/09/2001","39.69","39.87","39.69","39.87","24574.23"
"24/09/2001","39.87","39.87","39.78","39.86","15871.7"
"25/09/2001","39.69","39.78","39.69","39.69","44599.18"
"26/09/2001","39.69","39.7","39.59","39.69","46355.93"
"27/09/2001","39.69","39.69","39.59","39.69","28524.38"
"28/09/2001","39.67","39.69","39.49","39.69","55322.47"
"01/10/2001","39.69","39.69","39.39","39.69","23863.4"
"02/10/2001","39.69","39.69","39.69","39.69","7108.25"
"03/10/2001","39.68","39.68","39.49","39.64","21537.99"
"04/10/2001","39.64","39.67","39.54","39.67","58236.86"
"05/10/2001","39.49","39.69","39.49","39.67","75002.16"
"08/10/2001","39.67","39.67","39.59","39.67","32961.96"
"09/10/2001","39.59","39.67","39.59","39.67","22949.48"
"10/10/2001","39.59","39.59","39.49","39.54","23609.54"
"11/10/2001","39.59","39.59","39.59","39.59","14216.5"
"12/10/2001","39.59","39.59","39.54","39.54","66005.16"
"15/10/2001","39.59","39.59","39.49","39.49","73113.4"
"16/10/2001","39.49","39.54","39.49","39.49","19669.54"
"17/10/2001","39.49","39.49","39.39","39.39","343399.43"
"18/10/2001","39.39","39.59","39.39","39.59","1280571.1"
"19/10/2001","39.39","39.39","39.39","39.39","446337.01"
"22/10/2001","39.39","39.39","39.39","39.39","95829.33"
"23/10/2001","39.39","39.39","39.39","39.39","116544.79"
"24/10/2001","39.39","39.39","39.39","39.39","129532.58"
"25/10/2001","39.39","39.39","39.39","39.39","79185.88"
"26/10/2001","39.39","39.4","39.39","39.4","44853.04"
"29/10/2001","39.39","39.58","39.39","39.39","56256.7"
"30/10/2001","39.4","39.4","39.4","39.4","11840.31"
"31/10/2001","39.39","39.4","39.39","39.39","91219.12"
"01/11/2001","39.39","39.39","39.39","39.39","123632.73"
"02/11/2001","39.39","39.4","39.39","39.39","96296.44"
"05/11/2001","39.39","39.39","39.39","39.39","29803.87"
"07/11/2001","39.39","39.69","39.39","39.39","125247.32"
"08/11/2001","39.39","39.39","39.39","39.39","17922.94"
"09/11/2001","39.39","39.39","39.39","39.39","41837.11"
"12/11/2001","39.39","39.4","39.39","39.39","17679.23"
"13/11/2001","39.39","39.39","39.39","39.39","39532.01"
"14/11/2001","39.39","39.39","39.39","39.39","10327.27"
"15/11/2001","39.39","39.39","39.39","39.39","18999.33"
"16/11/2001","39.39","39.39","39.39","39.39","26544.23"
"19/11/2001","39.4","39.4","39.39","39.39","25163.2"
"20/11/2001","39.39","41.26","39.39","41.26","57475.26"
"21/11/2001","41.26","41.26","40.38","41.26","8621.29"
"22/11/2001","40.87","41.36","40.38","41.36","22451.91"
"23/11/2001","41.26","42.15","41.26","42.15","3513.51"
"26/11/2001","42.15","43.82","42.15","43.82","12510.52"
"27/11/2001","43.82","43.82","42.84","42.84","24939.79"
"28/11/2001","42.94","43.72","42.94","43.72","64197.63"
"29/11/2001","43.33","43.72","43.33","43.72","12672.99"
"30/11/2001","43.82","43.82","43.82","43.82","38079.9"
"03/12/2001","43.33","44.12","43.33","44.12","16856.7"
"04/12/2001","43.53","44.12","43.53","44.11","10581.13"
"05/12/2001","44.02","44.02","44.02","44.02","39603.09"
"06/12/2001","44.01","44.02","43.82","44.02","33033.04"
"07/12/2001","44.02","44.07","44.02","44.02","48742.27"
"10/12/2001","44.01","44.02","43.82","43.82","18349.43"
"11/12/2001","43.82","43.82","43.82","43.82","51707.42"
"12/12/2001","43.82","43.82","43.82","43.82","116778.35"
"13/12/2001","44.01","44.01","43.72","43.82","214283.2"
"14/12/2001","43.81","43.81","43.81","43.81","25386.6"
"19/12/2001","43.81","43.81","42.84","43.33","99007.73"
"20/12/2001","42.84","42.84","41.06","41.06","324948.45"
"21/12/2001","41.06","41.07","40.98","40.98","66502.73"
"24/12/2001","39.88","39.88","39.88","39.88","487.42"
"25/12/2001","40.38","41.36","40.38","41.36","487006.34"
"26/12/2001","41.46","42.94","41.46","42.94","11058.4"
"27/12/2001","42.35","42.94","42.35","42.94","20400.67"
"28/12/2001","42.94","43.13","42.94","43.13","537901.39"
"31/12/2001","43.13","43.23","42.84","43.23","350446.75"
"02/01/2002","42.25","42.25","40.97","41.36","38445.46"
"03/01/2002","41.36","41.36","41.36","41.36","10763.92"
"04/01/2002","41.36","42.35","41.36","42.35","30514.69"
"07/01/2002","42.35","42.35","42.35","42.35","18278.35"
"08/01/2002","42.35","42.35","42.35","42.35","16877.01"
"09/01/2002","42.35","42.35","42.15","42.35","40618.56"
"10/01/2002","42.35","42.35","42.15","42.35","25092.11"
"14/01/2002","41.85","42.35","41.85","42.35","23863.4"
"15/01/2002","41.85","42.35","41.85","42.34","24675.77"
"16/01/2002","42.34","42.35","41.85","42.35","16755.16"
"17/01/2002","42.25","42.35","42.25","42.35","20522.53"
"18/01/2002","42.35","42.35","42.35","42.35","12155.1"
"21/01/2002","42.35","42.35","42.35","42.35","51118.45"
"22/01/2002","41.85","41.85","41.85","41.85","38435.31"
"23/01/2002","41.56","42.35","41.56","41.66","10103.87"
"24/01/2002","41.56","41.56","41.56","41.56","18278.35"
"25/01/2002","41.66","41.66","41.66","41.66","4721.91"
"28/01/2002","41.66","41.66","41.66","41.66","32921.34"
"29/01/2002","41.66","41.66","41.36","41.36","40720.1"
"30/01/2002","41.36","41.36","41.36","41.36","16694.23"
"31/01/2002","41.36","41.36","41.36","41.36","54936.6"
"01/02/2002","41.36","41.36","41.36","41.36","34647.63"
"04/02/2002","41.36","41.36","41.26","41.36","38587.63"
"05/02/2002","41.06","41.36","41.06","41.36","18054.95"
"06/02/2002","40.18","41.26","40.18","40.87","47300.31"
"07/02/2002","40.87","40.97","40.87","40.97","14795.31"
"08/02/2002","40.57","40.58","40.18","40.57","114625.57"
"11/02/2002","40.57","40.87","39.88","40.87","239669.79"
"12/02/2002","40.38","41.26","40.38","41.26","39806.19"
"13/02/2002","40.87","41.26","40.87","41.26","29255.52"
"14/02/2002","41.06","41.26","41.06","41.26","13627.53"
"15/02/2002","41.06","41.36","41.06","41.36","17303.5"
"18/02/2002","41.26","41.36","41.26","41.36","16684.07"
"19/02/2002","41.16","41.36","41.16","41.26","49016.44"
"20/02/2002","40.87","40.87","40.87","40.87","6214.64"
"21/02/2002","40.87","40.87","40.38","40.38","9971.86"
"22/02/2002","40.38","40.57","40.38","40.57","4305.57"
"26/02/2002","40.87","41.06","40.87","41.06","18278.35"
"27/02/2002","40.87","41.16","40.87","41.16","15709.23"
"28/02/2002","40.97","41.36","40.97","41.36","35033.5"
"01/03/2002","41.36","41.85","41.16","41.66","25508.45"
"04/03/2002","41.26","41.66","41.26","41.66","17029.33"
"05/03/2002","41.36","41.66","41.26","41.61","9443.81"
"06/03/2002","41.16","41.56","41.16","41.36","38323.61"
"07/03/2002","41.36","41.36","41.36","41.36","8631.44"
"08/03/2002","41.26","41.36","40.87","41.31","247702.11"
"11/03/2002","41.16","41.16","40.87","40.87","148237.42"
"12/03/2002","40.67","40.67","39.88","39.88","80871.55"
"13/03/2002","39.88","40.67","39.88","40.67","86558.14"
"14/03/2002","39.88","40.38","39.88","39.88","4295.41"
"15/03/2002","39.88","39.88","39.88","39.88","118200"
"18/03/2002","39.88","39.88","39.88","39.88","85857.48"
"19/03/2002","39.88","39.88","39.88","39.88","69792.84"
"20/03/2002","39.88","40.38","39.88","40.38","5442.89"
"21/03/2002","39.88","40.38","39.88","40.38","3604.9"
"22/03/2002","39.98","39.99","39.88","39.88","41674.64"
"25/03/2002","39.88","39.88","39.88","39.88","103597.63"
"26/03/2002","39.88","39.88","39.88","39.88","49585.1"
"27/03/2002","39.88","39.88","39.88","39.88","66919.07"
"28/03/2002","39.88","39.88","39.88","39.88","24127.42"
"29/03/2002","39.88","39.88","39.88","39.88","133553.81"
"01/04/2002","39.88","39.88","39.88","39.88","190957.99"
"02/04/2002","39.39","39.39","39.29","39.29","25386.6"
"03/04/2002","39.19","39.29","38.9","39.29","20431.13"
"04/04/2002","39.19","39.29","38.9","39.29","110330.16"
"05/04/2002","39.19","39.39","38.9","39.39","41603.56"
"08/04/2002","39.19","39.39","39","39.39","43106.44"
"09/04/2002","39.19","39.39","39","39.34","29874.95"
"10/04/2002","39.19","39.39","39.19","39.39","9616.44"
"11/04/2002","39","39.38","39","39.38","10601.44"
"12/04/2002","39","39.38","39","39.38","34018.04"
"15/04/2002","39","39.38","39","39.38","31916.03"
"16/04/2002","39.1","39.38","39.1","39.38","16582.53"
"17/04/2002","39.1","39.39","39.1","39.39","132233.71"
"18/04/2002","39.19","39.39","39.19","39.29","9971.86"
"19/04/2002","39.19","39.39","39.19","39.39","45523.25"
"22/04/2002","39.39","39.39","39.39","39.39","135026.24"
"23/04/2002","39.39","39.39","39.39","39.39","31509.84"
"24/04/2002","39.39","39.39","39.39","39.39","16409.9"
"25/04/2002","39.39","39.39","39.39","39.39","96469.07"
"26/04/2002","39.19","39.39","39.19","39.39","11393.5"
"29/04/2002","38.9","39.39","38.9","39.39","7626.13"
"30/04/2002","39","39.33","39","39.32","17821.39"
"02/05/2002","39.19","39.29","38.9","39.29","40608.4"
"03/05/2002","39.29","39.29","38.9","39.29","28514.23"
"06/05/2002","38.9","39.29","38.9","39.29","17922.94"
"07/05/2002","39.1","39.28","39.1","39.1","22685.46"
"08/05/2002","39","39.1","38.9","38.9","102561.86"
"09/05/2002","38.9","38.9","38.8","38.9","71214.48"
"10/05/2002","38.9","38.9","38.8","38.8","33185.36"
"13/05/2002","38.8","39.19","38.8","39.19","117793.81"
"14/05/2002","38.9","39.19","38.9","39.19","73651.6"
"15/05/2002","38.9","39.28","38.9","39.28","63547.73"
"16/05/2002","39","39.39","39","39.39","65477.11"
"17/05/2002","39.1","39.39","39.1","39.39","39328.92"
"20/05/2002","39.1","39.37","39.1","39.29","41948.82"
"21/05/2002","39.1","39.29","39.1","39.29","89695.93"
"22/05/2002","39.1","39.28","39.1","39.27","48061.91"
"23/05/2002","39.1","39.29","39.1","39.27","27234.74"
"24/05/2002","39.1","39.27","39.1","39.26","22787.01"
"27/05/2002","39.1","39.29","39.1","39.29","33083.82"
"28/05/2002","39.1","39.39","39.1","39.39","49656.19"
"29/05/2002","39.1","39.29","39.1","39.29","46965.21"
"30/05/2002","39.1","39.29","39.1","39.1","40313.92"
"31/05/2002","39.1","39.1","38.9","39.1","120535.57"
"03/06/2002","39.1","39.1","38.9","39.1","127318.87"
"04/06/2002","37.91","38.01","37.91","38.01","2457.42"
"05/06/2002","37.42","37.42","36.93","36.93","8936.08"
"06/06/2002","35.94","36.93","35.94","36.93","24371.13"
"07/06/2002","35.94","36.93","35.94","36.44","11373.2"
"10/06/2002","35.94","36.44","35.94","36.44","8184.64"
"11/06/2002","35.94","36.43","35.94","36.43","7666.75"
"12/06/2002","35.94","36.44","35.94","36.44","6803.61"
"13/06/2002","35.94","36.42","35.94","36.42","10946.7"
"14/06/2002","35.94","36.42","35.94","36.42","9301.65"
"17/06/2002","35.94","36.4","35.94","36.4","40933.35"
"18/06/2002","35.94","36.24","35.94","36.24","29214.9"
"19/06/2002","35.94","36.33","35.94","36.33","25559.23"
"20/06/2002","35.94","36.33","35.94","36.33","25386.6"
"21/06/2002","35.94","36.42","35.94","36.42","37358.92"
"24/06/2002","36.42","36.44","36.42","36.44","23132.27"
"25/06/2002","35.94","36.44","35.94","36.44","29326.6"
"26/06/2002","36.44","36.44","36.44","36.44","7311.34"
"27/06/2002","36.44","36.44","36.44","36.44","13911.86"
"28/06/2002","35.94","36.44","35.94","36.44","37023.82"
"01/07/2002","35.85","36.33","35.65","36.33","21761.39"
"02/07/2002","35.45","36.43","35.45","36.43","9870.31"
"03/07/2002","35.45","36.34","35.45","36.34","24401.6"
"04/07/2002","35.45","36.19","35.45","36.19","7910.46"
"05/07/2002","35.45","36.24","35.45","36.24","22147.27"
"08/07/2002","35.45","35.94","35.45","35.93","5117.94"
"09/07/2002","35.45","35.45","35.25","35.25","32576.08"
"10/07/2002","34.96","35.44","34.66","35.44","31855.1"
"11/07/2002","35.06","35.35","35.06","35.35","9139.18"
"12/07/2002","34.48","35.16","34.48","34.96","27823.71"
"15/07/2002","34.96","35.16","34.96","35.16","1746.6"
"16/07/2002","34.47","34.95","34.47","34.95","27478.45"
"17/07/2002","34.32","34.95","34.32","34.95","6042.01"
"18/07/2002","34.47","34.47","34.47","34.47","14419.59"
"19/07/2002","34.32","35.06","34.07","34.07","17567.53"
"22/07/2002","34.27","34.27","34.07","34.27","15688.92"
"23/07/2002","34.07","34.17","34.07","34.17","31093.5"
"24/07/2002","33.97","34.07","33.97","33.97","87939.18"
"25/07/2002","33.97","34.07","33.88","34.07","27305.82"
"26/07/2002","34.07","34.07","33.88","34.07","44863.2"
"29/07/2002","34.27","34.27","34.07","34.07","3046.39"
"31/07/2002","33.97","34.47","33.97","34.37","12459.74"
"01/08/2002","34.37","34.46","34.17","34.17","37267.53"
"02/08/2002","34.17","34.47","34.17","34.17","26371.6"
"05/08/2002","34.17","34.47","34.17","34.47","2162.94"
"06/08/2002","34.47","34.47","34.17","34.17","10662.37"
"07/08/2002","34.17","34.17","34.17","34.17","10154.64"
"08/08/2002","34.17","34.47","34.07","34.07","13069.02"
"09/08/2002","34.07","34.47","34.07","34.47","14155.57"
"12/08/2002","34.07","34.27","34.07","34.27","13008.09"
"13/08/2002","34.07","34.27","34.07","34.27","16592.68"
"15/08/2002","34.07","34.27","34.07","34.27","12084.02"
"16/08/2002","34.17","34.27","34.17","34.27","17029.33"
"19/08/2002","34.47","34.47","34.27","34.27","16755.16"
"22/08/2002","34.17","34.27","34.17","34.27","10916.24"
"23/08/2002","34.07","34.27","34.07","34.27","12216.03"
"26/08/2002","34.27","34.27","34.27","34.27","10154.64"
"27/08/2002","34.07","34.27","34.07","34.17","13434.59"
"28/08/2002","33.97","34.17","33.97","34.17","23812.63"
"29/08/2002","33.97","34.17","33.97","34.17","17313.66"
"30/08/2002","33.97","34.17","33.97","34.17","17130.88"
"02/09/2002","33.97","34.17","33.97","34.17","15363.97"
"03/09/2002","33.97","34.17","33.97","34.17","20309.28"
"04/09/2002","33.97","34.17","33.97","34.07","17618.3"
"05/09/2002","33.97","34.07","33.97","34.07","52347.16"
"06/09/2002","33.97","33.97","33.97","33.97","44619.48"
"09/09/2002","33.97","33.97","33.97","33.97","28788.4"
"10/09/2002","33.68","33.68","33.68","33.68","3533.81"
"11/09/2002","33.68","33.68","33.68","33.68","6600.52"
"12/09/2002","33.68","33.68","33.68","33.68","10337.42"
"13/09/2002","33.68","33.68","33.68","33.68","5239.79"
"16/09/2002","33.68","33.68","33.68","33.68","2203.56"
"17/09/2002","33.68","33.97","33.68","33.97","10581.13"
"18/09/2002","33.68","33.97","33.68","33.97","2213.71"
"19/09/2002","33.73","33.97","33.68","33.68","7737.84"
"20/09/2002","33.68","33.68","33.58","33.58","8204.95"
"23/09/2002","33.68","33.68","33.58","33.58","8631.44"
"24/09/2002","32.99","32.99","32.99","32.99","32200.36"
"25/09/2002","32.69","32.69","32.01","32.6","24269.59"
"26/09/2002","32.01","32.69","32.01","32.69","10885.77"
"27/09/2002","32.01","32.5","32.01","32.5","11870.77"
"30/09/2002","32.1","32.5","32.1","32.5","22116.8"
"01/10/2002","32.3","33.48","32.3","33.48","22644.84"
"02/10/2002","32.89","33.97","32.89","33.97","21060.72"
"03/10/2002","33.19","33.97","33.19","33.97","16105.26"
"04/10/2002","33.97","33.97","33.48","33.97","26148.2"
"07/10/2002","33.48","33.97","33.48","33.97","20745.93"
"08/10/2002","33.7","33.97","33.7","33.97","24706.24"
"09/10/2002","33.48","33.97","33.48","33.97","17872.16"
"10/10/2002","33.73","33.97","33.73","33.97","24249.28"
"11/10/2002","33.68","33.88","33.68","33.88","31743.4"
"14/10/2002","33.97","33.97","33.88","33.97","18786.08"
"15/10/2002","33.69","33.97","33.69","33.97","25995.88"
"16/10/2002","33.78","33.88","33.78","33.88","21324.74"
"17/10/2002","33.78","33.88","33.78","33.88","29448.45"
"18/10/2002","33.78","33.96","33.78","33.96","25386.6"
"21/10/2002","33.78","33.88","33.78","33.88","25386.6"
"22/10/2002","33.88","34.47","33.88","34.47","70676.29"
"23/10/2002","34.48","35.06","34.48","35.06","67365.88"
"24/10/2002","35.25","35.45","35.06","35.06","33225.98"
"25/10/2002","35.11","35.25","35.07","35.07","25955.26"
"28/10/2002","35.08","35.45","35.08","35.26","48884.43"
"29/10/2002","35.16","35.21","35.08","35.08","41136.44"
"30/10/2002","35.06","35.07","35.06","35.06","92661.08"
"31/10/2002","35.06","35.06","35.06","35.06","22847.94"
"01/11/2002","34.97","35.01","34.57","34.96","13353.35"
"04/11/2002","34.49","34.85","34.49","34.85","7291.03"
"05/11/2002","34.47","34.94","34.47","34.94","28077.58"
"07/11/2002","34.57","34.57","34.57","34.57","27285.52"
"08/11/2002","34.57","34.66","34.57","34.57","34759.33"
"11/11/2002","34.47","34.57","34.47","34.47","19669.54"
"12/11/2002","34.47","34.57","34.47","34.57","22025.41"
"13/11/2002","34.47","34.57","34.47","34.57","17679.23"
"14/11/2002","34.47","34.57","34.47","34.57","28229.9"
"15/11/2002","34.47","34.57","34.47","34.57","20309.28"
"19/11/2002","34.47","34.57","34.47","34.57","19060.26"
"20/11/2002","34.47","34.47","34.47","34.47","40618.56"
"21/11/2002","34.47","34.47","34.47","34.47","46630.1"
"22/11/2002","34.47","35.16","34.47","34.57","34170.36"
"25/11/2002","34.57","35.55","34.57","35.55","90041.19"
"26/11/2002","35.45","36.93","35.45","36.93","64644.43"
"27/11/2002","37.42","37.42","36.93","36.93","30971.65"
"28/11/2002","36.65","36.93","36.65","36.93","32149.59"
"29/11/2002","36.64","36.93","36.64","36.93","21710.62"
"02/12/2002","36.93","36.93","36.93","36.93","24452.37"
"03/12/2002","36.68","37.42","36.68","37.42","40598.25"
"04/12/2002","36.93","36.93","36.93","36.93","5534.28"
"05/12/2002","36.93","37.13","36.93","36.93","21994.95"
"09/12/2002","36.93","37.32","36.93","37.13","21365.36"
"10/12/2002","37.32","37.42","37.32","37.32","30067.89"
"11/12/2002","37.32","37.42","37.32","37.42","34434.38"
"12/12/2002","37.47","37.52","37.47","37.52","3554.12"
"13/12/2002","37.62","37.62","37.62","37.62","23761.86"
"16/12/2002","37.82","37.92","37.82","37.91","55241.24"
"17/12/2002","37.82","38.01","37.82","37.91","40811.5"
"18/12/2002","38.21","38.41","38.21","38.41","145211.34"
"19/12/2002","38.41","38.41","38.41","38.41","39856.96"
"20/12/2002","37.91","38.4","37.91","38.31","39836.65"
"23/12/2002","38.01","38.41","38.01","38.4","17669.07"
"24/12/2002","37.91","37.91","37.91","37.91","10662.37"
"25/12/2002","37.91","37.91","37.62","37.62","8144.02"
"26/12/2002","37.62","37.62","37.32","37.42","108096.13"
"27/12/2002","36.93","37.03","36.93","37.03","75438.82"
"30/12/2002","37.03","37.22","36.93","36.93","83725"
"31/12/2002","37.03","37.42","36.93","37.42","185606.5"
"02/01/2003","36.93","37.22","36.93","37.22","22817.47"
"03/01/2003","36.93","37.22","36.93","37.22","2112.16"
"06/01/2003","36.93","37.41","36.93","37.41","7524.59"
"07/01/2003","37.41","37.41","37.13","37.32","37044.12"
"08/01/2003","37.13","37.42","37.13","37.42","18156.5"
"09/01/2003","37.22","37.42","37.22","37.42","19435.98"
"10/01/2003","37.42","38.41","37.42","37.42","351350.52"
"13/01/2003","37.13","37.42","37.13","37.42","21913.71"
"14/01/2003","37.23","37.62","37.23","37.42","88761.7"
"15/01/2003","37.57","37.62","37.57","37.62","35977.89"
"16/01/2003","37.72","37.72","37.72","37.72","50600.57"
"17/01/2003","37.62","37.82","37.62","37.82","91808.09"
"22/01/2003","37.91","38.01","37.91","38.01","73712.53"
"23/01/2003","38.01","38.41","38.01","38.41","35520.93"
"24/01/2003","38.41","38.9","38.21","38.9","45685.72"
"27/01/2003","38.6","38.9","38.6","38.9","38181.44"
"28/01/2003","38.9","39.1","38.9","39.1","47544.02"
"29/01/2003","38.9","39.1","38.9","39.1","43228.3"
"30/01/2003","38.9","39","38.9","39","43756.34"
"31/01/2003","38.9","38.9","38.9","38.9","65324.79"
"03/02/2003","38.9","38.9","38.8","38.8","20309.28"
"04/02/2003","38.7","38.9","38.41","38.9","166668.09"
"05/02/2003","38.41","39.1","38.41","39.1","112635.26"
"06/02/2003","38.9","39.38","38.9","39.38","307228.61"
"07/02/2003","38.9","39.39","38.9","39.39","197284.33"
"10/02/2003","38.9","39.19","38.9","39.19","8336.96"
"11/02/2003","38.9","38.9","38.9","38.9","65842.68"
"14/02/2003","38.9","39.28","38.9","39.18","37135.52"
"17/02/2003","38.9","38.9","38.9","38.9","31022.42"
"18/02/2003","38.9","38.9","38.9","38.9","33571.24"
"19/02/2003","38.9","38.9","38.9","38.9","47645.57"
"20/02/2003","38.8","38.9","38.8","38.8","31042.73"
"21/02/2003","38.9","38.9","38.9","38.9","20735.77"
"24/02/2003","38.9","38.9","38.9","38.9","53362.63"
"25/02/2003","38.95","38.99","38.9","38.9","93859.33"
"26/02/2003","38.9","38.9","38.9","38.9","64481.96"
"27/02/2003","38.9","38.9","38.9","38.9","92143.2"
"28/02/2003","38.9","38.9","38.9","38.9","90904.33"
"03/03/2003","38.9","38.9","38.9","38.9","119895.83"
"04/03/2003","38.9","38.9","38.9","38.9","91869.02"
"06/03/2003","38.9","38.9","38.9","38.9","89878.71"
"07/03/2003","38.9","38.9","38.9","38.9","67162.78"
"10/03/2003","38.9","38.9","38.8","38.9","76169.95"
"11/03/2003","38.8","38.9","38.8","38.9","82222.11"
"12/03/2003","38.41","38.6","38.41","38.6","15577.22"
"13/03/2003","38.41","38.6","38.41","38.41","53504.79"
"14/03/2003","38.41","38.9","38.41","38.9","177066.44"
"17/03/2003","38.41","38.89","38.41","38.89","77652.53"
"18/03/2003","38.41","38.6","38.41","38.6","168871.65"
"19/03/2003","38.41","38.6","38.41","38.41","68777.37"
"20/03/2003","38.41","38.6","38.41","38.41","83460.98"
"21/03/2003","38.41","38.8","38.41","38.8","74788.92"
"24/03/2003","38.41","38.89","38.41","38.89","13312.73"
"25/03/2003","38.89","38.89","38.89","38.89","2030.93"
"26/03/2003","38.41","38.89","38.41","38.89","44142.22"
"27/03/2003","38.41","38.89","38.41","38.89","81622.99"
"28/03/2003","38.41","38.89","38.41","38.89","41745.72"
"31/03/2003","38.41","38.89","38.41","38.89","72311.19"
"01/04/2003","38.8","38.89","38.41","38.89","38587.63"
"02/04/2003","38.41","38.85","38.41","38.8","54327.32"
"03/04/2003","38.5","38.84","38.5","38.8","37125.36"
"04/04/2003","38.41","38.8","38.41","38.7","78190.72"
"07/04/2003","38.41","38.79","38.41","38.7","23589.23"
"08/04/2003","38.41","38.7","38.41","38.7","23741.55"
"09/04/2003","38.41","38.7","38.41","38.69","64400.72"
"10/04/2003","38.41","38.7","38.41","38.7","30606.08"
"11/04/2003","38.41","38.7","38.41","38.6","20613.92"
"14/04/2003","38.41","38.8","38.41","38.6","41847.27"
"15/04/2003","38.7","38.7","38.41","38.7","41735.57"
"16/04/2003","38.41","38.7","38.41","38.7","43228.3"
"17/04/2003","38.41","38.65","38.41","38.65","20664.69"
"18/04/2003","38.41","38.7","38.41","38.7","31946.5"
"21/04/2003","38.6","38.6","38.6","38.6","49635.88"
"22/04/2003","38.41","38.6","38.41","38.6","33083.82"
"23/04/2003","38.6","38.6","38.6","38.6","30159.28"
"24/04/2003","38.6","38.8","38.41","38.8","23904.02"
"25/04/2003","38.7","38.7","38.7","38.7","25528.76"
"28/04/2003","38.6","38.7","38.6","38.6","65426.34"
"29/04/2003","38.6","38.7","38.6","38.6","108350"
"30/04/2003","38.6","38.7","38.6","38.6","76667.53"
"02/05/2003","38.41","38.6","38.41","38.6","132710.98"
"05/05/2003","38.5","38.6","38.5","38.6","66116.86"
"06/05/2003","38.6","38.6","38.58","38.58","54530.41"
"07/05/2003","38.5","38.5","38.5","38.5","2305.1"
"08/05/2003","38.5","38.5","38.41","38.41","5585.05"
"09/05/2003","38.41","38.41","38.41","38.41","14724.23"
"12/05/2003","38.41","38.41","38.41","38.41","12703.45"
"13/05/2003","38.41","38.41","38.41","38.41","16247.42"
"16/05/2003","38.41","38.41","38.41","38.41","17364.43"
"19/05/2003","38.41","38.41","38.41","38.41","15435.05"
"20/05/2003","38.41","38.41","37.91","38.41","20309.28"
"21/05/2003","38.41","38.41","38.41","38.41","13911.86"
"22/05/2003","38.41","38.41","38.41","38.41","11870.77"
"23/05/2003","38.41","38.5","38.41","38.5","18278.35"
"26/05/2003","38.5","38.6","38.5","38.6","18989.18"
"27/05/2003","38.6","38.6","38.5","38.6","8550.21"
"28/05/2003","38.6","38.7","38.5","38.7","17465.98"
"29/05/2003","38.7","38.7","38.6","38.6","10154.64"
"30/05/2003","38.7","38.7","38.6","38.6","32972.11"
"02/06/2003","38.69","38.88","38.65","38.88","38719.64"
"03/06/2003","38.7","38.9","38.7","38.9","7636.29"
"04/06/2003","38.7","39.39","38.7","39.39","42588.56"
"05/06/2003","39.39","41.36","39.39","39.49","61303.56"
"06/06/2003","39.6","39.6","39.49","39.49","46000.52"
"09/06/2003","39.39","39.59","39.39","39.49","104674.02"
"10/06/2003","39.49","39.59","39.41","39.49","63882.84"
"11/06/2003","39.4","39.49","39.39","39.39","66005.16"
"12/06/2003","39.49","39.49","39.29","39.39","89970.1"
"13/06/2003","39.39","39.39","39.29","39.38","16755.16"
"16/06/2003","39.38","39.38","39.1","39.38","32677.63"
"17/06/2003","39.1","39.39","39.1","39.39","44985.05"
"18/06/2003","39.38","39.39","39.1","39.39","9443.81"
"19/06/2003","39.36","39.39","39.36","39.39","15231.96"
"20/06/2003","39.39","39.88","39.38","39.78","61313.71"
"23/06/2003","39.69","39.69","39.69","39.69","2030.93"
"24/06/2003","39.64","39.64","39.49","39.59","3046.39"
"25/06/2003","39.59","39.59","39.59","39.59","16044.33"
"26/06/2003","39.59","39.88","39.39","39.88","73986.7"
"27/06/2003","39.88","40.87","39.88","40.38","78119.64"
"30/06/2003","40","40.76","40","40.18","5574.9"
"01/07/2003","39.39","39.39","39.39","39.39","5574.9"
"02/07/2003","39.39","39.39","39.39","39.39","2538.66"
"03/07/2003","39.19","39.39","39.1","39.39","15455.36"
"04/07/2003","39.39","39.39","39.39","39.39","1015.46"
"07/07/2003","39.39","39.39","39","39.39","51301.24"
"08/07/2003","39.38","39.39","39.37","39.39","29935.88"
"09/07/2003","39.38","39.39","39.38","39.39","13201.03"
"10/07/2003","39.1","39.39","39.1","39.39","36800.41"
"11/07/2003","39.39","39.39","39.39","39.39","14216.5"
"14/07/2003","39.39","39.39","39.39","39.39","4874.23"
"15/07/2003","38.9","39.38","38.9","39.38","28361.91"
"16/07/2003","39.39","39.39","39.37","39.37","8672.06"
"17/07/2003","39.36","39.36","39","39.19","16399.74"
"18/07/2003","38.9","39.1","38.9","39.1","35774.79"
"21/07/2003","39.1","39.1","39.1","39.1","14216.5"
"22/07/2003","38.9","39.1","38.9","39.1","17618.3"
"23/07/2003","39.09","39.1","39.09","39.1","13018.25"
"24/07/2003","39.1","39.19","39.1","39.19","8672.06"
"25/07/2003","39.19","39.38","39.19","39.38","5686.6"
"28/07/2003","38.9","39.39","38.9","39.39","6234.95"
"29/07/2003","38.9","39.29","38.9","39.29","12987.78"
"31/07/2003","39","39.29","38.91","39.29","11677.84"
"01/08/2003","39.29","39.29","38.95","39.29","12124.64"
"04/08/2003","39.29","39.39","39.29","39.39","3554.12"
"05/08/2003","39.29","39.39","39.29","39.39","10845.16"
"06/08/2003","39.39","39.39","39.38","39.38","7108.25"
"07/08/2003","39.19","39.39","39.19","39.39","25904.48"
"08/08/2003","39.38","39.38","39.1","39.1","15231.96"
"11/08/2003","39.1","39.1","39","39","1726.29"
"12/08/2003","38.6","39.39","38.6","39","3188.56"
"13/08/2003","38.6","39.39","38.6","39.39","1218.56"
"15/08/2003","38.71","38.71","38.71","38.71","1421.65"
"18/08/2003","38.7","39.39","38.7","39.29","12794.84"
"19/08/2003","38.9","38.9","38.9","38.9","1421.65"
"22/08/2003","38.75","39.19","38.65","38.65","20776.39"
"25/08/2003","38.46","38.6","38.41","38.41","28514.23"
"26/08/2003","38.41","38.41","38.41","38.41","3655.67"
"27/08/2003","38.11","38.41","38.11","38.41","16795.77"
"28/08/2003","38.13","38.41","38.11","38.11","3249.48"
"29/08/2003","38.41","38.41","38.11","38.21","9443.81"
"01/09/2003","38.13","38.21","38.11","38.11","4112.63"
"02/09/2003","38.11","38.8","38.11","38.8","51890.21"
"03/09/2003","38.9","39.29","38.9","39.29","56388.71"
"04/09/2003","39.29","40.38","39.29","40.18","169480.93"
"05/09/2003","40.08","40.87","40.08","40.87","57170.62"
"08/09/2003","40.47","40.47","40.47","40.47","24523.45"
"09/09/2003","40.47","40.47","40.28","40.47","23792.32"
"10/09/2003","40.03","40.47","40.03","40.47","22685.46"
"11/09/2003","40.18","40.38","40.18","40.38","29946.03"
"12/09/2003","40.18","40.57","40.18","40.57","15820.93"
"15/09/2003","40.2","40.67","40.2","40.38","27295.67"
"16/09/2003","40.2","40.23","40.18","40.18","21172.42"
"17/09/2003","40.18","40.67","40.18","40.67","40659.18"
"18/09/2003","40.77","41.85","40.19","41.66","226438.3"
"19/09/2003","43.23","43.33","42.35","42.35","132497.73"
"22/09/2003","42.25","42.35","42.15","42.15","17526.91"
"23/09/2003","42.04","42.04","40.87","41.16","10093.71"
"24/09/2003","40.87","41.84","40.87","40.87","296718.56"
"25/09/2003","40.87","41.36","40.87","41.36","54032.84"
"26/09/2003","41.36","41.36","40.87","40.87","33002.58"
"01/10/2003","43.32","43.32","41.85","42.64","149780.93"
"02/10/2003","42.84","42.84","42.84","42.84","15231.96"
"03/10/2003","42.64","42.83","42.64","42.74","7382.42"
"06/10/2003","42.36","42.54","42.35","42.35","6539.59"
"07/10/2003","42.2","42.2","42.2","42.2","12957.32"
"08/10/2003","39.69","40.38","39.69","40.38","67040.93"
"09/10/2003","39.93","40.28","39.89","40.08","36241.91"
"10/10/2003","39.93","39.99","39.93","39.99","4285.26"
"13/10/2003","40.38","40.38","39.93","39.93","2386.34"
"14/10/2003","39.91","39.91","39.88","39.88","19029.79"
"15/10/2003","39.49","39.5","39.39","39.39","15252.27"
"16/10/2003","39.49","39.78","39.39","39.39","38587.63"
"17/10/2003","39.39","39.39","39.39","39.39","15231.96"
"20/10/2003","39.39","39.39","39.39","39.39","1807.53"
"21/10/2003","39.4","39.59","39.4","39.59","5260.1"
"22/10/2003","39.59","39.88","39.59","39.88","40902.89"
"23/10/2003","39.88","39.98","39.88","39.88","6092.78"
"24/10/2003","39.78","39.78","39.78","39.78","14439.9"
"27/10/2003","39.69","39.69","39.69","39.69","4082.16"
"28/10/2003","39.49","39.49","39.49","39.49","6559.9"
"29/10/2003","39.49","39.49","39.39","39.49","53057.99"
"30/10/2003","39.49","39.49","39.49","39.49","52519.79"
"31/10/2003","39.39","39.49","39.39","39.49","139494.28"
"03/11/2003","39.39","39.4","39.39","39.39","45695.88"
"04/11/2003","39.39","39.49","39.39","39.49","69833.45"
"05/11/2003","39.49","39.59","39.49","39.49","11799.69"
"07/11/2003","39.49","39.54","39.49","39.49","9697.68"
"10/11/2003","39.39","39.39","39.39","39.39","2234.02"
"11/11/2003","39.39","39.39","39.39","39.39","3706.44"
"12/11/2003","39.39","39.39","39.39","39.39","5585.05"
"13/11/2003","39.39","39.39","39.39","39.39","4569.59"
"14/11/2003","39.39","39.39","39.38","39.39","5585.05"
"17/11/2003","39.39","39.39","39.39","39.39","8225.26"
"19/11/2003","39.39","39.39","39.39","39.39","2538.66"
"20/11/2003","39.38","39.38","38.9","39.1","63466.5"
"21/11/2003","38.9","39.39","38.9","39.39","83867.16"
"24/11/2003","38.41","39.39","38.41","39.1","42101.13"
"25/11/2003","39.39","39.39","39.29","39.29","1553.66"
"28/11/2003","39.19","39.19","39.19","39.19","1523.2"
"01/12/2003","39.1","39.1","38.9","39.1","30250.67"
"02/12/2003","38.9","39.1","38.8","39.05","58490.72"
"03/12/2003","38.8","38.9","38.8","38.9","6336.49"
"04/12/2003","38.8","38.9","38.8","38.9","19202.42"
"05/12/2003","38.9","38.9","38.8","38.9","19141.5"
"08/12/2003","38.8","39","38.8","39","14500.82"
"09/12/2003","38.9","39","38.9","38.9","10286.65"
"10/12/2003","38.9","38.9","38.8","38.9","20817.01"
"11/12/2003","38.9","38.9","38.9","38.9","7372.27"
"12/12/2003","38.8","39.1","38.8","39.1","101658.09"
"15/12/2003","38.9","38.9","38.8","38.9","10428.81"
"16/12/2003","38.9","38.9","38.89","38.89","10154.64"
"17/12/2003","38.8","38.8","38.8","38.8","24096.96"
"18/12/2003","38.8","38.9","38.8","38.9","8347.11"
"19/12/2003","38.9","38.9","38.9","38.9","7159.02"
"22/12/2003","38.9","38.9","38.6","38.9","2914.38"
"23/12/2003","38.9","38.9","38.6","38.9","5026.55"
"24/12/2003","38.9","38.9","38.8","38.8","4569.59"
"25/12/2003","38.8","38.8","38.8","38.8","9646.91"
"26/12/2003","38.8","38.8","38.8","38.8","27376.91"
"29/12/2003","38.8","38.8","38.61","38.8","31987.11"
"30/12/2003","38.8","38.8","38.79","38.79","49250"
"31/12/2003","38.7","39.29","38.7","39.29","180346.39"
"02/01/2004","38.8","39.27","38.8","39.27","1188.09"
"05/01/2004","39.19","39.19","39","39.17","11170.1"
"06/01/2004","38.8","38.8","38.8","38.8","3147.94"
"07/01/2004","38.7","38.7","38.7","38.7","1228.71"
"08/01/2004","38.7","38.7","38.61","38.61","3147.94"
"09/01/2004","38.6","38.6","38.6","38.6","5270.26"
"12/01/2004","38.6","38.6","38.41","38.41","92295.52"
"13/01/2004","38.31","38.41","38.31","38.41","34221.13"
"14/01/2004","38.11","38.4","38.11","38.4","3046.39"
"15/01/2004","38.4","38.4","38.11","38.21","3868.92"
"16/01/2004","37.91","38.11","37.91","38.11","16267.73"
"19/01/2004","37.82","38.11","37.82","38.11","34891.34"
"20/01/2004","38.11","38.31","38.11","38.11","4386.8"
"21/01/2004","38.11","38.31","38.11","38.16","24371.13"
"22/01/2004","38.21","38.41","38.21","38.41","46823.04"
"23/01/2004","38.41","38.41","38.41","38.41","30667.01"
"26/01/2004","38.41","38.41","38.41","38.41","15973.25"
"27/01/2004","38.41","38.41","38.41","38.41","2091.86"
"28/01/2004","38.41","38.6","38.41","38.41","19994.48"
"29/01/2004","38.41","38.41","38.41","38.41","11109.18"
"30/01/2004","38.11","38.21","38.01","38.21","13109.64"
"03/02/2004","38.21","38.41","38.21","38.41","30250.67"
"04/02/2004","38.41","38.5","38.41","38.5","7615.98"
"05/02/2004","38.42","38.9","38.41","38.9","12876.08"
"06/02/2004","38.91","39.19","38.9","38.91","39958.5"
"09/02/2004","39.02","39.29","39.02","39.02","29489.07"
"10/02/2004","39.02","39.03","39.02","39.03","21324.74"
"11/02/2004","39.1","39.1","39.1","39.1","39186.75"
"12/02/2004","39.11","39.39","39.11","39.39","15343.66"
"13/02/2004","39.11","39.39","39.11","39.39","11870.77"
"16/02/2004","39.1","39.1","39.1","39.1","5402.27"
"17/02/2004","38.71","38.8","38.71","38.8","10733.45"
"18/02/2004","38.8","39","38.8","39","8408.04"
"19/02/2004","38.7","39.39","38.7","39.39","55149.85"
"20/02/2004","39","39.29","39","39.29","3229.18"
"23/02/2004","39.11","39.39","39.11","39.39","120180.16"
"24/02/2004","39.49","39.88","39.49","39.88","73631.29"
"25/02/2004","39.39","39.39","39.39","39.39","4285.26"
"26/02/2004","39.39","39.39","39.19","39.19","10662.37"
"27/02/2004","39.39","39.39","39.1","39.19","15231.96"
"01/03/2004","39.1","39.1","39.1","39.1","17201.96"
"02/03/2004","39.11","39.39","39.11","39.39","183920.83"
"03/03/2004","39.39","39.39","39.39","39.39","23142.42"
"04/03/2004","39.3","39.39","39.29","39.29","52560.41"
"05/03/2004","39.19","39.19","39.19","39.19","3046.39"
"08/03/2004","39.11","39.19","39.11","39.19","58379.02"
"09/03/2004","39.19","39.39","39.19","39.39","177096.91"
"10/03/2004","39.14","39.39","39.14","39.39","24706.24"
"11/03/2004","39.44","40.38","39.44","40.38","129126.39"
"12/03/2004","41.26","42.35","40.47","41.84","118535.1"
"15/03/2004","41.36","41.37","41.36","41.36","35520.93"
"16/03/2004","40.87","40.87","40.58","40.58","7808.92"
"17/03/2004","40.57","40.57","40.39","40.39","22736.24"
"18/03/2004","40.57","40.87","40.38","40.87","17638.61"
"19/03/2004","40.38","40.57","40.38","40.38","61892.53"
"22/03/2004","40.58","40.58","40.57","40.57","8529.9"
"23/03/2004","40.57","40.87","40.38","40.87","17922.94"
"24/03/2004","41.36","41.36","41.06","41.06","52499.48"
"25/03/2004","41.36","41.56","41.26","41.26","32525.31"
"26/03/2004","41.16","41.36","41.16","41.36","56256.7"
"29/03/2004","41.36","41.36","41.36","41.36","12216.03"
"30/03/2004","41.06","41.26","41.06","41.06","9240.72"
"31/03/2004","40.87","41.06","40.87","40.87","4640.67"
"01/04/2004","40.87","40.87","40.38","40.38","86192.58"
"02/04/2004","40.57","40.87","40.38","40.87","47269.85"
"05/04/2004","40.87","40.87","40.38","40.87","16877.01"
"06/04/2004","40.76","40.87","40.38","40.87","18126.03"
"07/04/2004","40.38","40.77","40.38","40.38","18197.11"
"08/04/2004","40.38","40.67","40.38","40.67","1624.74"
"09/04/2004","40.38","40.38","40.38","40.38","10357.73"
"12/04/2004","40.38","40.38","40.38","40.38","17262.89"
"13/04/2004","40.38","40.77","40.38","40.77","29133.66"
"14/04/2004","40.38","40.87","40.38","40.87","60105.31"
"15/04/2004","40.87","41.26","40.87","41.26","5453.04"
"16/04/2004","41.21","42.35","40.87","42.35","41603.56"
"19/04/2004","42.35","42.35","42.3","42.35","34007.89"
"20/04/2004","42.35","42.84","42.35","42.84","158361.6"
"21/04/2004","42.54","42.84","42.35","42.63","16998.87"
"22/04/2004","42.35","42.35","41.36","42.05","35114.74"
"23/04/2004","41.11","41.94","41.11","41.94","36038.82"
"26/04/2004","41.85","41.85","41.36","41.85","37094.9"
"27/04/2004","41.46","41.85","40.87","41.36","88203.2"
"28/04/2004","40.97","41.36","40.77","41.16","123866.29"
"29/04/2004","41.16","41.16","40.38","40.38","45188.14"
"30/04/2004","41.36","41.36","40.18","40.77","23700.93"
"04/05/2004","40.47","40.87","40.47","40.77","10154.64"
"05/05/2004","40.38","40.87","40.38","40.77","20024.95"
"06/05/2004","40.48","40.87","40.48","40.87","46437.16"
"07/05/2004","40.87","40.87","40.77","40.87","5483.51"
"10/05/2004","40.87","40.87","40.87","40.87","6600.52"
"11/05/2004","40.47","40.87","40.47","40.87","24340.67"
"12/05/2004","40.47","41.36","40.38","41.36","4935.15"
"13/05/2004","40.57","41.16","40.48","41.16","18126.03"
"14/05/2004","40.87","41.36","40.87","41.36","17943.25"
"17/05/2004","40.87","41.36","40.38","41.26","30423.3"
"18/05/2004","40.57","40.57","39.88","40.38","148938.09"
"19/05/2004","39.89","40.38","39.89","40.38","3137.78"
"20/05/2004","40.57","41.16","40.57","41.16","82211.96"
"21/05/2004","40.67","41.16","40.57","41.16","47757.27"
"24/05/2004","40.57","41.16","40.57","41.16","47767.42"
"25/05/2004","40.57","41.16","40.57","41.16","106623.71"
"26/05/2004","41.16","41.26","40.87","41.26","100541.08"
"27/05/2004","41.26","41.36","41.06","41.26","126536.96"
"28/05/2004","41.06","41.26","40.18","41.26","104034.28"
"31/05/2004","40.67","41.16","40.67","41.16","41979.28"
"01/06/2004","40.87","41.16","40.87","41.16","20949.02"
"02/06/2004","40.97","41.26","40.97","41.26","5077.32"
"03/06/2004","41.26","41.36","41.16","41.36","6123.25"
"04/06/2004","41.36","41.85","41.36","41.85","25295.21"
"07/06/2004","41.85","41.85","41.85","41.85","29529.69"
"08/06/2004","41.85","42.35","41.85","42.35","189221.55"
"09/06/2004","42.35","42.84","42.35","42.84","40689.64"
"10/06/2004","42.84","42.84","42.44","42.44","19293.82"
"11/06/2004","42.35","42.35","41.85","42.32","7098.09"
"14/06/2004","41.85","42.34","41.85","42.34","3036.24"
"18/06/2004","44.31","44.87","44.31","44.87","165094.12"
"21/06/2004","46.28","46.48","46.28","46.28","5381.96"
"22/06/2004","45.2","45.2","43.63","43.92","162210.21"
"23/06/2004","43.82","44.22","43.82","44.11","10042.94"
"24/06/2004","45.79","45.79","44.81","44.81","151547.84"
"25/06/2004","44.12","44.31","44.12","44.31","1147.47"
"28/06/2004","45.1","46.28","45.1","46.28","161367.37"
"29/06/2004","45.3","45.79","45.3","45.78","49635.88"
"30/06/2004","44.91","45.69","44.91","44.91","37064.43"
"01/07/2004","43.43","44.31","42.35","42.84","34769.48"
"02/07/2004","43.82","44.31","43.82","44.31","104877.11"
"05/07/2004","44.12","44.31","43.82","43.82","561754.64"
"06/07/2004","44.12","44.71","44.12","44.71","15404.59"
"07/07/2004","43.82","45.79","43.82","45.3","140398.04"
"08/07/2004","45.79","45.79","45.3","45.79","5757.68"
"09/07/2004","45.3","45.79","45.3","45.79","29986.65"
"12/07/2004","44.81","45.69","44.81","45.69","28087.73"
"13/07/2004","45.1","45.69","45.1","45.69","23599.38"
"14/07/2004","45.5","45.79","45.11","45.79","32048.04"
"15/07/2004","46.09","46.28","45.01","46.28","12825.31"
"16/07/2004","45.79","46.28","45.79","46.28","15231.96"
"19/07/2004","45.4","46.28","45.4","46.28","58541.5"
"20/07/2004","46.28","46.28","45.3","46.28","25071.8"
"21/07/2004","45.79","46.48","45","46.28","111396.39"
"22/07/2004","46.28","46.78","46.28","46.78","14297.73"
"23/07/2004","46.48","46.68","46.29","46.68","15699.07"
"26/07/2004","46.28","46.68","46.28","46.68","18633.76"
"27/07/2004","46.68","46.78","46.48","46.68","39836.65"
"28/07/2004","46.38","46.97","46.38","46.97","28473.61"
"29/07/2004","46.5","46.78","46.5","46.78","35033.5"
"02/08/2004","46.78","46.78","46.5","46.78","3462.73"
"03/08/2004","46.78","46.78","46.5","46.78","32494.84"
"04/08/2004","46.58","46.78","46.58","46.78","11952.01"
"05/08/2004","46.58","46.78","46.58","46.78","6600.52"
"06/08/2004","46.78","46.78","46.69","46.78","23426.75"
"09/08/2004","46.5","46.78","46.5","46.78","3848.61"
"10/08/2004","46.78","46.78","46.78","46.78","5585.05"
"11/08/2004","46.53","46.78","46.53","46.78","27265.21"
"12/08/2004","46.78","46.78","46.53","46.53","12876.08"
"13/08/2004","46.78","46.78","46.5","46.78","4772.68"
"16/08/2004","46.78","46.78","46.78","46.78","3736.91"
"17/08/2004","46.78","46.78","46.78","46.78","3564.28"
"18/08/2004","46.78","46.78","46.77","46.77","7108.25"
"19/08/2004","46.77","46.78","46.15","46.78","57241.7"
"23/08/2004","46.58","46.78","46.58","46.78","5077.32"
"24/08/2004","46.78","46.78","46.73","46.78","7412.89"
"25/08/2004","46.78","46.78","46.78","46.78","2030.93"
"26/08/2004","46.78","46.78","46.78","46.78","2030.93"
"27/08/2004","46.77","46.78","46.77","46.78","3046.39"
"30/08/2004","46.58","46.78","46.58","46.78","15120.26"
"31/08/2004","46.68","46.78","46.68","46.78","20664.69"
"01/09/2004","47.07","47.07","46.78","46.78","35135.05"
"02/09/2004","46.78","46.78","46.78","46.78","7260.57"
"03/09/2004","46.78","46.78","46.78","46.78","507.73"
"06/09/2004","47.07","47.17","47.07","47.17","1462.27"
"07/09/2004","46.88","47.66","46.78","47.66","42608.87"
"08/09/2004","47.76","47.86","47.76","47.86","24249.28"
"09/09/2004","47.77","47.77","47.27","47.76","99160.05"
"10/09/2004","47.86","47.86","47.66","47.86","30636.55"
"13/09/2004","47.76","48.16","47.47","48.16","44812.42"
"14/09/2004","48.16","48.94","48.16","48.75","59810.82"
"15/09/2004","48.25","49.23","48.25","49.14","178112.37"
"16/09/2004","49.14","49.24","49.13","49.24","155873.71"
"17/09/2004","49.24","49.53","49.14","49.44","87086.19"
"20/09/2004","49.44","49.93","49.44","49.93","4518.81"
"21/09/2004","49.93","50.22","49.63","50.22","52194.85"
"22/09/2004","50.22","50.72","50.12","50.72","191059.54"
"23/09/2004","50.52","51.01","50.22","51.01","97454.07"
"24/09/2004","50.72","51.01","50.32","51.01","109761.5"
"27/09/2004","51.11","51.21","50.52","51.21","88193.04"
"28/09/2004","51.01","51.21","51.01","51.21","60592.73"
"29/09/2004","51.21","52.69","51.21","52.69","177746.8"
"30/09/2004","52.19","53.18","52.19","53.08","242949.74"
"01/10/2004","52.29","52.69","52.19","52.19","57759.59"
"04/10/2004","51.7","52.19","51.7","52.09","85034.95"
"05/10/2004","51.31","51.9","51.21","51.6","73966.39"
"06/10/2004","51.21","52.19","51.21","51.7","177076.6"
"07/10/2004","52.09","52.49","51.7","52.49","106765.88"
"08/10/2004","52","52.49","51.9","52.09","122363.4"
"11/10/2004","52.09","52.09","51.9","52.09","71082.47"
"12/10/2004","51.9","51.9","51.5","51.7","47990.82"
"13/10/2004","51.6","51.7","51.21","51.7","409303.04"
"14/10/2004","51.6","51.6","51.21","51.6","132050.93"
"15/10/2004","51.5","51.7","51.31","51.7","106867.42"
"18/10/2004","51.21","51.7","51.21","51.7","30504.54"
"19/10/2004","51.31","51.7","51.21","51.6","34129.74"
"20/10/2004","51.41","51.6","51.41","51.6","37694.02"
"21/10/2004","51.21","52.09","51.21","52.09","206403.2"
"22/10/2004","52.09","52.09","51.21","51.7","119723.2"
"25/10/2004","51.5","52.09","51.5","51.7","83054.79"
"26/10/2004","51.7","51.7","51.7","51.7","71874.54"
"27/10/2004","51.31","51.6","51.21","51.6","253398.87"
"28/10/2004","51.01","51.01","49.73","50.22","151557.99"
"29/10/2004","50.03","50.22","49.24","50.22","147465.67"
"01/11/2004","50.22","52","50.22","52","121642.42"
"02/11/2004","51.7","51.7","51.21","51.5","60541.96"
"03/11/2004","51.01","51.5","51.01","51.01","46995.67"
"04/11/2004","50.72","51.01","50.72","51.01","5077.32"
"05/11/2004","50.72","51.21","50.72","51.11","65934.07"
"08/11/2004","50.72","51.11","50.72","51.11","24462.53"
"09/11/2004","50.72","51.01","50.72","51.01","17719.84"
"10/11/2004","50.72","50.91","50.72","50.72","47736.96"
"11/11/2004","51.01","51.01","50.72","50.72","51788.66"
"12/11/2004","51.11","51.21","50.72","51.21","52072.99"
"16/11/2004","50.22","51.41","50.22","51.01","49930.36"
"17/11/2004","50.42","51.11","50.42","50.72","25559.23"
"19/11/2004","50.72","51.21","50.72","50.72","26361.44"
"22/11/2004","50.22","50.22","50.22","50.22","33185.36"
"23/11/2004","50.22","50.42","50.22","50.42","68513.35"
"24/11/2004","50.42","50.52","50.42","50.42","11170.1"
"25/11/2004","50.42","50.42","50.42","50.42","62065.16"
"26/11/2004","50.52","50.72","50.52","50.72","25305.36"
"29/11/2004","50.72","50.72","50.72","50.72","12744.07"
"30/11/2004","50.72","50.72","50.62","50.72","22411.29"
"01/12/2004","50.22","50.72","50.22","50.62","20065.57"
"02/12/2004","50.22","50.62","50.22","50.52","115275.46"
"03/12/2004","50.22","50.72","50.22","50.72","22553.45"
"06/12/2004","50.22","50.72","50.22","50.72","5767.84"
"07/12/2004","50.62","50.72","50.62","50.72","28250.21"
"08/12/2004","50.62","51.21","50.62","50.72","48955.52"
"09/12/2004","50.42","50.72","50.42","50.72","92315.82"
"10/12/2004","50.62","50.72","50.62","50.72","95565.31"
"13/12/2004","50.62","50.72","50.62","50.72","12520.67"
"14/12/2004","50.72","50.72","50.52","50.72","70391.96"
"15/12/2004","50.62","50.62","50.52","50.62","41248.14"
"16/12/2004","50.52","50.72","50.42","50.72","43492.32"
"17/12/2004","50.32","50.72","50.32","50.72","43045.52"
"20/12/2004","50.72","50.72","50.72","50.72","117793.81"
"21/12/2004","50.42","50.72","50.42","50.42","184611.34"
"22/12/2004","50.22","50.22","50.22","50.22","18461.13"
"23/12/2004","50.22","50.22","50.03","50.22","73367.27"
"24/12/2004","50.12","50.22","50.03","50.22","27326.13"
"27/12/2004","50.03","50.42","50.03","50.42","277170.88"
"28/12/2004","50.72","50.72","50.12","50.42","32697.94"
"29/12/2004","50.22","50.52","50.22","50.52","79216.34"
"30/12/2004","50.22","50.72","50.12","50.72","21487.22"
"31/12/2004","50.52","51.7","50.52","51.7","152827.32"
"03/01/2005","50.32","51.21","50.32","51.21","12794.84"
"04/01/2005","50.72","51.01","50.42","51.01","14825.77"
"05/01/2005","50.42","50.72","50.42","50.72","39237.53"
"06/01/2005","50.62","50.72","50.62","50.72","20877.94"
"07/01/2005","50.62","50.72","50.62","50.72","11281.8"
"10/01/2005","50.72","50.72","50.72","50.72","7605.82"
"12/01/2005","50.72","50.72","50.42","50.72","34322.68"
"13/01/2005","50.52","50.72","50.42","50.62","56124.69"
"14/01/2005","50.42","50.62","50.42","50.42","43086.13"
"17/01/2005","50.22","50.72","50.22","50.42","37673.71"
"18/01/2005","50.42","50.42","50.22","50.42","221675.77"
"19/01/2005","50.22","50.42","50.22","50.42","15292.89"
"20/01/2005","50.42","50.72","50.22","50.72","20024.95"
"24/01/2005","50.72","50.72","50.42","50.42","113803.04"
"25/01/2005","50.72","50.72","50.42","50.42","85075.57"
"26/01/2005","50.42","50.42","50.42","50.42","10763.92"
"27/01/2005","50.42","50.72","50.42","50.72","59110.16"
"28/01/2005","50.42","51.21","50.42","50.42","62095.62"
"31/01/2005","50.42","50.52","50.42","50.52","27437.84"
"01/02/2005","50.42","50.62","50.42","50.62","74128.87"
"02/02/2005","50.42","50.72","50.32","50.72","71366.8"
"03/02/2005","50.42","50.72","50.42","50.72","75144.33"
"04/02/2005","50.52","50.72","50.42","50.72","175319.85"
"07/02/2005","50.72","50.72","50.72","50.72","59282.78"
"08/02/2005","50.72","50.72","50.72","50.72","98093.82"
"09/02/2005","50.72","50.72","50.62","50.72","176548.56"
"11/02/2005","50.72","50.72","50.72","50.72","92813.4"
"14/02/2005","50.42","50.72","50.42","50.72","95849.64"
"15/02/2005","50.52","50.72","50.52","50.72","33550.93"
"16/02/2005","50.72","50.72","50.72","50.72","99952.11"
"17/02/2005","50.62","50.72","50.62","50.72","83603.14"
"18/02/2005","51.21","51.21","50.72","50.72","15242.11"
"21/02/2005","50.62","50.81","50.62","50.72","75520.05"
"22/02/2005","50.72","50.72","50.72","50.72","2104386.5"
"23/02/2005","50.72","50.72","50.72","50.72","316185"
"24/02/2005","50.72","50.91","50.72","50.72","277546.6"
"25/02/2005","50.72","50.91","50.72","50.72","79388.97"
"28/02/2005","50.72","50.72","50.72","50.72","246016.44"
"01/03/2005","50.72","50.81","50.72","50.72","60866.91"
"02/03/2005","50.72","50.72","50.72","50.72","41268.45"
"03/03/2005","50.72","51.21","50.72","51.21","67904.07"
"04/03/2005","50.72","51.21","50.72","51.21","53078.3"
"07/03/2005","50.81","51.21","50.81","50.91","22807.32"
"08/03/2005","51.01","51.21","51.01","51.21","23193.2"
"09/03/2005","51.41","52.39","51.41","52.39","50235"
"10/03/2005","52.19","52.69","52.19","52.19","41370"
"11/03/2005","51.8","52.39","51.8","52.39","21355.21"
"14/03/2005","52.69","52.69","52.09","52.09","78302.42"
"15/03/2005","51.7","52.39","51.7","52.39","58267.32"
"16/03/2005","52.29","52.49","52.29","52.29","42811.96"
"17/03/2005","52.19","52.19","52.19","52.19","158341.29"
"18/03/2005","52.19","52.39","52.19","52.19","13657.99"
"21/03/2005","52.19","52.19","52.19","52.19","29570.31"
"22/03/2005","52.19","52.59","52.19","52.59","37927.58"
"23/03/2005","52.39","52.39","52.39","52.39","34373.45"
"24/03/2005","52.19","52.49","52.19","52.49","39146.13"
"25/03/2005","52.39","52.69","52.39","52.69","110228.61"
"28/03/2005","52.19","52.69","52.19","52.69","21893.4"
"29/03/2005","52.19","52.69","52.19","52.69","52458.87"
"30/03/2005","52.19","53.08","52.19","53.08","191597.73"
"31/03/2005","52.69","52.98","52.69","52.98","301064.74"
"01/04/2005","52.49","52.69","52.49","52.69","93585.16"
"04/04/2005","52.69","52.98","52.69","52.98","49371.86"
"05/04/2005","52.69","52.98","52.69","52.69","63354.79"
"06/04/2005","52.69","52.98","52.69","52.69","46711.34"
"07/04/2005","52.69","52.69","52.59","52.69","13850.93"
"08/04/2005","52.69","52.98","52.69","52.69","111101.91"
"11/04/2005","52.69","52.98","52.69","52.78","26595"
"12/04/2005","52.69","52.88","52.69","52.88","21152.11"
"13/04/2005","52.69","52.69","52.19","52.69","146836.08"
"14/04/2005","52.19","52.69","52.19","52.69","6854.38"
"15/04/2005","52.19","52.69","52.19","52.69","28879.79"
"18/04/2005","52.29","52.69","52.29","52.59","17557.37"
"19/04/2005","52.29","52.59","52.29","52.59","33307.22"
"20/04/2005","52.59","52.59","52.59","52.59","22847.94"
"25/04/2005","52.49","52.69","52.29","52.69","14064.18"
"26/04/2005","52.39","52.69","52.39","52.49","13769.69"
"27/04/2005","52.29","52.69","52.29","52.69","9870.31"
"28/04/2005","52.19","52.69","52.19","52.69","212028.87"
"29/04/2005","52.69","52.78","52.69","52.69","57861.13"
"02/05/2005","52.69","53.57","52.69","53.37","100693.4"
"03/05/2005","53.18","53.18","53.18","53.18","41451.24"
"04/05/2005","53.18","53.37","53.08","53.08","26696.55"
"05/05/2005","53.18","53.18","53.18","53.18","37795.57"
"06/05/2005","53.18","53.18","53.18","53.18","23883.71"
"09/05/2005","53.18","53.18","52.78","53.18","164159.9"
"10/05/2005","53.18","53.18","53.18","53.18","10337.42"
"11/05/2005","53.18","53.18","53.18","53.18","34759.33"
"12/05/2005","53.18","53.18","53.18","53.18","61740.21"
"13/05/2005","53.18","53.18","53.18","53.18","67965"
"16/05/2005","53.18","53.18","53.18","53.18","27244.9"
"17/05/2005","53.18","53.28","53.18","53.28","29631.24"
"18/05/2005","53.18","53.18","53.18","53.18","18735.31"
"19/05/2005","53.18","53.18","53.18","53.18","23690.77"
"20/05/2005","53.18","53.18","53.18","53.18","96418.3"
"23/05/2005","53.37","53.57","53.18","53.37","34627.32"
"24/05/2005","53.28","53.67","53.18","53.67","89421.75"
"25/05/2005","53.28","54.16","53.28","54.16","107832.11"
"26/05/2005","54.16","55.15","54.16","55.15","2193.4"
"27/05/2005","55.15","58","55.15","57.12","35764.64"
"30/05/2005","57.12","57.22","57.12","57.12","35338.14"
"31/05/2005","57.12","58","57.12","58","38983.66"
"01/06/2005","57.31","58.1","57.31","58","101688.56"
"02/06/2005","58","58","57.12","57.12","26361.44"
"03/06/2005","57.12","57.12","56.62","56.62","4214.18"
"06/06/2005","57.12","57.12","57.12","57.12","23954.79"
"07/06/2005","57.12","57.12","57.12","57.12","29864.79"
"08/06/2005","56.72","57.12","56.72","57.12","26523.92"
"09/06/2005","56.72","57.12","56.62","56.62","39288.3"
"10/06/2005","56.62","56.72","56.62","56.72","2122.32"
"13/06/2005","57.12","57.12","56.62","56.62","81074.64"
"14/06/2005","56.43","56.62","56.43","56.62","39105.52"
"15/06/2005","56.43","56.43","56.23","56.23","91635.46"
"16/06/2005","56.23","56.62","56.23","56.62","2000.46"
"17/06/2005","56.53","56.53","56.53","56.53","78546.13"
"20/06/2005","56.33","56.53","56.33","56.53","29052.42"
"21/06/2005","56.33","56.62","56.33","56.43","51981.6"
"22/06/2005","56.62","56.62","56.33","56.53","8215.1"
"23/06/2005","56.23","56.23","56.23","56.23","3828.3"
"24/06/2005","56.23","56.43","56.23","56.43","54845.21"
"27/06/2005","56.23","56.43","56.23","56.43","37125.36"
"28/06/2005","56.33","56.43","56.33","56.43","20654.54"
"29/06/2005","56.43","56.72","56.43","56.72","120210.62"
"30/06/2005","56.62","57.12","56.62","57.12","249276.08"
"01/07/2005","55.74","57.12","55.74","57.12","36130.21"
"04/07/2005","56.13","57.12","56.13","57.12","3411.96"
"05/07/2005","57.12","57.12","57.12","57.12","22340.21"
"06/07/2005","57.12","57.12","56.92","57.12","7626.13"
"07/07/2005","56.92","57.12","56.92","57.12","6762.99"
"08/07/2005","56.92","57.51","56.92","57.51","56287.16"
"11/07/2005","56.92","57.61","56.92","57.61","19364.9"
"12/07/2005","57.61","58.1","57.61","58.1","7006.7"
"13/07/2005","57.61","58.1","57.61","58.1","18258.04"
"14/07/2005","57.81","59.09","57.81","59.09","42954.12"
"15/07/2005","59.68","60.07","59.68","60.07","24574.23"
"18/07/2005","60.07","60.76","60.07","60.76","47615.1"
"19/07/2005","59.68","61.06","59.68","61.06","20349.9"
"20/07/2005","61.06","61.55","61.06","61.55","25376.44"
"21/07/2005","61.06","61.55","61.06","61.55","50702.11"
"22/07/2005","61.06","61.55","61.06","61.55","28554.84"
"25/07/2005","61.55","61.55","61.06","61.06","52215.16"
"26/07/2005","61.06","61.55","60.56","61.55","37521.39"
"27/07/2005","61.06","61.55","61.06","61.06","23386.13"
"28/07/2005","61.06","61.65","61.06","61.65","55566.19"
"29/07/2005","61.06","61.94","61.06","61.94","9169.64"
"01/08/2005","61.55","62.04","61.55","62.04","749412.37"
"02/08/2005","62.04","62.14","62.04","62.04","16064.64"
"03/08/2005","62.04","62.14","62.04","62.04","24147.73"
"04/08/2005","62.04","63.52","62.04","63.52","51311.39"
"05/08/2005","64.01","64.99","64.01","64.5","26087.27"
"08/08/2005","64.01","64.99","64.01","64.99","26371.6"
"09/08/2005","64.99","64.99","64.99","64.99","555164.28"
"10/08/2005","64.99","64.99","64.99","64.99","153568.61"
"11/08/2005","64.5","64.99","64.5","64.99","83552.37"
"12/08/2005","64.99","65.09","64.99","65.09","39968.66"
"15/08/2005","64.99","65.49","64.99","65.49","41593.4"
"16/08/2005","65.59","65.59","65.49","65.49","14135.26"
"17/08/2005","65.59","66.47","65.59","65.98","77002.63"
"18/08/2005","65.98","65.98","65.98","65.98","51118.45"
"19/08/2005","65.98","66.08","65.98","65.98","275119.64"
"22/08/2005","65.98","66.47","65.98","66.47","4691.44"
"23/08/2005","66.08","66.47","66.08","66.47","300607.78"
"24/08/2005","66.67","68.93","66.67","68.84","235800.88"
"25/08/2005","68.24","68.93","68.15","68.15","230733.71"
"26/08/2005","67.95","67.95","67.06","67.65","43157.22"
"29/08/2005","66.96","67.95","66.96","67.65","50803.66"
"30/08/2005","67.65","67.95","67.65","67.95","110096.6"
"31/08/2005","67.65","68.24","67.65","67.95","100023.2"
"01/09/2005","67.95","67.95","67.65","67.65","80780.16"
"02/09/2005","67.85","67.85","67.65","67.75","98926.5"
"05/09/2005","67.95","67.95","67.75","67.75","25183.5"
"06/09/2005","67.65","67.75","67.46","67.46","264965"
"07/09/2005","67.46","67.46","67.46","67.46","158747.47"
"08/09/2005","67.46","67.46","67.46","67.46","121226.08"
"09/09/2005","67.46","68.44","67.46","68.44","93026.65"
"12/09/2005","67.65","68.24","67.65","68.24","14125.1"
"13/09/2005","67.95","67.95","67.75","67.95","77378.35"
"14/09/2005","67.95","67.95","67.95","67.95","53311.86"
"15/09/2005","67.65","67.85","67.65","67.65","127887.53"
"16/09/2005","67.65","67.95","67.65","67.95","47889.28"
"19/09/2005","67.75","67.95","67.75","67.95","27051.96"
"20/09/2005","67.56","67.95","67.56","67.95","114402.17"
"21/09/2005","67.95","68.84","67.95","68.44","126740.05"
"22/09/2005","68.05","68.44","68.05","68.44","24838.25"
"23/09/2005","68.44","69.23","68.44","69.23","137412.58"
"26/09/2005","68.93","69.23","68.93","69.23","7900.31"
"27/09/2005","68.93","69.23","68.93","69.03","16572.37"
"28/09/2005","68.93","69.03","68.93","69.03","26188.82"
"29/09/2005","68.44","69.23","68.44","69.03","33043.2"
"30/09/2005","68.44","69.23","68.44","69.23","43167.37"
"03/10/2005","69.03","69.43","69.03","69.43","10936.55"
"04/10/2005","69.03","69.82","69.03","69.43","12175.41"
"05/10/2005","69.52","69.92","69.52","69.92","49046.91"
"06/10/2005","69.43","69.43","69.43","69.43","1665.36"
"07/10/2005","69.52","69.92","69.52","69.92","29946.03"
"10/10/2005","69.72","70.02","69.72","69.92","26584.84"
"11/10/2005","70.02","70.02","68.93","69.92","486173.66"
"12/10/2005","69.82","70.41","69.82","70.41","14470.36"
"13/10/2005","70.41","70.41","69.92","70.41","8448.66"
"14/10/2005","69.92","70.41","69.92","70.02","36952.73"
"17/10/2005","69.92","70.41","69.92","70.41","1736.44"
"18/10/2005","69.92","70.02","69.92","69.92","57800.21"
"19/10/2005","70.12","70.41","69.92","70.41","187708.51"
"20/10/2005","70.41","70.41","70.02","70.41","5300.72"
"21/10/2005","70.41","70.41","69.92","70.12","69315.57"
"24/10/2005","70.12","70.41","70.02","70.41","26198.97"
"25/10/2005","69.92","70.41","69.92","70.41","95443.45"
"26/10/2005","70.02","70.9","69.92","70.9","82618.14"
"27/10/2005","70.71","71.4","70.71","71.4","54774.12"
"28/10/2005","71","71.89","71","71.4","28382.22"
"31/10/2005","71.1","72.87","71.1","72.77","97636.86"
"01/11/2005","72.77","73.86","72.77","73.86","218842.63"
"02/11/2005","73.86","73.86","73.07","73.86","230104.12"
"03/11/2005","72.68","73.86","72.68","73.86","11637.22"
"07/11/2005","73.37","73.86","73.37","73.86","139220.1"
"08/11/2005","73.86","73.86","73.86","73.86","191689.12"
"09/11/2005","73.66","73.86","73.66","73.66","189810.52"
"10/11/2005","73.66","73.86","73.66","73.86","181036.91"
"11/11/2005","73.46","73.86","73.46","73.86","58795.36"
"14/11/2005","72.87","73.86","72.87","73.76","337144.18"
"15/11/2005","73.37","73.86","73.37","73.66","138966.24"
"21/11/2005","73.56","73.66","73.37","73.66","54093.76"
"22/11/2005","73.66","73.76","73.37","73.66","82242.42"
"23/11/2005","73.17","73.66","73.17","73.66","55738.82"
"24/11/2005","73.56","73.76","73.46","73.76","67558.82"
"25/11/2005","73.56","73.76","73.37","73.76","68320.41"
"28/11/2005","73.76","73.76","73.46","73.66","47858.82"
"29/11/2005","73.66","73.86","73.66","73.66","231160.21"
"30/11/2005","73.37","73.66","73.37","73.56","39511.7"
"01/12/2005","73.37","73.66","72.87","73.56","221614.85"
"02/12/2005","73.37","73.56","72.87","73.56","148968.56"
"05/12/2005","72.87","73.66","72.87","73.56","71762.84"
"06/12/2005","73.37","73.56","72.87","73.56","112929.74"
"07/12/2005","72.87","73.56","72.87","73.56","666479.44"
"08/12/2005","73.07","73.56","71.99","72.58","249682.27"
"09/12/2005","71.99","73.37","71.99","73.37","240472.01"
"12/12/2005","73.27","73.86","72.38","73.66","481634.54"
"13/12/2005","72.87","73.37","72.87","73.27","89848.25"
"14/12/2005","72.38","73.86","72.38","73.86","231942.11"
"15/12/2005","73.86","73.86","73.66","73.86","197142.17"
"16/12/2005","73.66","73.86","73.66","73.86","322196.55"
"19/12/2005","73.76","73.86","73.56","73.86","61709.74"
"20/12/2005","73.66","77.7","73.66","74.45","131401.03"
"21/12/2005","74.05","74.84","73.96","74.05","40537.32"
"22/12/2005","73.86","74.15","73.86","74.15","108431.24"
"23/12/2005","74.15","74.15","73.86","73.86","37003.5"
"26/12/2005","74.15","74.15","73.56","73.76","236115.67"
"27/12/2005","73.46","73.66","73.37","73.37","900736.81"
"28/12/2005","73.37","73.76","72.87","73.46","1256423.4"
"29/12/2005","72.87","73.86","72.87","73.86","793057.01"
"30/12/2005","73.07","73.96","72.87","73.86","495749.49"
"02/01/2006","73.37","73.66","73.37","73.66","3371.34"
"03/01/2006","73.37","73.46","73.37","73.46","51453.56"
"04/01/2006","73.37","73.86","73.37","73.56","27640.93"
"05/01/2006","73.37","73.86","73.37","73.86","103069.59"
"06/01/2006","73.96","73.96","73.46","73.86","41319.23"
"09/01/2006","73.86","74.45","73.86","74.35","186357.94"
"10/01/2006","73.96","76.81","73.96","76.81","216649.23"
"13/01/2006","77.7","80.26","77.5","80.26","138742.84"
"16/01/2006","82.72","82.72","80.46","80.75","143718.61"
"17/01/2006","82.23","82.23","78.88","78.98","184174.69"
"18/01/2006","77.8","77.8","77.3","77.6","12520.67"
"19/01/2006","77.8","79.27","77.3","79.27","124962.99"
"20/01/2006","79.27","82.13","79.27","81.34","46457.47"
"23/01/2006","82.23","83.71","81.54","83.21","195172.17"
"24/01/2006","82.82","83.71","82.23","83.71","147953.09"
"25/01/2006","83.71","84.2","83.71","84.2","9210.26"
"26/01/2006","86.56","86.56","84.3","84.69","77804.85"
"27/01/2006","86.17","86.66","84.99","86.66","58998.45"
"30/01/2006","86.66","91.78","86.66","90.6","66695.67"
"01/02/2006","90.89","94.64","90.89","94.64","100155.21"
"02/02/2006","96.51","96.61","91.58","91.98","98774.18"
"03/02/2006","87.64","91.88","87.64","91.88","25589.69"
"06/02/2006","91.09","91.78","91.09","91.78","17730"
"07/02/2006","91.09","93.55","91.09","93.55","138265.57"
"08/02/2006","91.78","92.96","91.68","92.57","85877.78"
"09/02/2006","93.55","94.05","92.17","93.75","122180.62"
"10/02/2006","94.24","94.64","93.45","94.64","98560.93"
"13/02/2006","92.08","93.55","92.08","93.55","1624.74"
"14/02/2006","91.09","91.49","90.11","90.21","150694.85"
"15/02/2006","90.21","93.55","90.21","93.55","227768.56"
"16/02/2006","95.52","96.61","95.52","96.61","180031.6"
"17/02/2006","95.03","97","95.03","97","647520.72"
"20/02/2006","98.48","98.67","97","98.67","3067046.3"
"21/02/2006","98.48","98.48","98.38","98.48","1262810.6"
"22/02/2006","98.48","98.48","96.51","98.38","278298.04"
"23/02/2006","98.28","98.28","96.02","97.49","69153.09"
"24/02/2006","97.39","97.39","91.68","93.06","313402.63"
"27/02/2006","93.45","93.45","91.68","91.68","422930.57"
"28/02/2006","91.09","91.09","90.6","91.09","654415.72"
"01/03/2006","91.58","93.06","91.58","91.78","158889.64"
"02/03/2006","91.58","92.67","91.58","92.67","63913.3"
"03/03/2006","92.77","94.34","92.77","94.34","73844.54"
"06/03/2006","94.14","95.52","94.14","95.52","39765.57"
"07/03/2006","95.03","96.02","94.83","94.83","69010.93"
"08/03/2006","95.03","95.03","92.67","93.65","207784.23"
"09/03/2006","92.57","94.54","92.57","92.67","21213.04"
"10/03/2006","92.08","93.65","92.08","93.65","3848.61"
"13/03/2006","93.06","93.26","92.17","93.06","42700.26"
"14/03/2006","92.17","92.17","90.6","90.6","62126.08"
"15/03/2006","88.63","90.6","88.63","89.12","72199.48"
"16/03/2006","90.6","92.57","90.6","92.57","17516.75"
"17/03/2006","92.57","92.96","92.17","92.57","21730.93"
"20/03/2006","90.7","92.57","90.7","91.58","1513.04"
"21/03/2006","91.88","92.57","91.78","91.78","71326.19"
"22/03/2006","92.17","93.65","92.17","93.55","170232.37"
"23/03/2006","94.14","95.52","92.57","95.52","156340.83"
"24/03/2006","94.24","96.41","94.24","96.31","286035.88"
"27/03/2006","95.52","98.48","95.52","97.69","441909.59"
"28/03/2006","98.48","98.48","97.49","98.48","414695.16"
"29/03/2006","98.48","98.67","98.48","98.67","278450.36"
"30/03/2006","98.48","98.48","97.3","97.3","23843.09"
"31/03/2006","97.98","102.42","97.98","99.66","5929496.9"
"03/04/2006","102.22","102.22","100.74","102.12","12591.75"
"04/04/2006","101.04","103.4","101.04","103.4","189201.24"
"05/04/2006","102.42","104.39","102.42","103.4","176386.08"
"06/04/2006","104.39","104.39","102.42","103.4","145475.36"
"07/04/2006","102.51","103.4","102.42","103.4","67853.3"
"10/04/2006","102.51","103.4","102.51","103.4","184621.5"
"13/04/2006","102.42","104.39","102.42","103.4","41014.59"
"14/04/2006","103.4","103.4","102.42","103.4","22685.46"
"17/04/2006","101.33","103.4","101.33","103.3","64471.8"
"18/04/2006","101.83","103.3","101.83","102.42","141251.03"
"19/04/2006","102.02","104.19","102.02","104.19","70554.43"
"20/04/2006","104.39","106.36","104.19","106.36","70259.95"
"21/04/2006","106.36","109.31","106.36","109.31","254343.25"
"24/04/2006","108.42","112.26","108.42","112.26","60389.64"
"25/04/2006","115.22","115.22","113.45","114.23","25325.67"
"26/04/2006","114.33","116.6","114.33","116.2","119520.1"
"27/04/2006","116.3","118.17","116.3","117.38","704285.16"
"28/04/2006","116.79","118.17","116.79","118.17","181768.04"
"02/05/2006","116.2","118.17","116.2","118.17","47147.99"
"03/05/2006","116.4","118.17","116.4","118.17","86050.41"
"04/05/2006","119.35","121.13","118.17","121.13","128314.02"
"05/05/2006","121.13","121.42","121.13","121.13","40709.95"
"08/05/2006","122.9","123.1","122.11","123","471286.96"
"09/05/2006","121.72","124.08","121.72","124.08","257907.53"
"10/05/2006","123.19","124.08","118.17","118.27","531229.8"
"11/05/2006","118.17","120.93","117.19","118.17","147404.74"
"12/05/2006","117.68","118.17","117.68","118.17","228885.57"
"15/05/2006","117.19","118.17","116.2","118.17","125531.65"
"16/05/2006","115.42","117.38","113.25","116.01","304019.74"
"17/05/2006","116.01","116.2","113.35","113.35","70209.18"
"18/05/2006","113.54","113.84","112.36","112.36","121429.18"
"19/05/2006","112.26","112.26","108.32","110.29","154573.92"
"22/05/2006","108.32","110.2","106.85","108.32","181991.44"
"23/05/2006","108.32","108.32","101.83","106.36","472860.93"
"24/05/2006","103.89","112.26","103.89","106.45","257511.5"
"25/05/2006","110.2","110.2","104.48","104.48","44507.78"
"26/05/2006","104.39","106.36","102.51","102.61","128994.38"
"29/05/2006","102.42","102.42","99.46","101.43","100916.8"
"30/05/2006","101.23","101.43","100.05","100.74","35378.76"
"31/05/2006","100.74","104.39","100.74","104.39","221137.58"
"01/06/2006","104.39","106.06","104.39","106.06","72108.09"
"02/06/2006","106.36","107.34","106.16","107.34","17750.31"
"05/06/2006","107.34","107.34","106.06","106.36","43177.53"
"06/06/2006","104.88","104.88","104.39","104.39","11271.65"
"07/06/2006","102.42","105.27","101.43","103.4","26117.73"
"08/06/2006","101.43","101.43","99.95","100.94","32088.66"
"09/06/2006","100.45","100.94","99.95","100.94","81856.55"
"12/06/2006","101.43","101.43","98.48","100.45","103110.21"
"13/06/2006","98.48","100.45","98.48","98.48","206707.84"
"14/06/2006","98.48","99.95","98.48","98.48","309036.14"
"15/06/2006","98.48","101.43","98.48","98.97","726889.38"
"16/06/2006","98.97","98.97","98.48","98.48","248829.28"
"19/06/2006","98.58","98.58","97.98","98.08","125917.53"
"20/06/2006","95.23","98.48","95.23","98.48","57069.07"
"21/06/2006","97","98.48","97","98.48","1949.69"
"22/06/2006","97.49","97.98","97.49","97.98","43360.31"
"23/06/2006","97","97.98","97","97.98","2305.1"
"26/06/2006","98.28","98.28","96.51","96.51","75550.52"
"27/06/2006","96.51","96.51","96.51","96.51","9068.09"
"28/06/2006","96.51","97.89","96.51","97.49","556474.23"
"29/06/2006","97.49","98.28","96.51","97.59","966447.48"
"30/06/2006","97.69","98.38","97.69","97.98","80526.29"
"03/07/2006","96.7","97.49","96.7","97.49","7209.79"
"04/07/2006","98.48","99.17","98.18","98.48","1001714.5"
"05/07/2006","98.58","98.58","98.48","98.48","158717.01"
"06/07/2006","100.94","100.94","98.48","98.48","44477.32"
"07/07/2006","98.18","98.77","98.18","98.48","40872.42"
"10/07/2006","97.59","98.38","97","97.98","19801.55"
"11/07/2006","97.98","98.18","97.49","98.18","49910.05"
"12/07/2006","97.49","97.49","97.49","97.49","43532.94"
"13/07/2006","97.49","97.49","97.49","97.49","27671.39"
"14/07/2006","97.49","97.49","97.49","97.49","34160.21"
"17/07/2006","97.49","97.49","96.51","97.49","21355.21"
"18/07/2006","95.62","97.49","95.62","97","12073.87"
"19/07/2006","97","97","96.51","96.51","9149.33"
"20/07/2006","96.51","96.51","96.51","96.51","18420.52"
"21/07/2006","96.51","96.51","96.02","96.02","103597.63"
"24/07/2006","96.11","96.11","96.11","96.11","14998.4"
"25/07/2006","96.02","96.11","96.02","96.11","12652.68"
"26/07/2006","96.02","96.31","95.62","96.02","36526.24"
"27/07/2006","95.82","95.82","95.72","95.82","55779.43"
"28/07/2006","95.52","95.52","91.68","95.52","102115.05"
"31/07/2006","93.55","95.52","93.55","95.52","25813.09"
"01/08/2006","94.54","95.52","94.54","95.52","12967.47"
"02/08/2006","95.03","95.52","95.03","95.52","1726.29"
"03/08/2006","93.55","95.52","93.55","95.52","56926.91"
"04/08/2006","94.14","96.51","94.14","95.52","279638.45"
"07/08/2006","95.52","95.52","95.52","95.52","1015.46"
"08/08/2006","97.49","98.48","97.49","98.48","161072.89"
"09/08/2006","96.61","98.48","96.61","98.48","60856.75"
"10/08/2006","98.38","98.48","98.38","98.48","1015.46"
"11/08/2006","98.18","98.18","98.18","98.18","2244.18"
"15/08/2006","97.49","98.48","97.49","98.48","23254.12"
"16/08/2006","97.59","100.64","97.59","100.64","90396.6"
"17/08/2006","98.67","98.97","98.67","98.97","107090.83"
"18/08/2006","98.48","99.86","98.48","99.86","6214.64"
"22/08/2006","99.17","99.17","98.97","98.97","84385.05"
"23/08/2006","99.07","99.46","98.87","98.97","173441.24"
"24/08/2006","98.58","102.32","98.58","100.45","281994.33"
"25/08/2006","100.05","102.42","100.05","100.64","152370.36"
"28/08/2006","102.32","105.37","102.32","105.37","307177.84"
"29/08/2006","106.85","106.85","105.27","105.27","4417.27"
"30/08/2006","104.39","106.36","104.39","106.26","105760.57"
"31/08/2006","104.88","106.36","104.88","106.06","43918.82"
"01/09/2006","104.88","106.36","104.88","106.06","18511.91"
"04/09/2006","105.67","105.67","104.48","104.48","4925"
"05/09/2006","105.37","105.86","104.88","105.08","174944.12"
"06/09/2006","107.24","107.34","105.37","106.36","309411.86"
"07/09/2006","107.34","110.79","107.34","110.29","84710"
"08/09/2006","110.39","111.77","110.39","111.28","69467.89"
"11/09/2006","111.28","111.28","109.8","110.29","74961.55"
"12/09/2006","108.32","110.79","107.83","109.7","54124.23"
"13/09/2006","107.34","108.82","106.36","108.62","241589.02"
"14/09/2006","107.34","108.82","107.34","108.32","68594.59"
"15/09/2006","108.32","108.32","106.85","106.85","23558.76"
"18/09/2006","107.34","107.34","105.57","107.34","35896.65"
"19/09/2006","106.45","108.32","106.45","106.75","16582.53"
"20/09/2006","105.37","106.85","105.37","106.85","50367.01"
"21/09/2006","105.57","106.85","105.57","106.85","8600.98"
"22/09/2006","106.45","107.73","105.67","107.73","15353.81"
"25/09/2006","107.83","107.83","106.36","107.24","24472.68"
"26/09/2006","107.24","107.24","107.14","107.24","14236.8"
"27/09/2006","107.24","107.24","105.86","105.86","34678.09"
"28/09/2006","105.47","108.13","105.47","107.34","277028.71"
"29/09/2006","107.83","108.03","106.36","106.36","82110.41"
"02/10/2006","107.24","107.24","107.24","107.24","7108.25"
"03/10/2006","107.24","107.73","107.24","107.34","12591.75"
"04/10/2006","107.44","107.44","106.36","106.55","109720.88"
"05/10/2006","106.45","106.45","105.37","105.37","126333.87"
"06/10/2006","105.86","106.85","105.37","106.85","52032.37"
"09/10/2006","106.85","107.34","106.36","106.36","67203.4"
"10/10/2006","105.37","106.75","105.37","106.75","9677.37"
"11/10/2006","105.96","106.85","105.37","106.65","144002.94"
"12/10/2006","105.57","107.34","105.57","106.36","61506.65"
"13/10/2006","105.37","105.37","105.37","105.37","15536.6"
"16/10/2006","106.85","106.85","103.89","106.16","8925.93"
"17/10/2006","106.26","106.26","105.37","105.37","6905.15"
"18/10/2006","106.16","106.36","104.39","106.36","30108.5"
"19/10/2006","107.34","107.34","106.95","107.24","29245.36"
"20/10/2006","107.24","107.24","106.36","106.36","17262.89"
"23/10/2006","106.36","106.85","106.36","106.75","17019.18"
"26/10/2006","106.75","106.75","106.26","106.36","93168.82"
"27/10/2006","105.47","106.36","105.47","105.86","42334.69"
"30/10/2006","105.86","106.36","105.86","105.96","23954.79"
"31/10/2006","106.06","109.8","106.06","108.42","119479.48"
"01/11/2006","110.29","110.29","107.34","109.41","145962.78"
"02/11/2006","108.72","109.21","107.83","107.83","47828.35"
"03/11/2006","108.72","108.72","107.44","107.83","49920.21"
"07/11/2006","107.83","108.82","107.34","107.93","64806.91"
"08/11/2006","108.32","110.29","108.32","108.82","35287.37"
"09/11/2006","108.32","108.32","106.85","106.85","96662.01"
"10/11/2006","106.85","108.32","106.75","108.32","38282.99"
"13/11/2006","106.95","108.82","106.95","107.83","42202.68"
"14/11/2006","109.8","109.8","108.32","108.32","139839.54"
"15/11/2006","108.32","108.32","106.36","106.85","13170.57"
"16/11/2006","106.36","106.45","106.36","106.36","12805"
"17/11/2006","107.83","107.83","106.55","106.85","14318.04"
"20/11/2006","106.95","107.34","106.95","107.34","23254.12"
"21/11/2006","108.23","108.32","106.85","107.14","36099.74"
"22/11/2006","106.95","108.13","106.95","108.03","28605.62"
"23/11/2006","106.95","106.95","106.45","106.65","78353.2"
"24/11/2006","107.83","108.82","107.34","107.34","331985.62"
"27/11/2006","108.32","108.32","107.34","107.83","34911.65"
"28/11/2006","107.24","108.32","105.47","107.24","33957.11"
"29/11/2006","106.36","109.8","106.36","108.62","281019.49"
"30/11/2006","108.92","109.31","108.32","108.32","30352.22"
"01/12/2006","108.32","111.77","108.32","110.29","171857.11"
"04/12/2006","110.39","111.28","109.8","110.1","98469.54"
"05/12/2006","110.79","111.28","109.9","111.28","665900.62"
"06/12/2006","110.69","112.26","110.59","110.89","2314100.1"
"07/12/2006","110.89","112.26","110.1","112.26","651511.5"
"08/12/2006","112.26","118.86","110.79","115.71","484518.46"
"11/12/2006","118.47","121.13","118.17","121.13","144226.34"
"12/12/2006","123.1","127.53","123.1","125.07","163012.42"
"13/12/2006","128.02","132.55","128.02","132.55","73803.92"
"14/12/2006","136.98","136.98","124.67","124.67","211175.88"
"15/12/2006","122.6","124.67","121.62","124.18","150562.84"
"18/12/2006","127.04","129.5","126.15","126.15","108949.12"
"19/12/2006","122.21","122.41","121.23","122.01","46122.37"
"20/12/2006","121.13","121.13","114.73","115.22","401108.25"
"21/12/2006","115.22","119.65","115.22","119.16","289742.32"
"22/12/2006","121.23","125.07","121.23","123.88","185941.6"
"25/12/2006","123.69","125.07","122.8","122.8","125694.12"
"26/12/2006","122.11","123.1","121.03","121.72","29346.91"
"27/12/2006","121.13","121.13","121.13","121.13","34292.22"
"28/12/2006","121.23","123.1","121.23","122.01","65020.16"
"29/12/2006","123","123.1","121.13","123.1","53921.13"
"02/01/2007","123.59","123.59","118.96","122.11","19090.72"
"03/01/2007","122.11","124.57","121.13","123.1","70716.91"
"04/01/2007","123.1","126.05","122.41","125.07","80607.53"
"05/01/2007","126.25","127.82","125.07","126.54","160311.29"
"08/01/2007","127.04","127.04","126.05","126.25","40862.27"
"09/01/2007","126.05","127.04","125.07","125.07","19821.86"
"10/01/2007","126.05","126.05","124.57","124.57","9697.68"
"12/01/2007","125.36","125.56","123.29","124.67","211531.29"
"15/01/2007","125.56","125.56","124.57","124.57","30768.56"
"16/01/2007","125.26","128.02","125.26","128.02","104288.14"
"17/01/2007","128.22","129.99","128.02","128.02","79683.45"
"18/01/2007","128.02","128.81","127.23","128.81","29976.5"
"19/01/2007","128.02","128.02","127.72","127.72","35145.21"
"22/01/2007","127.04","127.72","126.74","126.74","39420.31"
"23/01/2007","128.02","128.02","126.15","126.54","18461.13"
"24/01/2007","126.15","128.02","126.15","128.02","39014.12"
"25/01/2007","127.53","129.1","127.53","129.1","17212.11"
"26/01/2007","128.51","136.78","128.51","136.78","474993.4"
"29/01/2007","138.85","138.85","134.91","136.29","69396.8"
"30/01/2007","135.41","136.78","134.91","136.39","233455.16"
"31/01/2007","136.88","142.5","135.6","136.88","184926.13"
"01/02/2007","136.88","136.88","132.94","134.72","311442.78"
"02/02/2007","134.82","137.38","133.04","137.38","48701.65"
"05/02/2007","136.1","139.84","136.1","137.87","20766.24"
"06/02/2007","137.97","141.61","137.87","141.61","102968.04"
"07/02/2007","140.82","141.51","138.06","138.95","94560"
"08/02/2007","139.64","139.94","137.87","139.94","46914.43"
"09/02/2007","140.13","146.73","140.13","144.56","180062.06"
"12/02/2007","142.79","149.19","142.79","149.19","218964.49"
"13/02/2007","151.75","155.5","149.19","153.92","204067.63"
"14/02/2007","154.61","157.37","154.61","154.61","77581.44"
"15/02/2007","156.58","156.58","154.61","156.09","61770.67"
"16/02/2007","157.07","161.01","156.38","159.73","121571.34"
"19/02/2007","161.5","169.28","161.5","169.28","60592.73"
"20/02/2007","178.24","178.24","162.49","167.41","165347.99"
"21/02/2007","167.9","167.9","163.57","164.46","146358.81"
"22/02/2007","160.52","160.52","155.59","157.66","244076.91"
"23/02/2007","160.52","160.52","151.65","152.15","165754.18"
"26/02/2007","152.15","161.21","150.97","158.06","76068.4"
"27/02/2007","160.03","164.46","152.64","155.59","272834.85"
"28/02/2007","157.37","160.03","155.59","160.03","92092.42"
"01/03/2007","157.56","161.01","153.62","153.62","166993.04"
"02/03/2007","155.1","158.75","155.1","158.75","80902.01"
"05/03/2007","158.06","161.01","158.06","160.71","76921.39"
"06/03/2007","161.7","166.23","161.7","165.44","119489.64"
"07/03/2007","165.64","167.21","164.46","167.21","154827.78"
"08/03/2007","167.41","169.38","167.41","167.9","84852.16"
"09/03/2007","171.35","171.35","162.88","163.96","126729.9"
"12/03/2007","166.92","166.92","163.47","163.96","231495.31"
"13/03/2007","167.41","171.84","167.41","171.84","58866.44"
"14/03/2007","172.14","172.14","170.37","171.35","128750.67"
"15/03/2007","171.84","173.52","169.38","173.52","256465.57"
"22/03/2007","185.14","189.57","184.15","188.09","479623.92"
"23/03/2007","192.82","196.95","192.13","196.95","829298.92"
"26/03/2007","196.95","196.95","193.51","195.58","109192.84"
"27/03/2007","195.97","200.89","194.98","200.89","280806.24"
"28/03/2007","201.98","212.91","201.88","212.91","312783.2"
"29/03/2007","218.62","224.33","213.01","218.62","768259.38"
"30/03/2007","221.57","221.57","212.91","213.7","212404.59"
"03/04/2007","212.91","213.6","207","211.43","149293.51"
"04/04/2007","206.8","206.8","201.88","201.88","203326.34"
"05/04/2007","203.75","206.8","200.89","204.93","636431.86"
"06/04/2007","206.31","208.77","204.64","207.89","450937.06"
"09/04/2007","210.74","210.74","204.93","209.76","156960.26"
"10/04/2007","209.76","215.57","207.79","214.09","1488050.7"
"11/04/2007","216.65","218.52","214.68","216.55","354640.62"
"19/04/2007","229.45","229.45","221.57","226.5","1663512.7"
"20/04/2007","226.99","238.31","226.69","236.35","588268.4"
"23/04/2007","239.3","245.7","238.31","242.94","536601.6"
"24/04/2007","243.24","244.22","239.3","244.22","929078.41"
"25/04/2007","244.22","249.15","236.54","246.19","801190.88"
"26/04/2007","248.16","249.05","246.59","246.59","163936.5"
"27/04/2007","246.19","247.18","244.22","246.19","64817.06"
"30/04/2007","249.05","249.05","246.19","248.16","140184.79"
"02/05/2007","248.16","261.46","248.16","261.06","342292.58"
"03/05/2007","265.89","271.4","265.89","269.63","468443.66"
"04/05/2007","270.52","270.52","266.38","268.84","291184.28"
"07/05/2007","270.32","280.66","268.94","280.17","223787.94"
"08/05/2007","287.06","290.51","287.06","289.52","903437.94"
"09/05/2007","292.48","295.43","289.03","295.43","1432606.3"
"10/05/2007","295.43","296.91","285.58","286.57","978612.74"
"11/05/2007","271.8","281.64","271.8","276.23","506371.24"
"14/05/2007","272.98","275.74","260.96","260.96","324643.82"
"15/05/2007","251.12","276.62","251.12","261.95","2141582.9"
"16/05/2007","271.3","274.75","266.87","273.27","658345.57"
"17/05/2007","279.68","284.11","267.86","273.18","1381010.6"
"18/05/2007","274.75","275.74","268.35","269.83","968833.82"
"21/05/2007","270.91","281.45","269.83","280.66","803414.75"
"22/05/2007","284.7","288.54","280.66","280.66","418757.01"
"23/05/2007","279.18","279.18","269.43","273.27","185941.6"
"24/05/2007","270.81","280.46","270.81","273.77","349045.41"
"25/05/2007","273.27","275.74","269.34","269.34","312539.49"
"28/05/2007","266.09","275.74","266.09","266.87","2344381.2"
"29/05/2007","270.81","271.8","263.92","267.96","3491388.4"
"30/05/2007","265.89","265.99","264.9","265.99","312163.76"
"31/05/2007","265.89","270.81","265.89","270.42","281588.15"
"01/06/2007","267.86","275.64","267.86","272.78","2746870.5"
"04/06/2007","273.77","280.66","273.77","276.82","187444.49"
"05/06/2007","278.2","280.17","278.2","278.59","111640.1"
"06/06/2007","277.21","282.63","276.92","279.48","295367.99"
"07/06/2007","277.71","280.46","274.75","278.69","149039.64"
"08/06/2007","276.72","277.71","275.74","276.33","39328.92"
"11/06/2007","276.72","278.59","276.72","277.11","66624.59"
"12/06/2007","277.02","277.71","275.74","277.51","46559.02"
"13/06/2007","276.72","277.51","273.77","274.75","183504.49"
"14/06/2007","271.8","274.75","271.8","272.78","28981.34"
"15/06/2007","271.3","275.54","271.01","273.27","166200.98"
"18/06/2007","275.34","277.21","273.27","273.96","174720.72"
"19/06/2007","274.75","275.44","272.88","275.24","169237.22"
"20/06/2007","275.54","278.69","274.75","276.92","497100.05"
"21/06/2007","274.75","276.72","273.77","273.77","172649.18"
"22/06/2007","275.74","275.74","273.77","273.77","17486.29"
"25/06/2007","272.09","274.26","272.09","273.77","12175.41"
"26/06/2007","271.8","273.77","270.71","270.81","126252.63"
"27/06/2007","271.4","272.78","269.63","271.21","48254.85"
"28/06/2007","268.35","273.27","268.35","270.91","141707.99"
"29/06/2007","269.83","274.75","269.83","274.75","198645.05"
"02/07/2007","269.34","272.58","268.84","269.83","16562.22"
"03/07/2007","267.07","270.62","267.07","270.62","94945.88"
"04/07/2007","269.83","270.81","269.24","270.32","9819.54"
"05/07/2007","267.66","269.34","267.46","269.34","3219.02"
"06/07/2007","268.84","270.81","268.84","269.83","177696.03"
"09/07/2007","268.84","270.81","268.84","269.83","6468.51"
"10/07/2007","267.86","269.34","267.86","267.86","32108.97"
"11/07/2007","265.89","268.84","265.89","268.84","80577.06"
"12/07/2007","265.99","267.86","265.69","265.69","141921.24"
"13/07/2007","262.93","266.38","262.93","266.38","261329.64"
"16/07/2007","265.89","267.86","263.03","267.86","23203.35"
"17/07/2007","265.89","267.86","265.89","267.86","21273.97"
"18/07/2007","265.99","268.35","265.99","267.37","33043.2"
"19/07/2007","266.09","267.86","265.99","266.28","29072.73"
"20/07/2007","265.89","267.37","264.9","267.37","91208.97"
"23/07/2007","265.79","267.37","264.9","267.37","73631.29"
"24/07/2007","265.89","267.86","265.89","267.37","46863.66"
"25/07/2007","265.89","267.37","265.89","267.37","53738.35"
"26/07/2007","266.09","269.73","265.89","269.43","67599.43"
"27/07/2007","268.35","270.81","268.35","270.32","128131.24"
"31/07/2007","270.81","273.27","270.81","273.27","20583.45"
"01/08/2007","271.01","273.77","271.01","273.67","63588.35"
"02/08/2007","271.01","278.59","271.01","276.72","80485.67"
"03/08/2007","277.21","280.66","277.21","278.2","175086.29"
"06/08/2007","273.77","277.11","271.9","277.11","253896.44"
"07/08/2007","275.74","277.21","275.74","275.74","31794.18"
"08/08/2007","275.74","279.38","274.95","279.38","185291.7"
"09/08/2007","276.82","280.66","276.82","278.79","81176.19"
"10/08/2007","280.56","282.53","279.28","281.55","239294.07"
"13/08/2007","278.89","282.63","275.74","282.53","607724.69"
"15/08/2007","280.66","280.66","276.72","279.68","52174.54"
"16/08/2007","280.46","280.46","276.03","276.03","46406.7"
"17/08/2007","275.74","278.69","274.95","278.69","30159.28"
"22/08/2007","278.69","278.69","276.33","278.39","47523.71"
"23/08/2007","277.61","278.49","277.61","278.3","29001.65"
"24/08/2007","278.59","278.59","277.02","278.2","7585.52"
"27/08/2007","278.2","278.2","277.71","278.2","24919.48"
"28/08/2007","276.72","278.1","276.72","278.1","19892.94"
"29/08/2007","277.71","279.68","277.71","279.68","38668.87"
"30/08/2007","277.41","279.68","277.41","278.69","30514.69"
"31/08/2007","277.8","279.68","277.8","279.48","113965.52"
"03/09/2007","276.23","285.58","276.23","282.14","588928.46"
"04/09/2007","281.84","288.05","281.84","288.05","456339.33"
"05/09/2007","298.39","305.28","298.39","305.28","1120544.1"
"06/09/2007","320.05","323.01","295.43","301.54","1094568.6"
"07/09/2007","300.36","309.71","300.36","309.02","636157.68"
"10/09/2007","310.2","319.36","310.2","312.66","457882.84"
"11/09/2007","313.85","313.85","300.85","300.85","150715.16"
"12/09/2007","296.42","301.34","292.48","299.86","114645.88"
"13/09/2007","301.34","302.32","293.46","295.43","199152.78"
"14/09/2007","295.43","300.16","293.46","297.89","242076.44"
"17/09/2007","302.92","302.92","296.91","297.4","91818.25"
"18/09/2007","297.4","299.37","292.58","293.95","79977.94"
"19/09/2007","295.53","296.42","293.46","293.46","202879.54"
"20/09/2007","295.14","300.26","293.66","300.26","361677.78"
"21/09/2007","295.92","299.37","295.92","296.51","74727.99"
"24/09/2007","293.56","296.91","293.56","296.91","68635.21"
"25/09/2007","295.53","295.53","293.46","295.43","64055.46"
"26/09/2007","295.43","295.43","293.95","294.45","864972.17"
"27/09/2007","295.92","296.42","293.95","294.55","500562.79"
"28/09/2007","295.43","295.43","293.95","295.23","52194.85"
"01/10/2007","295.43","295.43","294.15","295.43","27021.5"
"02/10/2007","294.45","295.43","294.45","295.43","28128.35"
"03/10/2007","295.43","295.43","292.97","294.84","8631.44"
"04/10/2007","295.23","295.33","293.46","293.95","74687.37"
"05/10/2007","293.95","295.43","293.46","295.43","150217.58"
"08/10/2007","295.43","299.37","291.49","298.39","9240.72"
"09/10/2007","295.43","301.83","295.43","301.83","14856.24"
"10/10/2007","295.83","300.36","294.45","296.42","16663.76"
"11/10/2007","290.9","297.4","290.8","297.4","55830.21"
"12/10/2007","295.43","300.16","295.43","300.16","8875.15"
"15/10/2007","296.42","299.67","295.43","299.27","46670.72"
"16/10/2007","295.63","297.4","293.95","295.43","84273.35"
"17/10/2007","295.43","295.43","294.05","295.43","176406.39"
"18/10/2007","295.43","295.43","293.46","295.14","71854.23"
"19/10/2007","295.14","295.43","293.56","295.43","54256.24"
"22/10/2007","295.43","295.43","293.95","295.43","10337.42"
"23/10/2007","295.43","295.43","294.25","295.43","48813.35"
"24/10/2007","295.43","299.37","294.45","296.51","45452.16"
"25/10/2007","295.43","296.91","293.95","294.45","52814.28"
"26/10/2007","294.45","296.91","294.45","295.43","111010.52"
"29/10/2007","295.43","296.42","292.97","295.43","52865.05"
"30/10/2007","292.97","295.43","292.97","293.07","46934.74"
"31/10/2007","292.97","294.84","287.06","290.41","42304.23"
"01/11/2007","287.06","290.31","285.58","289.52","158666.24"
"02/11/2007","287.06","294.45","285.78","293.46","7199.64"
"05/11/2007","293.46","293.95","290.02","292.48","12236.34"
"07/11/2007","288.74","294.35","288.54","288.54","25366.29"
"08/11/2007","290.51","290.61","288.54","288.54","4325.88"
"09/11/2007","289.13","290.51","288.05","288.05","32901.03"
"12/11/2007","290.41","290.51","287.75","290.21","7555.05"
"13/11/2007","288.05","289.52","288.05","289.52","7605.82"
"14/11/2007","287.06","288.05","285.58","286.57","167338.3"
"15/11/2007","286.17","286.47","285.58","286.08","19283.66"
"16/11/2007","285.58","288.54","284.6","288.54","138336.65"
"19/11/2007","285.58","288.54","285.58","288.54","8905.62"
"20/11/2007","285.58","289.03","285.58","288.44","16795.77"
"21/11/2007","285.58","288.44","283.12","287.55","27630.77"
"22/11/2007","287.55","287.55","285.09","285.49","22908.87"
"23/11/2007","280.76","285.58","280.66","280.66","47889.28"
"26/11/2007","275.93","279.68","271.3","273.77","196979.69"
"27/11/2007","278.69","278.69","267.86","273.77","179879.28"
"28/11/2007","273.77","280.66","273.77","275.74","68909.38"
"29/11/2007","277.71","287.45","277.71","282.63","956820.88"
"30/11/2007","285.58","285.58","276.23","276.23","32758.87"
"03/12/2007","274.75","278.69","274.75","275.24","609156.5"
"04/12/2007","274.26","275.74","272.78","273.77","79246.8"
"05/12/2007","270.81","271.8","267.86","269.83","87329.9"
"06/12/2007","265.89","265.89","264.12","265.89","215775.93"
"07/12/2007","266.28","266.28","261.65","261.65","139941.08"
"10/12/2007","265.89","265.89","263.92","265.79","1852267.1"
"11/12/2007","265.89","269.34","265.89","265.89","39176.6"
"12/12/2007","267.86","267.86","264.61","265.4","100774.64"
"13/12/2007","265.69","265.69","264.02","264.02","162291.44"
"14/12/2007","264.9","265.69","263.43","264.9","217187.42"
"17/12/2007","264.9","267.66","264.81","267.66","300536.7"
"18/12/2007","267.96","280.56","267.96","278.2","639305.62"
"19/12/2007","279.68","279.68","276.72","277.71","356630.93"
"20/12/2007","279.68","279.68","275.74","275.74","4208752.7"
"24/12/2007","275.83","277.61","270.91","275.74","1848814.5"
"25/12/2007","271.4","277.02","271.4","273.27","945671.09"
"26/12/2007","272.68","274.75","272.68","272.88","1646178.7"
"27/12/2007","271.9","274.26","271.9","274.26","1023953.2"
"28/12/2007","275.24","277.71","274.26","277.71","405149.8"
"31/12/2007","276.82","280.66","276.82","277.21","3228535.5"
"02/01/2008","276.82","285.58","276.82","285.58","11139.64"
"03/01/2008","286.08","289.52","285.58","285.58","41928.5"
"04/01/2008","287.65","291","287.65","291","86466.75"
"07/01/2008","291","296.12","291","293.66","189170.77"
"08/01/2008","295.23","295.23","288.54","293.36","36069.28"
"09/01/2008","293.46","295.43","292.08","295.43","248179.38"
"14/01/2008","295.43","299.76","295.43","297.3","417660.31"
"15/01/2008","298.39","298.39","297.2","298.19","42578.4"
"16/01/2008","297.4","300.36","297.4","300.36","159184.12"
"17/01/2008","305.28","309.22","302.72","306.17","296840.41"
"18/01/2008","306.17","306.17","304.29","304.29","164708.25"
"21/01/2008","303.31","304.29","297.5","298.39","39704.64"
"22/01/2008","293.46","295.43","285.39","292.48","145617.53"
"23/01/2008","296.51","301.34","296.51","298.39","140794.07"
"24/01/2008","299.37","304.29","299.37","302.42","80749.69"
"25/01/2008","304.1","304.1","300.45","300.45","57759.59"
"28/01/2008","302.13","302.32","302.13","302.32","20979.48"
"29/01/2008","299.37","302.32","299.37","301.34","27376.91"
"30/01/2008","299.47","303.31","299.47","303.21","14216.5"
"31/01/2008","300.26","303.11","300.26","302.32","35886.5"
"01/02/2008","300.85","301.44","300.85","301.44","58825.82"
"04/02/2008","302.82","302.82","300.36","300.45","156594.69"
"05/02/2008","300.45","301.24","299.37","300.85","65426.34"
"06/02/2008","300.36","305.77","300.36","305.28","191648.51"
"07/02/2008","307.15","309.22","305.28","306.76","121500.26"
"08/02/2008","305.18","308.73","304.79","307.25","100916.8"
"11/02/2008","305.18","308.73","305.18","307.25","73275.88"
"12/02/2008","308.23","309.61","307.84","308.23","125541.8"
"13/02/2008","308.23","308.23","307.25","307.25","31164.59"
"14/02/2008","307.25","307.64","306.26","306.56","131959.54"
"15/02/2008","306.56","307.74","306.46","307.35","167378.92"
"18/02/2008","308.23","309.22","306.76","309.22","169298.14"
"19/02/2008","307.25","308.33","307.25","307.54","92914.95"
"20/02/2008","308.73","308.73","306.85","308.63","104704.48"
"21/02/2008","310.01","311.19","307.25","310.3","110340.31"
"22/02/2008","310.2","312.66","310.2","311.68","96631.55"
"25/02/2008","312.27","312.27","310.3","310.3","64238.25"
"26/02/2008","310.5","312.57","310.5","312.57","22919.02"
"27/02/2008","311.58","312.47","308.33","308.33","55596.65"
"28/02/2008","307.45","309.22","307.45","309.12","1909.07"
"29/02/2008","307.74","311.58","307.74","308.23","45777.11"
"03/03/2008","307.05","308.14","306.36","308.14","153314.74"
"04/03/2008","305.28","305.28","301.83","305.28","151740.77"
"05/03/2008","307.25","309.22","305.77","309.22","22238.66"
"06/03/2008","307.25","309.22","307.25","309.22","12622.22"
"07/03/2008","309.22","311.19","295.53","311.19","766472.17"
"10/03/2008","310.2","312.66","310.2","312.17","76830"
"11/03/2008","312.47","316.11","312.17","315.13","309554.02"
"12/03/2008","315.13","318.08","315.13","317.59","435451.24"
"13/03/2008","319.07","321.04","315.13","321.04","242574.02"
"14/03/2008","322.22","323.89","318.67","322.02","354620.31"
"17/03/2008","321.23","324.97","321.23","324.97","1656008.4"
"18/03/2008","323.99","323.99","320.05","320.05","451515.88"
"26/03/2008","311.19","311.29","303.31","311.19","648536.19"
"27/03/2008","310.2","314.14","310.2","311.19","35348.3"
"28/03/2008","310.2","312.96","309.22","311.19","202067.17"
"31/03/2008","309.22","313.16","309.22","313.16","63588.35"
"01/04/2008","308.33","313.16","308.33","310.4","123053.92"
"02/04/2008","312.07","312.07","307.25","309.71","54713.2"
"03/04/2008","307.25","313.55","307.25","313.55","169846.5"
"04/04/2008","314.63","314.63","314.04","314.14","36170.82"
"07/04/2008","311.19","314.14","311.19","313.45","123419.48"
"08/04/2008","314.14","314.14","313.06","313.55","46366.08"
"09/04/2008","313.95","313.95","310.2","310.2","80404.43"
"10/04/2008","310.01","311.68","307.25","311.68","55677.89"
"11/04/2008","310.1","312.17","307.94","312.17","13140.1"
"14/04/2008","308.23","310.2","306.26","310.1","14114.95"
"15/04/2008","306.26","312.17","306.26","310.1","101048.81"
"16/04/2008","310.1","311.58","308.43","311.19","10530.36"
"17/04/2008","311.19","315.13","308.23","314.14","223635.62"
"18/04/2008","309.22","321.04","309.22","321.04","485665.93"
"21/04/2008","315.13","321.04","315.13","320.44","35683.4"
"22/04/2008","320.05","320.05","315.13","319.85","7209.79"
"23/04/2008","319.85","319.85","314.24","319.07","19994.48"
"24/04/2008","315.13","317.98","313.16","317.98","24838.25"
"25/04/2008","317.98","317.98","315.13","315.13","15760"
"28/04/2008","319.85","319.85","313.16","316.01","7819.07"
"29/04/2008","317.1","318.57","315.13","318.57","45096.75"
"30/04/2008","314.34","318.08","314.34","315.91","20888.09"
"02/05/2008","315.52","315.72","315.52","315.62","4914.85"
"05/05/2008","315.13","316.11","314.73","316.11","31154.43"
"06/05/2008","317.59","317.59","315.23","317.1","21984.79"
"07/05/2008","315.13","317","315.13","317","75977.01"
"08/05/2008","315.13","316.9","315.13","316.9","35388.92"
"09/05/2008","317.39","317.39","315.13","315.23","16694.23"
"12/05/2008","315.13","316.51","315.13","316.51","24614.84"
"13/05/2008","314.63","316.7","314.63","316.7","22756.55"
"14/05/2008","317.59","317.59","314.14","315.13","65406.03"
"15/05/2008","314.14","315.13","314.14","315.13","19161.8"
"16/05/2008","314.34","315.13","314.34","315.13","19151.65"
"19/05/2008","314.14","316.6","314.14","316.6","30372.53"
"20/05/2008","316.6","319.07","314.24","317.59","35297.53"
"21/05/2008","312.86","318.97","312.86","315.13","68553.97"
"22/05/2008","314.63","321.82","314.63","321.53","65060.77"
"23/05/2008","318.57","323.01","318.57","321.82","23487.68"
"26/05/2008","317.19","323.01","315.13","323.01","56551.19"
"27/05/2008","323.01","323.99","320.05","323.01","62451.03"
"28/05/2008","320.05","321.04","311.48","311.48","1659085.3"
"29/05/2008","313.16","315.13","312.37","313.16","113224.23"
"30/05/2008","313.16","313.16","312.76","313.16","59110.16"
"02/06/2008","311.19","313.06","311.19","312.17","23772.01"
"03/06/2008","312.17","312.17","310.7","310.7","31032.58"
"04/06/2008","310.7","313.06","310.3","313.06","51697.27"
"05/06/2008","312.17","314.14","310.2","314.14","57373.71"
"06/06/2008","312.17","314.04","312.17","314.04","32758.87"
"09/06/2008","312.17","312.37","311.68","311.68","13708.76"
"10/06/2008","311.68","312.37","310.2","311.19","48000.98"
"11/06/2008","311.19","312.86","311.19","311.19","21141.96"
"12/06/2008","311.19","311.19","310.2","311.19","8651.75"
"13/06/2008","310.7","311.19","310.2","310.99","33307.22"
"16/06/2008","310.2","311.09","310.2","311.09","16887.16"
"17/06/2008","310.2","310.2","309.32","310.2","21517.68"
"18/06/2008","310.2","310.2","309.22","310.1","6935.62"
"19/06/2008","309.22","309.32","309.12","309.12","24553.92"
"20/06/2008","309.12","309.22","307.35","308.73","15414.74"
"23/06/2008","305.38","308.82","305.38","308.82","40862.27"
"24/06/2008","306.76","310.2","305.28","308.82","18278.35"
"25/06/2008","300.36","308.82","300.36","308.82","30778.71"
"26/06/2008","306.26","309.91","306.26","308.82","13058.87"
"27/06/2008","307.35","309.71","305.28","309.71","31073.2"
"30/06/2008","303.31","308.63","303.31","304.29","53098.61"
"01/07/2008","305.28","305.28","303.31","304.29","22969.79"
"02/07/2008","299.37","306.76","299.37","306.76","13251.8"
"03/07/2008","305.28","306.76","301.93","306.76","29529.69"
"04/07/2008","305.28","308.73","302.82","306.76","4305.57"
"07/07/2008","305.38","308.63","305.28","308.63","12662.84"
"08/07/2008","303.41","308.73","303.41","308.73","56744.12"
"09/07/2008","308.23","310.2","306.26","310.1","88142.27"
"10/07/2008","308.23","311.68","307.84","311.68","132670.36"
"11/07/2008","308.23","313.16","308.23","311.78","65497.42"
"14/07/2008","310.2","315.13","310.2","313.16","118656.96"
"15/07/2008","311.29","313.16","311.29","312.17","33520.46"
"16/07/2008","313.16","314.14","311.98","312.17","36140.36"
"17/07/2008","313.16","314.14","307.84","312.17","23761.86"
"18/07/2008","309.81","312.17","309.81","310.3","8672.06"
"21/07/2008","307.25","310.4","307.25","310.4","7626.13"
"22/07/2008","308.23","310.5","307.74","310.5","8174.48"
"23/07/2008","310.2","310.2","310.1","310.1","11291.96"
"24/07/2008","308.23","310.01","307.25","310.01","6996.55"
"25/07/2008","308.23","310.1","306.26","310.1","29702.32"
"28/07/2008","307.25","310.2","306.76","310.1","13404.12"
"29/07/2008","307.25","309.61","307.25","308.33","16024.02"
"31/07/2008","308.23","308.23","305.28","305.28","31601.24"
"01/08/2008","305.28","307.64","305.28","307.25","8215.1"
"04/08/2008","306.26","308.73","305.28","305.28","22360.52"
"05/08/2008","306.26","306.26","305.28","305.28","32748.71"
"06/08/2008","305.28","308.04","305.28","307.94","2366.03"
"07/08/2008","305.28","308.23","305.28","307.15","5280.41"
"08/08/2008","305.38","308.04","305.38","308.04","7656.6"
"11/08/2008","306.26","308.23","305.28","305.28","19344.59"
"12/08/2008","305.28","305.28","305.28","305.28","11891.08"
"13/08/2008","305.28","307.25","305.28","307.25","6874.69"
"15/08/2008","305.28","307.25","305.28","307.25","16145.88"
"18/08/2008","303.31","305.28","300.85","300.85","19446.13"
"19/08/2008","302.32","307.25","302.32","307.05","35399.07"
"22/08/2008","305.28","307.25","305.28","307.15","35256.91"
"25/08/2008","305.28","305.28","304.79","305.28","36221.6"
"26/08/2008","305.28","305.28","303.8","305.28","67284.64"
"27/08/2008","303.31","306.26","303.31","306.26","2569.12"
"28/08/2008","305.28","306.26","304.39","305.28","42222.99"
"29/08/2008","303.8","305.28","303.8","305.28","19050.1"
"01/09/2008","303.8","305.28","303.8","305.28","17374.59"
"02/09/2008","305.18","305.18","304.89","304.89","1076.39"
"03/09/2008","303.31","305.18","303.31","305.18","13434.59"
"04/09/2008","303.8","305.28","302.72","305.28","12002.78"
"05/09/2008","302.32","302.32","301.34","301.34","11170.1"
"08/09/2008","300.36","304.29","296.61","297.4","79774.85"
"09/09/2008","295.43","295.43","285.58","295.43","87319.74"
"10/09/2008","291.49","293.46","291.49","293.46","37724.48"
"11/09/2008","290.51","294.35","290.51","291.69","110106.75"
"12/09/2008","289.52","294.35","289.52","290.41","28798.56"
"15/09/2008","287.55","287.55","273.96","275.74","62806.44"
"16/09/2008","265.89","269.83","259.19","269.83","273281.65"
"17/09/2008","263.03","275.74","262.93","269.83","217410.83"
"18/09/2008","275.64","279.18","270.81","274.75","76322.27"
"19/09/2008","274.75","290.51","274.75","290.51","56957.37"
"22/09/2008","305.28","305.28","293.66","293.66","66147.32"
"23/09/2008","293.46","293.66","286.62","293.66","100765.5"
"24/09/2008","294.35","294.35","288.54","292.48","47076.91"
"25/09/2008","292.48","292.48","288.69","292.48","48668.14"
"26/09/2008","290.51","290.51","289.52","289.52","54289.75"
"29/09/2008","289.52","289.52","285.58","285.63","9963.73"
"30/09/2008","284.6","284.6","268.5","284.6","301923.82"
"03/10/2008","272.78","285.58","272.78","284.6","112305.23"
"06/10/2008","280.66","284.6","276.77","276.77","17732.03"
"07/10/2008","272.78","290.51","271.8","290.51","204852.58"
"08/10/2008","289.52","289.52","282.63","282.63","184451.91"
"09/10/2008","280.66","282.04","276.72","276.72","22435.66"
"10/10/2008","263.92","276.72","260.13","276.72","200336.81"
"13/10/2008","275.74","290.51","275.74","290.51","93431.82"
"14/10/2008","289.52","290.51","281.64","288.54","99185.44"
"15/10/2008","285.58","285.58","280.66","285.49","7782.52"
"16/10/2008","284.6","284.6","278.2","279.68","37441.17"
"17/10/2008","281.64","285.58","280.66","285.58","188856.99"
"20/10/2008","281.64","286.57","279.68","279.68","23121.1"
"21/10/2008","275.88","280.66","275.88","276.72","12750.16"
"22/10/2008","276.72","276.72","275.74","275.74","78361.32"
"23/10/2008","270.91","275.64","265.89","265.89","93790.28"
"24/10/2008","266.87","270.81","256.14","260.47","17078.07"
"27/10/2008","264.9","264.9","244.86","244.86","168540.61"
"28/10/2008","246.19","256.04","236.35","256.04","146897.01"
"29/10/2008","256.04","270.71","256.04","260.96","160257.47"
"30/10/2008","265.89","265.89","261.01","265.89","57939.32"
"31/10/2008","261.01","269.78","261.01","268.84","21327.79"
"03/11/2008","265.89","269.83","263.92","265.89","28922.44"
"04/11/2008","266.87","272.68","266.87","269.83","77902.33"
"05/11/2008","267.86","269.83","266.97","268.84","27505.87"
"07/11/2008","269.34","270.81","267.86","269.83","6874.69"
"10/11/2008","265.89","270.81","265.89","265.89","10091.68"
"11/11/2008","269.78","269.78","260.03","265.89","29771.37"
"12/11/2008","260.96","269.78","260.96","262.93","17090.26"
"13/11/2008","259.98","265.89","258.99","258.99","21328.8"
"14/11/2008","259.98","259.98","256.04","257.03","22867.23"
"17/11/2008","263.92","263.92","256.04","258.01","19497.92"
"19/11/2008","265.89","265.89","255.06","256.04","39940.23"
"20/11/2008","251.61","254.07","246.24","253.97","33882.98"
"21/11/2008","251.22","256.04","246.19","252.89","109232.44"
"24/11/2008","246.19","251.12","239.55","246.19","163714.11"
"25/11/2008","246.19","256.04","246.19","256.04","165713.56"
"26/11/2008","255.06","255.06","247.08","247.08","95210.91"
"27/11/2008","246.19","251.12","244.32","246.19","160978.45"
"28/11/2008","246.19","247.67","245.21","246.19","180634.78"
"01/12/2008","246.19","247.18","245.11","245.11","1762990.6"
"02/12/2008","245.11","245.11","238.41","242.25","151563.07"
"03/12/2008","241.17","241.17","227.73","236.35","172224.71"
"04/12/2008","231.42","234.38","222.16","222.16","251239.99"
"05/12/2008","230.93","230.93","211.73","211.73","65813.23"
"08/12/2008","215.66","221.57","214.68","221.57","93696.86"
"11/12/2008","221.57","228.42","221.57","226.5","100135.91"
"12/12/2008","226.99","236.15","226.99","227.48","56557.28"
"15/12/2008","231.42","241.12","231.42","241.12","97308.86"
"16/12/2008","246.19","247.18","245.21","246.19","267406.18"
"17/12/2008","246.19","249.84","245.21","248.16","86561.19"
"18/12/2008","242.25","248.65","242.25","246.19","165327.68"
"19/12/2008","246.19","256.04","246.19","253.09","95795.82"
"22/12/2008","254.07","260.96","254.07","258.31","70568.65"
"23/12/2008","256.04","257.03","250.13","250.13","32003.36"
"24/12/2008","247.18","255.06","246.88","251.12","50299.99"
"25/12/2008","247.18","255.06","247.18","255.06","485300.36"
"26/12/2008","254.07","255.55","247.18","254.07","239852.58"
"30/12/2008","251.12","268.84","247.18","268.84","1995192.6"
"05/01/2009","252.74","252.74","252.74","252.74","18115.88"
"06/01/2009","237.63","237.63","237.63","237.63","11367.1"
"07/01/2009","223.4","223.4","223.4","223.4","5022.48"
"08/01/2009","210.25","210.25","210","210","15050.19"
"09/01/2009","197.45","211.63","197.45","197.45","436105.2"
"12/01/2009","199.81","206.7","189.08","191.29","97306.83"
"13/01/2009","190.11","193.02","190.06","193.02","46094.95"
"14/01/2009","193.02","204.59","193.02","204.59","80320.15"
"15/01/2009","215.57","216.85","212.71","216.85","223400.03"
"16/01/2009","229.85","229.85","219.6","226.01","177181.19"
"19/01/2009","226.5","234.33","224.72","229.45","128098.74"
"20/01/2009","231.62","240.68","231.62","236.35","137325.25"
"21/01/2009","241.27","243.24","236.35","243.24","763197.29"
"22/01/2009","243.24","243.24","239.4","240.28","63021.72"
"23/01/2009","228.47","235.36","226.5","235.26","18681.49"
"26/01/2009","227.48","235.36","227.48","235.36","2699.1"
"27/01/2009","228.47","238.81","228.47","238.81","3646.53"
"28/01/2009","238.81","240.28","233.39","239.3","28652.33"
"29/01/2009","234.87","240.68","234.87","236.35","3234.25"
"30/01/2009","239.3","241.27","234.38","241.27","6469.52"
"02/02/2009","241.27","241.27","234.38","234.38","24848.4"
"03/02/2009","241.27","248.41","241.27","248.41","555137.88"
"04/02/2009","256.04","258.9","252.2","254.07","150688.75"
"05/02/2009","254.07","258.5","238.86","238.86","666355.55"
"06/02/2009","224.58","238.71","224.58","225.51","15575.19"
"09/02/2009","235.26","235.26","229.45","233.29","7017.87"
"10/02/2009","233.39","239.3","231.42","236.35","1356.66"
"11/02/2009","241.27","241.27","233.39","233.39","21417.15"
"12/02/2009","233.88","238.31","233.88","236.35","2974.29"
"13/02/2009","236.35","239.3","236.35","239.3","5972.96"
"16/02/2009","238.31","239.3","236.54","236.64","6205.5"
"17/02/2009","232.41","236.35","232.41","232.5","9710.88"
"18/02/2009","235.36","246.19","233.1","246.19","58814.66"
"19/02/2009","242.35","248.16","242.35","246.19","25441.43"
"20/02/2009","246.19","246.19","243.24","243.24","18511.91"
"23/02/2009","242.25","246","242.25","243.24","4116.69"
"24/02/2009","239.3","242.25","239.3","241.27","39092.31"
"25/02/2009","240.28","245.16","240.28","245.16","18074.24"
"26/02/2009","243.29","246.19","241.42","246.19","5705.89"
"27/02/2009","244.22","245.11","241.27","245.11","13284.3"
"02/03/2009","245.7","246.19","242.75","243.24","11744.86"
"03/03/2009","242.75","242.75","239.84","239.84","5621.61"
"04/03/2009","240.28","240.28","239.3","239.3","802.22"
"05/03/2009","240.28","240.78","237.82","240.78","15957"
"06/03/2009","240.78","240.78","238.31","239.4","567137.61"
"09/03/2009","241.27","241.27","240.78","240.78","60.93"
"12/03/2009","236.35","236.35","232.9","235.75","33967.27"
"13/03/2009","234.38","234.38","222.56","222.56","25866.91"
"16/03/2009","231.42","233.78","231.42","233.39","31595.14"
"17/03/2009","233.78","236.35","233.39","233.39","26980.88"
"18/03/2009","230.44","236.15","230.44","235.36","37737.69"
"19/03/2009","233.39","236.1","233.39","234.47","13288.36"
"20/03/2009","235.36","235.36","228.47","228.47","6332.43"
"23/03/2009","231.42","235.36","223.54","223.54","15610.73"
"24/03/2009","230.34","230.34","218.62","223.54","13302.58"
"25/03/2009","218.62","226.5","218.62","226.4","33342.76"
"26/03/2009","231.32","231.32","224.53","226.45","44023.41"
"27/03/2009","226.4","226.4","223.54","225.51","47168.3"
"30/03/2009","221.57","225.51","212.02","225.51","12617.14"
"31/03/2009","216.65","225.32","216.65","221.57","39313.69"
"01/04/2009","221.57","227.48","218.62","219.6","1733.4"
"02/04/2009","212.71","222.56","212.71","219.6","3805.96"
"03/04/2009","219.6","221.57","216.65","219.6","4327.91"
"06/04/2009","222.56","222.56","215.66","219.6","6729.48"
"07/04/2009","230.58","230.58","221.13","226.5","17322.8"
"08/04/2009","222.07","226.5","221.57","226.5","15506.13"
"09/04/2009","220.59","228.47","220.59","226.5","6605.59"
"10/04/2009","221.57","226.5","221.57","222.07","1420.63"
"13/04/2009","226.5","226.5","222.56","223.05","1755.74"
"14/04/2009","222.26","226.5","222.26","226.1","3861.81"
"15/04/2009","225.51","225.91","223.15","225.71","40343.37"
"16/04/2009","221.77","226.4","221.77","226.4","9991.15"
"17/04/2009","222.66","224.13","222.66","224.04","1410.48"
"20/04/2009","224.43","224.43","222.56","224.43","64181.38"
"21/04/2009","223.54","226.5","223.3","226.5","14543.47"
"22/04/2009","225.51","226.99","224.68","226.99","4570.6"
"23/04/2009","227.43","236.35","226.5","236.35","10085.59"
"24/04/2009","232.41","238.27","232.41","238.27","3487.1"
"27/04/2009","236.35","240.28","233.49","240.28","5492.64"
"28/04/2009","236.35","241.27","236.35","241.27","11739.78"
"29/04/2009","236.94","237.38","236.35","236.35","3219.02"
"30/04/2009","236.35","240.28","236.35","239.3","15265.47"
"04/05/2009","240.28","240.28","236.35","236.35","26844.8"
"05/05/2009","240.28","240.28","231.47","231.72","11337.66"
"06/05/2009","232.41","241.17","232.41","241.17","8362.35"
"07/05/2009","234.42","240.28","234.42","240.28","3642.47"
"08/05/2009","241.27","241.27","235.36","236.35","5005.22"
"11/05/2009","236.35","236.39","234.52","236.39","4481.24"
"12/05/2009","235.36","239.3","235.36","239.3","5989.21"
"13/05/2009","239.3","239.3","235.41","236.54","1591.23"
"14/05/2009","236.35","240.28","236.35","236.54","6146.6"
"15/05/2009","235.85","237.33","235.36","237.33","669.19"
"18/05/2009","239.79","239.79","236.44","236.44","12353.12"
"19/05/2009","235.56","241.27","235.56","241.27","6453.27"
"20/05/2009","237.33","242.25","237.33","242.25","8881.25"
"21/05/2009","242.75","247.18","242.75","247.18","18138.22"
"22/05/2009","246.19","246.19","243.24","243.24","14049.96"
"25/05/2009","242.35","242.35","238.31","238.41","11855.54"
"26/05/2009","239.3","239.3","236.35","236.35","9626.6"
"27/05/2009","240.28","240.97","237.03","239.3","29313.4"
"28/05/2009","244.22","244.22","240.33","244.22","12415.06"
"29/05/2009","244.22","251.12","241.37","241.37","140631.6"
"01/06/2009","243.24","248.56","241.56","248.56","18949.57"
"02/06/2009","243.24","250.13","243.24","250.13","3705.43"
"03/06/2009","250.13","251.07","246.19","249.64","35944.38"
"04/06/2009","251.12","258.5","248.26","257.03","80811.63"
"05/06/2009","257.03","260.96","256.09","259.04","32781.21"
"08/06/2009","260.96","260.96","257.22","260.96","30894.47"
"09/06/2009","260.96","260.96","257.47","257.57","33613.89"
"10/06/2009","256.04","257.81","251.12","256.04","18620.56"
"11/06/2009","256.04","257.03","246.19","253.28","52228.36"
"12/06/2009","251.12","258.01","251.12","257.12","44907.88"
"15/06/2009","253.18","260.96","253.18","260.96","56422.22"
"16/06/2009","258.01","264.9","258.01","264.9","34896.42"
"17/06/2009","261.95","265.89","261.95","264.9","71034.75"
"18/06/2009","262.15","264.9","256.04","256.04","58079.46"
"19/06/2009","255.15","259.98","255.15","256.14","4942.26"
"22/06/2009","260.87","260.87","257.12","258.01","11030.98"
"23/06/2009","260.87","260.87","257.03","260.82","14505.9"
"24/06/2009","257.03","260.47","257.03","260.47","20701.25"
"25/06/2009","257.12","258.01","257.12","258.01","11002.55"
"26/06/2009","256.04","259.88","256.04","259.88","5174.8"
"29/06/2009","257.07","260.96","257.07","260.96","18410.36"
"30/06/2009","257.03","260.96","257.03","260.96","211542.46"
"01/07/2009","260.87","260.87","254.56","258.95","42605.82"
"02/07/2009","252.15","258.95","252.15","256.04","83326.94"
"03/07/2009","256.04","256.04","248.16","249.15","2186.29"
"06/07/2009","248.21","255.06","243.44","243.44","7982.56"
"07/07/2009","251.07","251.07","244.52","244.52","102.56"
"08/07/2009","244.52","256.04","244.52","256.04","5935.39"
"09/07/2009","251.12","251.12","249.15","250.13","2392.43"
"10/07/2009","251.12","252.1","247.18","250.13","3850.64"
"13/07/2009","248.16","251.12","247.18","251.12","120.84"
"14/07/2009","247.18","247.18","245.21","245.21","1673.48"
"15/07/2009","240.28","246.19","237.33","237.33","5080.37"
"16/07/2009","237.33","237.53","234.38","237.33","7467.72"
"17/07/2009","240.24","240.24","237.82","237.82","13661.04"
"20/07/2009","238.31","238.81","236.35","237.33","10890.85"
"21/07/2009","236.35","237.33","236.35","237.18","7603.79"
"22/07/2009","237.33","237.33","235.75","235.75","11342.73"
"23/07/2009","234.57","237.23","234.57","235.75","223908.78"
"24/07/2009","236.3","236.35","235.36","235.75","8419.21"
"27/07/2009","238.91","238.91","234.57","237.63","5514.98"
"28/07/2009","236.35","238.31","236.35","237.82","4839.7"
"29/07/2009","235.66","236.35","235.66","236.35","3435.31"
"31/07/2009","236.35","238.17","231.42","231.42","34643.57"
"03/08/2009","236.35","236.35","226.5","231.42","24766.15"
"04/08/2009","234.38","234.38","232.41","233.39","6372.04"
"05/08/2009","231.42","234.38","231.42","234.38","2193.4"
"06/08/2009","245.21","247.37","243.24","243.24","22581.89"
"07/08/2009","238.31","245.21","238.31","245.21","9059.97"
"10/08/2009","238.81","244.22","238.81","238.86","91.39"
"11/08/2009","238.81","239.2","231.42","232.41","22246.78"
"12/08/2009","232.5","238.31","218.72","221.87","57943.39"
"13/08/2009","226.5","227.38","224.53","225.51","11357.96"
"17/08/2009","226.5","227.29","225.22","225.51","5306.81"
"18/08/2009","224.53","227.93","224.53","225.51","1234.8"
"19/08/2009","225.07","227.04","225.02","225.51","4552.32"
"24/08/2009","228.47","228.47","225.51","225.51","16771.4"
"25/08/2009","225.51","226.35","225.07","225.51","2182.23"
"26/08/2009","225.51","225.51","225.17","225.51","5501.78"
"27/08/2009","226.5","226.5","225.22","226.5","9259"
"28/08/2009","225.51","231.13","225.51","228.47","24262.48"
"31/08/2009","227.58","230.44","227.58","228.47","11014.74"
"01/09/2009","230.44","236.35","230.44","236.25","83310.69"
"02/09/2009","238.31","239.1","229.45","229.45","5412.42"
"03/09/2009","228.57","228.57","222.56","222.56","19129.31"
"04/09/2009","223.54","226.01","222.56","226.01","4254.79"
"07/09/2009","222.66","226.01","222.66","223.54","3046.39"
"08/09/2009","222.8","228.47","222.8","228.47","3568.34"
"09/09/2009","229.45","229.45","224.53","229.45","11442.25"
"10/09/2009","234.38","234.38","231.32","231.42","35902.74"
"11/09/2009","230.44","231.22","224.53","231.22","12500.36"
"14/09/2009","233.29","233.29","226.5","226.5","941.34"
"15/09/2009","226.55","231.42","226.55","230.04","22032.52"
"16/09/2009","232.9","233.39","227.14","233.39","9923.11"
"17/09/2009","228.52","231.42","228.52","228.96","11463.57"
"18/09/2009","227.58","241.27","227.58","241.27","52119.7"
"23/09/2009","241.27","241.27","236.84","240.28","29735.83"
"24/09/2009","241.17","241.17","234.87","234.87","5808.45"
"25/09/2009","231.42","238.31","231.42","232.41","10837.03"
"28/09/2009","232.41","233.39","231.86","233.39","365.57"
"29/09/2009","228.52","236.15","228.47","235.36","8203.93"
"30/09/2009","227.63","234.67","227.63","234.67","158958.69"
"01/10/2009","233.39","233.39","227.48","231.42","30885.34"
"02/10/2009","233.39","233.39","226.84","231.42","57079.23"
"05/10/2009","231.42","231.42","226.55","231.42","12169.32"
"06/10/2009","231.42","236.35","229.45","236.35","199082.72"
"07/10/2009","233.88","250.53","233.88","250.53","84983.16"
"08/10/2009","252.1","255.06","247.23","247.23","61033.44"
"09/10/2009","246.29","252.1","246.29","247.67","35802.21"
"12/10/2009","246.19","251.12","246.19","251.12","12834.45"
"13/10/2009","248.16","251.07","248.16","248.46","4737.14"
"14/10/2009","249.15","251.07","249.15","250.62","14743.52"
"15/10/2009","251.12","253.09","249.25","253.09","21213.04"
"16/10/2009","249.94","254.07","249.94","254.07","54498.93"
"19/10/2009","251.61","254.07","251.46","254.07","5571.85"
"20/10/2009","251.02","253.09","251.02","251.22","30993.99"
"21/10/2009","249.15","251.12","236.15","236.15","110831.79"
"22/10/2009","235.46","239.3","235.41","239.1","23411.52"
"23/10/2009","240.28","243.24","238.31","242.75","87240.54"
"26/10/2009","237.82","243.73","237.82","243.73","21.32"
"27/10/2009","236.35","242.7","236.35","241.27","26687.41"
"28/10/2009","236.54","241.27","236.54","236.64","5843.99"
"29/10/2009","236.64","241.07","236.35","239.3","13410.22"
"30/10/2009","241.27","241.27","236.44","240.78","16851.62"
"02/11/2009","236.44","240.14","236.35","240.14","974.85"
"03/11/2009","236.49","239.69","236.49","239.69","10308.99"
"04/11/2009","239.3","239.3","236.35","236.35","2095.92"
"05/11/2009","236.35","236.35","226.5","227.48","29577.42"
"09/11/2009","227.48","232.9","226.6","226.6","28607.65"
"10/11/2009","226.55","232.41","226.5","232.41","26412.22"
"11/11/2009","226.74","231.62","226.6","229.45","29377.37"
"12/11/2009","226.6","226.6","215.71","215.71","121022.99"
"13/11/2009","215.17","215.17","205.42","210.74","322475.8"
"16/11/2009","210.74","210.74","198.92","200.89","124066.34"
"17/11/2009","202.96","208.77","202.47","208.67","199340.64"
"19/11/2009","208.77","220.59","208.77","217.63","221909.33"
"20/11/2009","224.43","224.43","217.63","218.62","63619.83"
"23/11/2009","218.62","220.59","216.65","218.62","372508.72"
"24/11/2009","216.65","220.59","216.65","218.62","359182.79"
"25/11/2009","216.9","219.6","216.65","216.95","72529.51"
"26/11/2009","219.6","220.39","217.24","217.24","22359.5"
"27/11/2009","216.75","219.51","216.75","217.29","92240.68"
"30/11/2009","216.65","217.63","216.65","216.65","458568.27"
"01/12/2009","217.24","221.52","216.65","218.96","17500.5"
"02/12/2009","217.63","220.39","217.63","220.29","5982.1"
"03/12/2009","221.57","223.54","219.6","220.59","40550.52"
"04/12/2009","217.88","226.5","217.88","221.57","39784.86"
"07/12/2009","222.95","231.42","222.56","231.42","253947.22"
"08/12/2009","231.42","236.2","231.42","235.36","92076.18"
"09/12/2009","231.47","235.85","231.47","235.36","6838.13"
"10/12/2009","235.36","241.27","233.59","241.12","188531.03"
"11/12/2009","241.07","246.09","241.07","246","164142.63"
"14/12/2009","245.21","247.18","241.22","247.18","198217.54"
"15/12/2009","241.42","250.13","241.42","246.19","213660.72"
"16/12/2009","243.29","247.18","243.29","246.19","97724.19"
"17/12/2009","241.76","246.19","241.76","246.19","36209.41"
"21/12/2009","245.21","251.12","242.25","251.12","357521.49"
"22/12/2009","245.21","252.1","245.21","251.02","8327.82"
"23/12/2009","244.22","251.07","244.22","247.18","81875.84"
"24/12/2009","244.22","250.87","244.22","248.16","64553.04"
"25/12/2009","240.33","250.38","240.33","249.15","69224.18"
"28/12/2009","246.24","254.07","246.24","251.07","229733.48"
"29/12/2009","251.12","258.99","249.15","258.01","389500.48"
"30/12/2009","256.53","258.99","254.07","254.07","243803.75"
"31/12/2009","248.26","260.96","248.26","260.96","266161.22"
"04/01/2010","254.07","254.07","246.44","251.12","14909.04"
"05/01/2010","246.19","251.12","246.19","248.16","5053.96"
"06/01/2010","246.19","251.12","246.19","249.64","3932.89"
"07/01/2010","251.12","262.93","251.12","262.93","14582.06"
"08/01/2010","256.04","262.44","256.04","262.44","2462.5"
"12/01/2010","258.99","264.81","256.04","264.81","4843.76"
"13/01/2010","259.04","259.98","259.04","259.98","4447.73"
"14/01/2010","253.09","264.41","253.09","264.41","7673.86"
"15/01/2010","258.16","264.81","258.16","258.99","293.47"
"18/01/2010","254.42","260.96","254.42","260.96","1452.11"
"19/01/2010","258.21","262.93","258.16","262.93","1819.71"
"20/01/2010","258.01","261.95","257.17","261.95","10066.29"
"21/01/2010","261.95","262.39","257.03","258.99","21703.51"
"22/01/2010","253.58","260.92","253.58","258.01","13937.24"
"25/01/2010","254.37","260.72","254.37","258.01","114.75"
"26/01/2010","253.09","257.52","253.09","257.47","511.79"
"27/01/2010","252.5","257.71","252.5","256.04","4493.43"
"28/01/2010","254.07","259.98","254.07","259.98","15377.17"
"29/01/2010","258.01","259.98","256.04","256.24","10510.05"
"01/02/2010","253.18","254.12","253.18","253.43","12258.68"
"02/02/2010","254.07","256.04","249.79","256.04","6176.05"
"03/02/2010","251.12","256.04","251.12","256.04","956.57"
"04/02/2010","252.1","256.04","251.26","256.04","1781.12"
"05/02/2010","252.2","256.04","252.2","256.04","1189.11"
"08/02/2010","256.04","257.91","256.04","257.91","3356.11"
"09/02/2010","254.07","257.71","253.33","257.71","14522.15"
"10/02/2010","258.01","258.01","254.32","254.32","2585.37"
"11/02/2010","256.04","256.04","254.07","254.37","10772.04"
"12/02/2010","254.27","258.99","254.07","258.99","15184.23"
"15/02/2010","254.56","254.56","254.56","254.56","350.34"
"16/02/2010","258.01","258.01","255.15","256.04","10267.36"
"17/02/2010","256.04","256.04","256.04","256.04","5280.41"
"18/02/2010","256.04","256.09","256.04","256.04","12985.75"
"19/02/2010","256.53","256.53","254.07","254.07","309.72"
"22/02/2010","254.07","254.07","252.1","254.07","9098.56"
"23/02/2010","256.04","256.04","249.69","250.13","321837.07"
"24/02/2010","250.33","250.43","250.33","250.33","723.01"
"25/02/2010","250.62","250.72","246.24","250.38","8062.78"
"26/02/2010","246.69","250.13","246.49","250.13","1371.89"
"01/03/2010","246.98","249.15","244.27","244.27","5568.8"
"02/03/2010","246.19","251.12","241.27","241.27","23174.92"
"03/03/2010","245.21","245.21","239.4","239.59","28025.79"
"04/03/2010","246.09","246.09","241.27","243.14","10833.98"
"05/03/2010","241.37","243.14","241.27","243.14","3426.18"
"08/03/2010","245.7","246.09","241.27","246.09","43404.99"
"09/03/2010","246.19","250.13","246.19","248.21","60837.46"
"10/03/2010","248.16","255.06","248.16","254.07","205786.81"
"11/03/2010","252.1","260.96","251.31","260.96","199863.61"
"12/03/2010","252.1","256.04","252.1","255.94","15677.75"
"15/03/2010","247.18","255.75","247.18","248.16","5711.98"
"16/03/2010","246.19","254.02","246.19","246.24","623.49"
"17/03/2010","248.16","253.09","246.34","253.09","24351.84"
"18/03/2010","247.18","253.97","246.49","253.97","13136.04"
"19/03/2010","247.62","251.12","247.62","251.12","15248.21"
"22/03/2010","247.52","256.04","247.52","249.15","53743.43"
"23/03/2010","248.16","251.12","244.91","244.91","5636.84"
"24/03/2010","248.06","248.16","245.7","245.7","45250.09"
"25/03/2010","245.21","245.31","244.52","244.52","2526.47"
"26/03/2010","244.76","255.84","243.24","243.24","7311.34"
"29/03/2010","245.21","254.07","245.21","253.18","10592.3"
"30/03/2010","253.97","259.98","253.09","259.98","50252.26"
"31/03/2010","256.04","258.99","247.18","247.18","84741.48"
"01/04/2010","247.67","251.12","247.67","248.31","30055.7"
"02/04/2010","248.16","249.25","248.16","249.25","166.54"
"05/04/2010","250.92","254.07","250.92","251.12","10631.91"
"06/04/2010","247.67","260.96","247.67","260.96","17432.47"
"07/04/2010","258.99","262.93","258.99","262.93","20181.33"
"08/04/2010","257.62","260.96","257.62","260.96","5385.01"
"09/04/2010","257.22","260.82","254.07","254.07","80550.66"
"12/04/2010","255.06","255.06","253.09","253.09","1025.62"
"13/04/2010","253.09","253.14","253.09","253.09","44703.77"
"14/04/2010","256.04","256.04","254.17","256.04","8324.77"
"15/04/2010","254.07","257.03","254.07","257.03","2773.23"
"16/04/2010","253.09","257.03","253.09","256.04","15587.37"
"19/04/2010","258.99","258.99","252.59","252.59","5648.01"
"20/04/2010","255.06","255.99","253.09","255.99","7599.73"
"21/04/2010","253.09","253.09","250.13","250.13","4658.95"
"22/04/2010","252.89","255.06","250.13","255.06","3583.57"
"23/04/2010","254.07","254.07","254.07","254.07","7234.16"
"26/04/2010","254.07","255.06","254.07","255.06","5573.88"
"27/04/2010","253.09","254.07","253.09","254.07","1117.01"
"28/04/2010","255.06","255.06","251.41","251.41","6534.51"
"29/04/2010","251.61","254.56","251.22","254.07","14614.56"
"30/04/2010","250.13","251.12","250.13","251.12","16084.95"
"03/05/2010","253.97","253.97","251.31","251.31","3178.4"
"04/05/2010","253.97","253.97","251.12","251.12","1480.55"
"05/05/2010","250.18","250.18","247.62","248.16","9066.06"
"06/05/2010","246.19","246.19","244.17","244.17","6881.8"
"07/05/2010","233.39","244.22","233.39","241.17","22831.69"
"10/05/2010","238.36","243.14","238.36","241.27","1985.23"
"11/05/2010","236.35","244.12","236.35","243.73","17830.53"
"12/05/2010","241.27","246.09","238.31","238.51","2816.9"
"13/05/2010","238.41","241.27","238.41","241.27","11139.64"
"14/05/2010","238.71","243.24","238.71","241.27","3868.92"
"17/05/2010","239.4","243.04","239.4","243.04","625.53"
"18/05/2010","240.33","246.09","240.33","246.09","2761.05"
"19/05/2010","242.55","244.22","242.25","244.22","5982.1"
"20/05/2010","246.09","246.09","241.27","244.12","1994.37"
"21/05/2010","245.7","245.7","240.78","240.78","738.24"
"24/05/2010","244.22","244.22","239.3","240.78","152.32"
"25/05/2010","240.78","241.27","232.41","232.41","5023.5"
"26/05/2010","242.75","242.75","230.44","232.41","4347.2"
"27/05/2010","240.73","240.73","229.94","229.94","4302.52"
"28/05/2010","238.31","238.31","231.47","238.07","22.34"
"31/05/2010","238.31","245.21","233.39","238.41","7162.07"
"01/06/2010","241.27","244.03","239.3","242.16","2236.05"
"02/06/2010","241.17","246.19","239.5","246","4841.73"
"03/06/2010","241.91","244.47","241.91","242.25","1115.99"
"04/06/2010","239.79","244.22","239.79","244.22","210.2"
"07/06/2010","241.32","244.12","241.27","241.37","806.28"
"08/06/2010","241.37","244.22","241.37","244.22","14184"
"09/06/2010","245.45","245.45","241.76","244.17","201.06"
"10/06/2010","243.24","246.05","241.32","246.05","4972.73"
"11/06/2010","243.24","245.21","242.5","245.11","14162.68"
"14/06/2010","242.25","242.25","239.4","242.06","5530.22"
"15/06/2010","239.99","239.99","238.41","239.1","10167.84"
"16/06/2010","239.3","244.22","239.3","239.35","2532.57"
"17/06/2010","234.38","234.87","226.5","226.5","124745.68"
"18/06/2010","228.47","235.36","216.7","216.7","195676.85"
"21/06/2010","221.57","226.99","221.57","222.85","34000.78"
"22/06/2010","226.01","226.01","221.62","223.1","6465.46"
"23/06/2010","223.54","225.91","223.25","224.13","36237.84"
"24/06/2010","226.01","226.01","223.64","224.04","625.53"
"25/06/2010","224.04","224.53","223.84","224.04","6689.88"
"28/06/2010","224.53","225.51","224.04","224.04","240.66"
"29/06/2010","222.56","223.99","221.57","223.99","1492.73"
"30/06/2010","219.6","225.51","213.7","213.7","36371.89"
"01/07/2010","216.65","221.57","212.71","213.7","25952.21"
"02/07/2010","214.24","221.18","214.24","220.1","7019.9"
"05/07/2010","221.57","221.57","214.88","214.88","15684.86"
"06/07/2010","214.73","217.63","214.73","217.63","133.03"
"07/07/2010","215.17","217.63","215.17","215.17","4215.19"
"08/07/2010","218.62","221.57","217.63","221.57","8675.11"
"09/07/2010","216.65","220.59","216.65","220.59","2175.12"
"12/07/2010","221.57","221.57","217.68","221.52","5065.13"
"13/07/2010","219.11","223.54","219.11","223.44","47060.66"
"14/07/2010","219.9","222.56","219.9","220.64","8230.34"
"15/07/2010","222.56","222.56","220.1","220.59","4237.53"
"16/07/2010","219.11","220.59","219.11","220.59","5759.71"
"19/07/2010","216.65","223.05","216.65","216.9","27774.97"
"20/07/2010","218.62","218.62","217.04","217.63","5707.92"
"21/07/2010","218.62","218.62","217.14","218.42","1145.44"
"22/07/2010","217.63","218.27","216.65","218.08","7816.03"
"23/07/2010","217.63","218.08","216.8","216.8","3044.36"
"26/07/2010","217.63","217.63","216.65","217.63","2276.67"
"27/07/2010","215.96","217.63","215.96","216.95","303.62"
"28/07/2010","217.04","226.5","217.04","226.45","25520.64"
"29/07/2010","226.5","227.38","221.67","221.67","9277.28"
"02/08/2010","221.87","225.41","221.87","225.41","901.73"
"03/08/2010","225.32","225.36","222.36","222.46","4952.42"
"04/08/2010","226.79","226.89","224.53","224.53","1925.32"
"05/08/2010","226.01","226.5","223.05","225.51","1113.96"
"06/08/2010","222.71","226.5","222.71","226.5","2763.08"
"09/08/2010","225.51","225.51","222.9","225.51","1539.44"
"10/08/2010","223.54","225.51","223.54","223.54","5767.84"
"11/08/2010","223.54","223.54","221.67","221.67","8501.46"
"12/08/2010","221.57","224.53","221.08","221.08","2018.74"
"13/08/2010","216.8","219.6","216.65","216.65","13875.3"
"16/08/2010","218.62","219.6","215.66","219.6","132.01"
"17/08/2010","216.75","222.56","216.75","221.38","5746.51"
"18/08/2010","221.08","221.08","217.14","220.59","1424.7"
"19/08/2010","220.59","224.53","220.59","224.53","14847.1"
"23/08/2010","218.87","232.41","218.87","231.42","50226.88"
"24/08/2010","226.5","235.36","226.5","233.88","19031.82"
"25/08/2010","227.53","234.38","227.53","234.38","9428.58"
"26/08/2010","229.55","236.35","229.55","236.35","48740.24"
"27/08/2010","228.57","235.36","228.57","235.36","27832.85"
"30/08/2010","230.54","236.35","230.54","231.91","17709.69"
"31/08/2010","230.63","233.88","229.45","233.39","21511.59"
"01/09/2010","231.42","231.42","228.42","230.44","4372.59"
"02/09/2010","231.22","231.22","227.78","228.47","10449.12"
"03/09/2010","231.22","232.31","228.71","231.42","11202.6"
"06/09/2010","229.55","233.39","229.55","233.39","5334.23"
"07/09/2010","229.45","231.42","229.45","231.03","19558.85"
"08/09/2010","233.88","233.88","232.41","232.41","3630.28"
"09/09/2010","229.45","232.36","229.45","231.42","13703.69"
"13/09/2010","233.39","234.77","222.61","234.77","6132.39"
"14/09/2010","231.42","231.42","224.53","224.53","18801.31"
"15/09/2010","225.56","230.83","224.53","226.5","22321.93"
"16/09/2010","229.94","229.94","224.97","224.97","36357.67"
"17/09/2010","225.07","226.5","221.57","221.62","137452.18"
"20/09/2010","221.57","224.53","221.57","223.05","34148.02"
"21/09/2010","227.48","227.48","223.54","227.48","7702.29"
"22/09/2010","223.54","227.48","222.16","226.89","21542.05"
"23/09/2010","224.58","227.43","224.53","224.58","5999.36"
"24/09/2010","226.5","226.5","221.77","222.56","57950.5"
"27/09/2010","222.56","228.47","222.56","225.51","3724.72"
"28/09/2010","224.53","226.4","223.64","226.4","19362.87"
"29/09/2010","228.96","228.96","225.51","228.47","12967.47"
"30/09/2010","226.6","231.03","226.5","230.44","30761.45"
"01/10/2010","231.03","234.28","228.47","230.44","9900.77"
"04/10/2010","227.53","232.41","227.53","232.41","1573.97"
"05/10/2010","228.47","230.44","224.53","224.53","21680.16"
"06/10/2010","228.47","230.93","222.66","225.51","47232.27"
"07/10/2010","230.29","230.88","225.61","228.96","3803.93"
"08/10/2010","226.5","229.85","226.5","229.25","1337.37"
"11/10/2010","230.93","230.93","223.54","224.18","508.75"
"12/10/2010","225.02","229.45","225.02","226.5","2432.04"
"13/10/2010","224.53","230.44","224.53","230.44","6944.76"
"14/10/2010","230.39","230.39","230.34","230.39","165.52"
"15/10/2010","229.45","229.45","228.96","228.96","4143.09"
"18/10/2010","228.96","229.45","227.68","229.45","257.93"
"19/10/2010","228.47","229.45","227.97","228.96","9622.54"
"20/10/2010","228.07","231.42","228.07","229.11","16000.66"
"21/10/2010","228.47","231.32","228.47","230.44","14288.59"
"22/10/2010","228.86","230.44","228.86","229.25","1669.42"
"25/10/2010","229.06","231.42","229.06","231.42","11211.74"
"26/10/2010","229.01","229.45","228.47","228.47","1659.27"
"27/10/2010","230.24","230.24","228.66","230.14","3500.3"
"28/10/2010","225.51","229.25","225.51","227.48","20645.4"
"29/10/2010","229.45","230.44","227.97","228.47","9300.63"
"01/11/2010","226.79","229.94","226.5","228.47","4801.11"
"02/11/2010","224.04","229.45","224.04","229.45","4984.91"
"03/11/2010","228.47","228.47","224.58","224.58","502.65"
"04/11/2010","224.04","229.21","224.04","229.21","6805.64"
"05/11/2010","229.21","229.45","225.66","229.45","1010.39"
"08/11/2010","228.47","228.47","225.71","227.48","7995.76"
"09/11/2010","225.71","228.27","225.71","228.27","11596.6"
"10/11/2010","228.47","228.47","226.79","228.47","2737.69"
"11/11/2010","226.25","228.47","226.25","228.47","1767.92"
"12/11/2010","226.6","230.34","226.6","228.47","6226.82"
"15/11/2010","226.65","230.44","226.65","230.34","3073.81"
"16/11/2010","230.34","230.34","227.48","227.48","4366.49"
"19/11/2010","227.48","230.44","227.48","229.45","8463.89"
"22/11/2010","228.47","234.38","227.58","234.38","36410.47"
"23/11/2010","232.41","234.38","232.41","234.18","5567.79"
"24/11/2010","231.52","231.91","229.94","229.94","4570.6"
"25/11/2010","229.45","234.18","227.68","227.97","3381.49"
"26/11/2010","232.26","232.26","226.5","226.99","7857.66"
"29/11/2010","222.66","229.94","222.66","229.94","49572.92"
"30/11/2010","230.44","230.44","230.44","230.44","101.55"
"01/12/2010","225.51","231.32","225.51","230.44","3253.55"
"02/12/2010","226.55","233.1","226.55","230.54","23925.34"
"03/12/2010","232.41","232.41","230.44","230.44","32460.32"
"06/12/2010","232.7","232.85","229.45","230.44","5882.58"
"08/12/2010","230.44","244.22","230.44","244.22","38484.05"
"09/12/2010","249.25","258.85","249.25","258.85","59191.39"
"10/12/2010","263.82","269.83","248.7","249.2","93188.11"
"13/12/2010","254.07","254.91","246.24","248.21","8570.52"
"14/12/2010","252.1","252.1","242.25","243.73","23853.25"
"15/12/2010","245.21","245.21","234.38","234.38","69440.47"
"16/12/2010","236.35","236.39","231.42","231.62","11206.66"
"17/12/2010","234.38","241.17","234.38","241.17","18294.6"
"20/12/2010","236.44","243.14","235.36","238.31","112036.13"
"21/12/2010","242.25","242.25","238.36","238.36","8898.51"
"22/12/2010","238.31","240.28","238.31","239.3","38992.8"
"23/12/2010","242.25","242.25","236.35","241.27","9070.12"
"24/12/2010","244.22","244.22","237.82","237.82","9353.44"
"27/12/2010","234.47","241.22","234.47","236.35","35561.55"
"28/12/2010","236.35","236.35","233.39","233.39","19967.07"
"29/12/2010","234.42","238.27","233.39","238.27","18509.88"
"30/12/2010","236.35","252.54","235.36","252.54","136269.16"
"31/12/2010","258.01","258.99","243.24","257.03","268054.04"
"03/01/2011","242.25","250.13","242.25","243.24","12806.02"
"04/01/2011","245.21","245.21","241.66","243.44","11789.54"
"05/01/2011","245.21","251.12","245.21","246.19","15133.46"
"06/01/2011","250.92","254.07","246.19","254.07","20277.8"
"07/01/2011","247.42","251.12","247.42","250.13","59879.88"
"10/01/2011","251.12","255.06","249.89","255.06","11935.76"
"12/01/2011","251.12","260.96","251.12","259.49","246680.56"
"13/01/2011","258.99","260.96","258.99","258.99","14996.37"
"14/01/2011","258.99","259.88","256.53","259.88","14381"
"17/01/2011","260.87","260.87","248.36","253.87","1199.26"
"18/01/2011","255.94","255.94","251.12","252.99","6169.96"
"19/01/2011","251.22","252.59","251.22","252.59","5149.42"
"20/01/2011","251.12","256.04","249.34","256.04","17458.87"
"21/01/2011","251.26","255.06","249.2","255.06","7740.88"
"24/01/2011","249.25","255.01","249.25","253.87","2945.86"
"25/01/2011","250.13","251.95","249.84","249.89","2679.81"
"26/01/2011","251.12","251.12","249.15","249.84","5193.08"
"27/01/2011","249.25","252","249.15","252","4221.28"
"28/01/2011","246.19","251.07","238.31","241.27","1026618.8"
"31/01/2011","236.35","246.09","233.88","236.35","25952.21"
"01/02/2011","244.03","244.03","233.39","233.39","26013.14"
"02/02/2011","236.35","236.54","236.35","236.39","16806.94"
"03/02/2011","242.25","242.25","222.21","223.54","7674.88"
"04/02/2011","228.47","235.36","228.47","235.36","40078.33"
"07/02/2011","235.36","239.3","235.36","238.81","2622.94"
"08/02/2011","239.3","247.67","239.3","247.67","5804.39"
"09/02/2011","241.37","241.76","241.37","241.56","1971.02"
"10/02/2011","240.28","240.28","236.35","238.31","4312.68"
"11/02/2011","238.51","241.27","238.51","241.27","111.7"
"14/02/2011","236.39","241.27","236.39","237.48","2067.48"
"15/02/2011","237.63","243.24","237.63","237.82","10991.38"
"18/02/2011","238.31","238.31","238.31","238.31","7033.1"
"21/02/2011","237.33","237.33","226.5","233.39","13042.62"
"22/02/2011","226.5","236.35","223.54","231.42","23549.62"
"23/02/2011","236.35","236.35","231.32","231.32","19086.66"
"24/02/2011","232.31","238.22","232.31","235.36","19922.39"
"25/02/2011","236.35","237.33","236.35","236.35","7773.38"
"28/02/2011","236.35","237.33","236.35","236.35","7110.28"
"01/03/2011","236.05","243.24","236.05","238.31","79340.23"
"02/03/2011","241.27","241.27","237.33","237.33","664.11"
"03/03/2011","237.33","237.33","236.35","236.35","841.82"
"04/03/2011","236.35","237.33","233.39","237.33","5788.14"
"07/03/2011","241.27","241.27","236.35","236.35","11114.25"
"08/03/2011","236.35","238.31","236.35","238.31","11115.27"
"09/03/2011","236.35","236.39","236.35","236.35","6205.5"
"10/03/2011","236.35","238.31","236.35","236.35","2300.03"
"11/03/2011","236.39","236.39","236.35","236.35","45.7"
"14/03/2011","236.35","236.35","236.35","236.35","761.6"
"15/03/2011","236.35","238.22","236.35","236.35","1019175.4"
"16/03/2011","234.38","237.33","234.38","237.33","14573.94"
"17/03/2011","236.35","237.82","236.35","236.35","2065.45"
"18/03/2011","236.35","236.35","234.38","236.35","4305.57"
"21/03/2011","237.33","237.33","234.38","236.35","2649.35"
"22/03/2011","235.36","236.35","234.38","236.35","691.53"
"23/03/2011","234.38","236.35","234.38","236.35","2142.63"
"24/03/2011","233.39","234.38","233.39","233.39","4379.7"
"25/03/2011","233.44","233.44","231.42","232.41","6744.71"
"28/03/2011","226.6","236.3","226.6","228.52","7800.79"
"29/03/2011","229.45","231.42","229.45","229.75","1573.97"
"30/03/2011","229.45","230.44","229.45","230.44","205.12"
"31/03/2011","234.38","234.38","226.5","226.5","5298.69"
"01/04/2011","226.5","226.5","218.13","218.13","5619.58"
"04/04/2011","223.54","223.54","218.62","218.62","3984.68"
"05/04/2011","219.6","223.54","216.65","216.65","21348.1"
"06/04/2011","228.27","228.27","216.65","222.56","4042.56"
"07/04/2011","221.57","226.5","221.57","221.57","4052.72"
"08/04/2011","222.56","225.51","219.6","219.6","2648.33"
"11/04/2011","224.53","224.53","217.63","217.63","13542.23"
"12/04/2011","218.62","223.4","218.62","223.4","592.02"
"13/04/2011","223.4","223.4","218.62","222.56","494.53"
"14/04/2011","218.62","221.57","218.62","221.57","2308.15"
"15/04/2011","218.62","221.57","218.62","221.57","2521.4"
"18/04/2011","222.95","222.95","218.62","221.57","766.68"
"19/04/2011","218.67","220.54","218.67","220.54","1324.16"
"20/04/2011","218.13","218.23","217.78","218.23","391.97"
"21/04/2011","217.78","218.52","217.63","217.63","564.6"
"22/04/2011","217.63","218.62","217.63","217.78","8391.79"
"25/04/2011","217.83","219.6","216.65","219.6","854.01"
"26/04/2011","221.87","221.87","218.62","219.6","4158.32"
"27/04/2011","218.62","220.59","218.62","219.6","1290.65"
"28/04/2011","214.73","218.23","214.73","216.16","8830.47"
"29/04/2011","208.13","218.52","208.13","211.73","18972.93"
"02/05/2011","206.8","214.68","206.8","214.68","2082.72"
"03/05/2011","214.68","220.93","210.79","214.68","981.95"
"04/05/2011","218.62","219.51","216.65","216.65","249.8"
"05/05/2011","213.89","217.59","213.89","215.66","38.59"
"06/05/2011","214.88","217.63","214.88","217.63","56.87"
"09/05/2011","215.66","215.66","214.68","214.68","331.04"
"10/05/2011","220.1","220.1","212.86","214.68","3103.26"
"11/05/2011","213.7","215.17","213.7","215.17","968.75"
"12/05/2011","213.3","215.07","213.3","215.07","17.26"
"13/05/2011","212.71","215.66","212.71","215.66","6911.25"
"16/05/2011","216.65","220.59","211.92","212.81","13447.79"
"17/05/2011","212.71","214.63","211.73","211.73","3027.1"
"18/05/2011","217.63","217.63","212.71","212.71","1576"
"19/05/2011","209.46","213.6","209.46","209.85","6402.5"
"20/05/2011","209.85","214.68","209.85","214.68","2882.9"
"23/05/2011","211.33","214.68","211.33","211.78","5209.33"
"24/05/2011","212.22","216.65","212.22","214.24","20585.48"
"25/05/2011","216.65","218.62","216.55","218.62","14424.66"
"26/05/2011","220.19","222.95","219.6","219.6","29939.94"
"27/05/2011","223.05","223.05","218.62","218.62","7038.18"
"30/05/2011","218.72","218.72","218.62","218.62","294.48"
"31/05/2011","218.62","218.62","216.65","216.65","1292.69"
"01/06/2011","215.66","215.66","213.7","213.7","11809.84"
"02/06/2011","215.17","215.17","213.89","213.89","2892.04"
"03/06/2011","216.65","216.65","212.76","212.76","3056.55"
"06/06/2011","212.81","213.7","212.71","213.7","2061.39"
"07/06/2011","216.65","216.65","212.22","212.42","2202.54"
"08/06/2011","212.71","214.63","212.71","214.63","221.37"
"09/06/2011","213.7","214.68","212.71","212.71","2282.76"
"10/06/2011","212.22","216.65","212.22","216.65","1517.1"
"13/06/2011","218.62","218.62","214.68","214.68","3990.77"
"14/06/2011","212.71","216.55","212.71","216.55","3194.65"
"15/06/2011","211.82","215.42","211.82","215.42","518.9"
"16/06/2011","211.92","213.7","211.87","212.71","21387.7"
"17/06/2011","211.92","214.68","211.73","211.73","7317.43"
"20/06/2011","212.71","212.71","205.42","205.42","4393.91"
"21/06/2011","206.36","206.8","199.91","199.96","14096.67"
"22/06/2011","200.01","206.7","198.92","200.4","20434.18"
"23/06/2011","203.36","209.26","203.36","203.36","24193.43"
"24/06/2011","203.36","208.67","203.36","203.85","28217.71"
"27/06/2011","203.85","209.76","202.37","202.37","12429.28"
"28/06/2011","203.85","204.44","199.91","199.91","357690.06"
"29/06/2011","207.05","207.05","194","194","375084.95"
"30/06/2011","203.45","204.85","198.05","200","375359"
"01/07/2011","207.5","207.5","198.5","202","1034"
"04/07/2011","199","205.9","199","204","113"
"05/07/2011","203","203","200","200.05","415"
"06/07/2011","200","202.9","200","202.9","1481"
"07/07/2011","203","208","203","208","35651"
"08/07/2011","203","208","203","204.5","349"
"11/07/2011","204.5","207","204.5","207","7690"
"12/07/2011","202","202.3","200","200","2153"
"13/07/2011","200.05","203.95","200.05","203.9","67"
"14/07/2011","200.05","200.05","200","200","1621"
"15/07/2011","199","201.5","199","200","1954"
"18/07/2011","201","202.8","200","202.8","467"
"19/07/2011","200.35","202.7","200","201.95","1160"
"20/07/2011","200","201.9","200","201","324"
"21/07/2011","200","202.45","200","202","250"
"22/07/2011","200.3","202","200","200","4540"
"25/07/2011","200","200","200","200","156"
"26/07/2011","200","201.5","200","200","1529"
"27/07/2011","201.5","201.5","200","200","1406"
"28/07/2011","200","200","200","200","1994"
"29/07/2011","200","201.5","200","201.5","429"
"01/08/2011","201.5","201.5","198","198","1010"
"02/08/2011","200.95","200.95","200","200.9","581"
"03/08/2011","200","201","200","200.2","4354"
"04/08/2011","200","200","199","200","8713"
"05/08/2011","199.55","200","198.1","200","11500"
"08/08/2011","199.9","199.9","198","198.8","25314"
"09/08/2011","199.9","200","190","200","37145"
"10/08/2011","200","204.5","200","204.5","20292"
"11/08/2011","200","205","200","200.1","13851"
"12/08/2011","200.1","208","200.1","201.2","31518"
"15/08/2011","200.1","210","200.1","209","2639"
"16/08/2011","220.9","220.9","202.1","202.1","10983"
"17/08/2011","205.1","208","202","202","16149"
"18/08/2011","205","205","202.3","202.75","41146"
"19/08/2011","203","205.9","202","202","3700"
"22/08/2011","201.2","202","201.2","202","461"
"23/08/2011","202.1","202.1","202","202","23070"
"24/08/2011","202","202.5","202","202.1","5585"
"25/08/2011","203.85","203.85","202","203","44197"
"26/08/2011","201.5","206","201.5","206","26035"
"29/08/2011","203.2","210","203.2","210","33821"
"30/08/2011","212","218","212","217.4","11108"
"02/09/2011","213.15","217.4","213","217.4","119578"
"05/09/2011","217","229.8","217","227.6","9424"
"06/09/2011","229","230","227","230","39882"
"07/09/2011","230","230","221.05","226.5","24180"
"08/09/2011","226.9","226.9","217","217","4030"
"09/09/2011","216.5","222","215.5","220","12012"
"12/09/2011","215.1","219","215.1","219","3563"
"13/09/2011","215.05","218.9","215.05","218.9","648"
"14/09/2011","215.05","224.95","215.05","220","2105"
"15/09/2011","215.15","220","215.15","216.3","280"
"16/09/2011","221","221.5","210.3","210.3","11201"
"19/09/2011","210.4","217.95","210.4","217.95","1144"
"20/09/2011","211","217","211","214","2305"
"21/09/2011","214.05","215","212.2","215","82"
"22/09/2011","213.2","215","213.2","215","2707"
"23/09/2011","215","217","215","217","7707"
"26/09/2011","215.05","230","215.05","230","33969"
"27/09/2011","221.4","230","221.4","227.4","36859"
"28/09/2011","224.1","227.95","224.1","227.3","20327"
"29/09/2011","219.65","226.75","219.65","226.75","1011"
"30/09/2011","221","227","221","227","29544"
"03/10/2011","226.9","226.9","222.1","222.1","1026"
"04/10/2011","222.3","227","222.05","222.05","7225"
"05/10/2011","222","223","222","223","1995"
"06/10/2011","225","226.4","222.1","226.4","2689"
"07/10/2011","220.2","223","220.2","223","3410"
"10/10/2011","217","217","217","217","2591"
"11/10/2011","217.5","220","217","217","2947"
"12/10/2011","215.5","217.5","215.5","217","2164"
"13/10/2011","216","216.45","215.6","216.45","6107"
"14/10/2011","215","220","215","220","1501"
"17/10/2011","217","219.95","215.2","216.05","3686"
"18/10/2011","216","216.05","215","215","270420"
"19/10/2011","215","215","213","215","8820"
"20/10/2011","215","215.05","215","215","15366"
"21/10/2011","215","215","214","214","6764"
"24/10/2011","212.55","215.5","212.55","215.5","22258"
"25/10/2011","214.05","214.1","213","213","1933"
"26/10/2011","212.5","213.05","212.5","213.05","2574"
"27/10/2011","213","213.05","213","213","346"
"28/10/2011","213","213","212.5","212.5","16656"
"31/10/2011","215","215","215","215","20"
"01/11/2011","212.25","212.45","210","210","25017"
"02/11/2011","211","213.8","205.1","209","8157"
"03/11/2011","207.5","214.5","207.5","213.5","3705"
"04/11/2011","210.5","215","210.5","215","2620"
"09/11/2011","210","210.1","210","210","696"
"10/11/2011","208.5","214.9","208.5","214.9","9"
"11/11/2011","210.1","214","210.1","214","1320"
"14/11/2011","210.1","210.1","209","210","6414"
"15/11/2011","210","210.1","210","210.1","1680"
"16/11/2011","210.2","211","209.1","211","471"
"17/11/2011","210","210","209.1","209.1","409"
"21/11/2011","209.1","216","208.5","216","3908"
"22/11/2011","206.1","214.85","206.1","207.6","773"
"23/11/2011","207.6","210","207.6","207.65","7550"
"24/11/2011","207.6","210.5","207.6","207.8","2341"
"25/11/2011","207.7","207.8","202","202","21438"
"28/11/2011","203.15","203.15","203.1","203.1","4300"
"29/11/2011","203.3","208.7","203.3","208.7","131"
"30/11/2011","203","206","203","203.15","1852"
"01/12/2011","206","210","203.15","204","9739"
"02/12/2011","204","208","203.5","208","4853"
"05/12/2011","204","207.5","203.55","203.55","1136"
"06/12/2011","203","208","203","203.55","3121"
"07/12/2011","204.05","210","204.05","208","474718"
"08/12/2011","211.8","220.45","207","214","26688"
"09/12/2011","214","215.9","205","205","221239"
"12/12/2011","205","214","205","213.95","785"
"13/12/2011","207.1","213.95","207.1","213.95","1184"
"14/12/2011","207","213.9","207","208","2082"
"15/12/2011","208","208","208","208","5729"
"16/12/2011","210.15","218","210.15","218","105365"
"19/12/2011","218.8","219.95","216","217","12052"
"20/12/2011","215","225","215","222","119178"
"21/12/2011","222","224.95","218","224","2584"
"22/12/2011","224.85","224.95","217","217","88578"
"23/12/2011","217.1","220","212","217","62319"
"26/12/2011","210","217","210","216","83683"
"27/12/2011","211","215.5","203.05","203.05","86283"
"28/12/2011","206","214.25","206","214.25","279844"
"29/12/2011","215","227.1","213.1","227.1","731736"
"30/12/2011","225","225","213.5","213.5","240444"
"02/01/2012","219.95","219.95","211","211","322"
"03/01/2012","214","214","207","207","824"
"04/01/2012","210","213.9","208","213.9","5296"
"05/01/2012","213.85","213.85","205","205","12040"
"06/01/2012","210","210","203","203","15388"
"09/01/2012","206","206","202","202.05","6488"
"10/01/2012","203.1","208","203.1","208","11609"
"12/01/2012","208","209","203.1","203.1","10220"
"13/01/2012","203.2","205","201.2","201.2","14415"
"16/01/2012","205","205","203.5","204","746"
"17/01/2012","202.5","204.9","202.5","204","12635"
"18/01/2012","204","204.2","202.6","204.2","6498"
"19/01/2012","204","206.05","204","206.05","9249"
"20/01/2012","206","206.55","204.4","206.55","11102"
"23/01/2012","207.8","207.8","205.5","205.5","83"
"24/01/2012","206.1","209","206","209","8216"
"25/01/2012","209.65","209.65","206.1","209","77"
"26/01/2012","206.95","207","206","206.1","6025"
"27/01/2012","205","210","205","210","16280"
"30/01/2012","206.15","210","206.15","210","4707"
"31/01/2012","208.1","212","208.1","212","28587"
"01/02/2012","212","212.9","210","212","13540"
"02/02/2012","210","212","210","212","471"
"03/02/2012","211","219.95","200","200","124853"
"08/02/2012","212.5","218","212.5","216.9","5477"
"09/02/2012","216.95","216.95","212","212","1567"
"10/02/2012","214","214","210","211.95","5957"
"13/02/2012","210","210","208","208.05","2226"
"14/02/2012","207.2","210","207.2","207.6","5694"
"15/02/2012","207.45","209.5","207.45","207.65","12533"
"16/02/2012","205.6","208","205.6","208","9746"
"17/02/2012","208","211.5","208","211.5","9148"
"20/02/2012","208.15","209","208.15","208.5","1075"
"21/02/2012","207.7","209","207.7","209","314"
"22/02/2012","209","211","209","211","12410"
"23/02/2012","210","211","204.1","205","148359"
"24/02/2012","205","209","205","205.5","511"
"27/02/2012","205.5","208.5","200.15","207.95","6017"
"28/02/2012","207","207","207","207","397"
"29/02/2012","204","206.95","203.6","203.6","2384"
"01/03/2012","203.9","206","203.9","205","7863"
"02/03/2012","202.2","207","202.2","202.5","3700"
"05/03/2012","202.5","205.95","202.05","204.85","2698"
"06/03/2012","204.5","204.95","203.1","203.1","6070"
"07/03/2012","204.5","204.85","203.5","204.85","10418"
"08/03/2012","205.05","206.5","205.05","206","14519"
"09/03/2012","206.4","206.4","205","206","307"
"12/03/2012","204","205","202","202","1970"
"13/03/2012","204","204","203.05","203.05","4408"
"14/03/2012","204","204","203","203","834"
"15/03/2012","205","208","203.15","208","33139"
"16/03/2012","207.95","207.95","202","202","6409"
"19/03/2012","205.95","205.95","202.5","205","2187"
"20/03/2012","205","205","203","203.5","6072"
"21/03/2012","204","204.5","203.5","204.5","12710"
"22/03/2012","204.5","205","204.5","205","3500"
"23/03/2012","202.55","205","202.55","204","5441"
"26/03/2012","203","206.7","203","206.7","15104"
"27/03/2012","206","207","204","207","49188"
"28/03/2012","203.65","203.8","203.65","203.7","268"
"29/03/2012","206.4","206.4","205","206","10500"
"30/03/2012","206","206","204.1","205.5","22859"
"02/04/2012","203","204","203","204","303"
"03/04/2012","202.75","203.5","200.1","200.1","1173526"
"04/04/2012","200.15","202","196","200","23011"
"05/04/2012","200","203","199.95","199.95","868"
"06/04/2012","199.95","199.95","199.95","199.95","52"
"09/04/2012","196.5","199","196.5","199","3581"
"10/04/2012","197.1","199.5","197","199.5","2321"
"11/04/2012","200","200","199.9","199.9","5906"
"12/04/2012","199","199","199","199","7245"
"13/04/2012","197","198","190.05","198","26008"
"16/04/2012","191.2","199","191.2","198","361"
"17/04/2012","197","198.6","197","198.6","13490"
"18/04/2012","197","199.95","194","199.95","18248"
"19/04/2012","199","199","194.2","199","2838"
"20/04/2012","195","197.9","195","197.9","1058"
"23/04/2012","197","197.4","197","197.4","152070"
"24/04/2012","195.05","198","195","195","4047"
"25/04/2012","195.5","198","195.5","198","715"
"26/04/2012","197","197.05","197","197","38325"
"27/04/2012","195","197","194","194","23106"
"30/04/2012","197.8","197.8","194","197","19807"
"02/05/2012","194","196.95","193","196.95","3577"
"03/05/2012","193","196.5","193","195","13432"
"04/05/2012","197","197","193.15","196.9","17300"
"07/05/2012","193.4","193.4","193.1","193.1","1449"
"08/05/2012","193.35","195","193.25","195","800"
"09/05/2012","193.05","195","193.05","195","360"
"10/05/2012","194.9","194.9","193.1","193.1","6069"
"11/05/2012","194.5","194.5","192","192","6153"
"14/05/2012","191.05","191.05","190","190","87"
"15/05/2012","181.05","183.1","180","180","16841"
"16/05/2012","180","180","169.2","169.2","16675"
"17/05/2012","169.3","169.3","165","165","6916"
"18/05/2012","170","170","159.1","160","147542"
"21/05/2012","165","169.6","165","169.6","14224"
"22/05/2012","179.75","179.75","179.75","179.75","3766"
"23/05/2012","183","190.5","183","190","72014"
"24/05/2012","194.9","194.9","190","190","14934"
"25/05/2012","190","191","186.2","190","32043"
"28/05/2012","190","199.5","189","199.5","50550"
"29/05/2012","197","204.9","197","200","22554"
"30/05/2012","200","204","198.5","201","4938"
"31/05/2012","201","201","199.8","201","1148"
"01/06/2012","202","202","200","202","4693"
"04/06/2012","203","203","200","201","5486"
"05/06/2012","200","202","199","201.95","4750"
"06/06/2012","201.95","201.95","200","201.9","1450"
"07/06/2012","201.9","202.9","200.5","202","11791"
"08/06/2012","202.5","204","200","203.8","5700"
"11/06/2012","203.7","203.7","200","203.2","3370"
"12/06/2012","201","201.95","200.5","201","3822"
"13/06/2012","202","202.5","202","202.5","3910"
"14/06/2012","202.5","202.5","200","200","34540"
"15/06/2012","201","202","201","201","23513"
"18/06/2012","200.9","200.9","200","200","1176"
"19/06/2012","200","200","200","200","900"
"20/06/2012","200","200","200","200","220"
"21/06/2012","201.5","201.5","199.9","199.9","4658"
"22/06/2012","194","194","194","194","1179"
"25/06/2012","192.05","199","192.05","192.15","3407"
"26/06/2012","192.05","195","185","192","4416811"
"27/06/2012","194.75","194.75","190.25","193","84"
"28/06/2012","193","194","193","193","218928"
"29/06/2012","190.05","190.05","190","190","967"
"02/07/2012","190","193.4","185","193.4","3215"
"03/07/2012","182","187.05","182","185.65","3479"
"04/07/2012","189.95","190","182.5","182.5","22917"
"05/07/2012","182","187.2","182","187.2","405"
"06/07/2012","186.9","186.9","180","180","5529"
"09/07/2012","186","186.9","182.1","182.1","514"
"10/07/2012","182.15","182.15","180","180","828"
"11/07/2012","185","185","175","178","2407"
"12/07/2012","183.4","183.5","178","179","2772"
"13/07/2012","178","180","177.6","177.6","10868"
"16/07/2012","183.5","183.5","180","180","8030"
"17/07/2012","183","183","178","180","7628"
"18/07/2012","183","184.9","181","184.9","12715"
"19/07/2012","180.1","180.1","180","180","3600"
"20/07/2012","178","184","178","180","2560"
"23/07/2012","179.3","179.5","179.3","179.5","166"
"24/07/2012","180","180","179","179","145"
"25/07/2012","178.55","180","178.2","180","2603"
"26/07/2012","180","180","178.3","178.3","10290"
"27/07/2012","178.5","179","178","178","2141"
"31/07/2012","177.8","178","168","168","9897"
"01/08/2012","165","176.95","165","176.95","28255"
"02/08/2012","177","180","177","180","9291"
"03/08/2012","184.5","184.5","182","182","860"
"06/08/2012","179.05","179.5","175.05","175.05","445"
"07/08/2012","181.8","181.8","172.6","172.6","4591"
"08/08/2012","175","179.95","175","175","559"
"09/08/2012","175","175","175","175","25"
"13/08/2012","175","176","173","176","47"
"15/08/2012","176","178.95","176","177","3605"
"16/08/2012","174","180","174","179.8","230"
"17/08/2012","173.05","179","173.05","175","637"
"22/08/2012","170.25","179","170.25","171.2","3991"
"23/08/2012","172.2","172.2","171","171","667"
"24/08/2012","179.9","179.9","179.9","179.9","2000"
"27/08/2012","171","178.8","171","171","253"
"28/08/2012","171.25","178.4","171.1","172.15","1239"
"29/08/2012","171.4","177.5","171.4","176.95","1501"
"30/08/2012","176.95","178","173","178","6068"
"31/08/2012","179","180","175.05","180","4416"
"03/09/2012","173.15","180","173.15","176.05","3904"
"04/09/2012","175.05","184","175.05","184","6039"
"05/09/2012","177.15","184.5","177.15","179.5","5800"
"06/09/2012","179","179","177.15","177.6","1585"
"07/09/2012","177","177.6","177","177","565"
"10/09/2012","177.1","179.5","177","179.4","3702"
"12/09/2012","175.1","179.4","175","176","3481"
"13/09/2012","179.2","179.2","175.05","175.05","762"
"14/09/2012","179","179","175.15","178.4","1303"
"17/09/2012","178.4","179","178.4","179","6725"
"18/09/2012","176","176","176","176","51"
"19/09/2012","176.05","180","176","180","3338"
"20/09/2012","176.4","180","176.4","180","21122"
"21/09/2012","180","180","179.5","180","43576"
"24/09/2012","180","180","176.5","176.5","24926"
"25/09/2012","177","177","167","169.15","94873"
"26/09/2012","168","168","168","168","3800"
"27/09/2012","174.9","174.9","168.55","168.55","1229"
"28/09/2012","167","173","167","167.2","253811"
"01/10/2012","173","174","173","174","280"
"02/10/2012","170","184","168.1","184","7317"
"03/10/2012","183.85","186.95","179","185.5","49230"
"04/10/2012","185.9","185.9","184.25","185","58809"
"05/10/2012","185","188","185","188","64761"
"08/10/2012","185.6","190","185.6","189.95","22835"
"09/10/2012","189.5","194.95","189","191","24751"
"10/10/2012","192","192","179.55","180.1","5374"
"11/10/2012","186","186","178","178","4308"
"12/10/2012","176","179.95","176","177","1482"
"15/10/2012","178","184.8","178","178.05","1468"
"16/10/2012","180","180","175.05","175.05","750"
"17/10/2012","176","180","175","175.1","4425"
"18/10/2012","184.85","184.85","175.05","175.95","3254"
"19/10/2012","175.2","175.3","175.2","175.3","13688"
"22/10/2012","175.35","183.8","175.35","183.8","1161"
"23/10/2012","182","182","177.25","177.25","482"
"24/10/2012","182","182.9","177.5","182.9","6511"
"25/10/2012","182.6","182.7","178.5","178.5","7144"
"29/10/2012","176.15","181","176.15","177.5","8144"
"30/10/2012","177.2","177.5","177.1","177.5","10025"
"31/10/2012","177.1","178","177.1","178","12"
"01/11/2012","176.7","176.7","176.6","176.6","470"
"02/11/2012","176.8","177","176.8","177","651"
"05/11/2012","176.8","179.9","176.8","179.9","565378"
"07/11/2012","180","185","180","185","5040"
"08/11/2012","185","189","185","189","2106"
"09/11/2012","185","186","185","186","5541"
"12/11/2012","181.15","185","181.15","185","180"
"13/11/2012","180","181.5","180","181.5","36600"
"14/11/2012","182.05","182.05","182","182","1689"
"15/11/2012","180.3","181","180.3","181","812"
"19/11/2012","179","181.05","179","180.05","5879"
"20/11/2012","181","181","181","181","8006"
"21/11/2012","181","184","180.1","180.1","781"
"22/11/2012","185.95","185.95","185.95","185.95","600"
"23/11/2012","185","185","185","185","100"
"27/11/2012","185","185","181.2","182","1657"
"28/11/2012","182","185.1","182","185.1","3993"
"29/11/2012","185","187","185","185.2","8033"
"30/11/2012","185.1","185.1","182.6","185","49013"
"03/12/2012","182","185","182","182.5","19215"
"04/12/2012","182","182","182","182","2198"
"05/12/2012","182.05","185","182.05","185","303"
"06/12/2012","185","187","182","187","421"
"10/12/2012","182.1","187","182.1","183.25","851"
"11/12/2012","181","186.95","181","182.5","577"
"12/12/2012","181","181","180.5","180.5","17634"
"13/12/2012","178","178.1","174.5","174.5","40068"
"14/12/2012","170.2","178.85","170.2","173.7","29865"
"17/12/2012","173.8","173.8","173.7","173.7","15"
"18/12/2012","173.05","178.5","173","178.5","976"
"19/12/2012","174.1","175.1","174.1","175.1","1944"
"20/12/2012","173.5","176","173.5","175","32572"
"21/12/2012","175.1","175.1","172.7","173","4390"
"24/12/2012","175.5","176.9","174","175.5","788"
"25/12/2012","175.6","179.9","174","174","11769"
"26/12/2012","172.7","172.7","166","170","7415"
"27/12/2012","174","174","165","165","15572"
"28/12/2012","167","170","155.1","155.1","245288"
"31/12/2012","160","160","154","160","285037"
"02/01/2013","160","164","155.9","160","30368"
"03/01/2013","160","160","159.5","160","1620"
"04/01/2013","157.1","160","157.1","159.95","960"
"07/01/2013","160","162","158.2","159.7","9898"
"08/01/2013","160","160","158.2","159.7","9180"
"09/01/2013","162.4","162.5","159.5","159.5","9564"
"10/01/2013","161.05","161.05","159","159.5","15840"
"14/01/2013","159.5","163.8","159.5","161.9","2830"
"15/01/2013","159.5","159.5","157.5","157.5","68829"
"16/01/2013","156.6","159.5","150","157.4","38699"
"17/01/2013","157.4","157.4","150.5","150.5","53565"
"18/01/2013","156.9","156.9","152","152","31342"
"21/01/2013","156","161.1","152.1","153.2","16551"
"22/01/2013","153.1","160","153.1","159.9","657"
"23/01/2013","153.05","159","153.05","155","10240"
"28/01/2013","152.6","154.9","152.6","154.9","1432"
"29/01/2013","152.6","154.8","151.05","151.05","27391"
"30/01/2013","151.15","155","151.15","154","2092"
"31/01/2013","150.05","150.05","150.05","150.05","43793"
"01/02/2013","150.3","154.75","150.3","150.3","565"
"04/02/2013","150.3","153.95","150.3","151","10171"
"05/02/2013","151.1","153.5","151","152","35441"
"06/02/2013","152","152","151","152","3339"
"07/02/2013","152","153.9","151.95","151.95","87"
"08/02/2013","152","152","151.15","151.2","12351"
"11/02/2013","152.8","153.2","151.3","153.2","680"
"12/02/2013","150","151.2","149","149","5304"
"13/02/2013","145.2","149.95","143.5","143.5","93328"
"14/02/2013","143.5","147.3","140.05","146","2020"
"15/02/2013","144","146","141.2","146","4683"
"18/02/2013","146.95","149.45","143.2","143.2","2437"
"19/02/2013","142.5","146","142.5","143.5","6304"
"20/02/2013","143.5","149","143.5","145","17782"
"21/02/2013","143","147","143","143.5","1510"
"22/02/2013","143.5","145.95","142.1","143.5","6652"
"25/02/2013","142.5","144.95","140","141.8","66808"
"26/02/2013","141.5","143.5","140.5","140.5","24407"
"27/02/2013","140.55","143","140.5","140.5","30204"
"28/02/2013","140.05","141.9","140","140","8100"
"01/03/2013","139.95","140","138.7","139.5","12261"
"04/03/2013","140","140","137","137","3492"
"05/03/2013","134.4","144.95","134.4","140","20183"
"06/03/2013","139","141.9","137.1","139.2","42494"
"07/03/2013","141.8","141.8","138","140","392"
"08/03/2013","140","140","138.5","138.5","15986"
"11/03/2013","141","145","138.5","145","73217"
"12/03/2013","148","153.7","148","153.7","9016"
"13/03/2013","158.5","161","158","159","69256"
"14/03/2013","158","158.85","158","158","75181"
"15/03/2013","158","161","156.5","160","153844"
"18/03/2013","159","163.9","159","162.1","64504"
"19/03/2013","162.1","162.6","160.7","162.1","37741"
"20/03/2013","162.1","164.05","161.6","164.05","21800"
"21/03/2013","164.1","170","164.1","170","69924"
"22/03/2013","171.1","171.8","170","170","81769"
"25/03/2013","170","172","166","170","27999"
"26/03/2013","171","171","169","170","866"
"27/03/2013","170","170","168","170","13467"
"28/03/2013","170","170","168.4","170","2556"
"29/03/2013","170","171","169.1","170","5811"
"01/04/2013","170","171","169.9","171","33188"
"02/04/2013","170","173","169.2","173","16565"
"03/04/2013","170","170.05","169.5","170","61300"
"04/04/2013","170","175","169.05","175","35309"
"05/04/2013","173","177","173","177","6533"
"08/04/2013","179.95","182","178","182","12791"
"09/04/2013","180.5","182","176.05","180","18502"
"10/04/2013","177.25","182","177.25","182","40433"
"11/04/2013","180","184.5","180","182","35539"
"12/04/2013","180.05","184","180.05","184","26024"
"15/04/2013","184","186","184","186","6405"
"16/04/2013","186.05","188","186","188","10372"
"17/04/2013","187","188","186","188","6920"
"18/04/2013","186.1","188","185.5","188","41125"
"19/04/2013","189.95","190","188","189.9","14558"
"22/04/2013","190","191","190","190","7723"
"23/04/2013","186.5","190.9","186","190","276916"
"24/04/2013","189","190","188.5","190","26847"
"25/04/2013","190","192","189.05","192","15772"
"26/04/2013","190.65","194","190.3","193","26003"
"29/04/2013","192","195","192","194.95","32183"
"30/04/2013","194","195","190.1","194","62503"
"02/05/2013","191.5","194","191.5","194","9050"
"03/05/2013","194","194","192.3","194","25691"
"06/05/2013","194","196","194","196","10035"
"07/05/2013","196","196","195.95","195.95","23448"
"08/05/2013","195","196","194.5","196","18261"
"09/05/2013","194","197.5","194","197.5","6396"
"10/05/2013","197.5","198","197","197.5","1291"
"13/05/2013","197.5","198","197.5","198","4288"
"14/05/2013","197.1","199","194.1","194.1","27981"
"15/05/2013","199","199","196.1","197","3937"
"16/05/2013","198.75","198.75","198.75","198.75","200"
"17/05/2013","197","197","197","197","7837"
"20/05/2013","198","198","195.3","197","13580"
"21/05/2013","195.5","197","195.5","196.5","10053"
"22/05/2013","196.1","198","196","198","32580"
"23/05/2013","195","197.5","195","197.5","9634"
"24/05/2013","197","197.6","196.5","196.5","18624"
"27/05/2013","196.3","196.5","196","196.5","9961"
"28/05/2013","196.55","197","196","196.5","7378"
"29/05/2013","196.5","198","195.5","198","6945"
"30/05/2013","197.9","198","197.9","198","1400"
"31/05/2013","198","199","198","198","24400"
"03/06/2013","198","199","198","199","8356"
"04/06/2013","199","200","198.5","199","6488"
"05/06/2013","199.9","200","199.6","200","12502"
"06/06/2013","199.2","200","199.2","200","8091"
"07/06/2013","200","200","200","200","6000"
"10/06/2013","200","201","199.65","201","4420"
"11/06/2013","201","201","200.55","201","1900"
"12/06/2013","201","201","200.6","201","1700"
"13/06/2013","201","201","200.6","201","5362"
"14/06/2013","201","201","200.35","201","1042"
"17/06/2013","201","201","199","200","30021"
"18/06/2013","200","201.5","200","201.5","17645"
"19/06/2013","200.5","201.5","199.5","200","1797974"
"20/06/2013","200","200.9","199.25","200.9","4657"
"21/06/2013","200","200","199","200","19350"
"24/06/2013","200","200","197","200","28820"
"25/06/2013","200","200","197.2","200","5460"
"26/06/2013","199.75","200","199","200","104543"
"27/06/2013","200","200","200","200","18086"
"28/06/2013","199.5","200","198","200","37269"
"01/07/2013","200","200.05","200","200.05","9434"
"02/07/2013","200","200.95","200","200.95","2263"
"03/07/2013","200","200","200","200","1200"
"04/07/2013","200","200","195.5","200","4343"
"05/07/2013","200","200","199.2","200","8875"
"08/07/2013","199.5","200","199.5","200","211"
"09/07/2013","199","200","198.6","200","4564"
"10/07/2013","200","200","200","200","2000"
"11/07/2013","200","200","199","200","2384"
"12/07/2013","199.9","200","199.9","200","804"
"15/07/2013","199.05","200","199.05","200","1025"
"16/07/2013","199.95","199.95","199","199","115254"
"17/07/2013","199","200","198.5","200","13672"
"18/07/2013","199.05","200","199","200","2047"
"19/07/2013","199","200","198.5","200","5225"
"22/07/2013","199","200","199","200","3320"
"23/07/2013","199","200","199","200","4500"
"24/07/2013","199","200","199","200","1505"
"25/07/2013","199.05","199.95","199.05","199.95","23417"
"26/07/2013","199.95","200","196.5","200","41655"
"29/07/2013","197","197","193","193","49302"
"31/07/2013","198","198","198","198","1500"
"01/08/2013","198","198","198","198","2430"
"02/08/2013","198","199.95","198","199.95","2032"
"05/08/2013","199.9","200","199.9","200","5260"
"06/08/2013","198.7","200","198.7","200","1093"
"07/08/2013","200","200","199.1","200","835"
"08/08/2013","198.15","200","198.15","200","1055"
"12/08/2013","198","200","198","200","447"
"13/08/2013","199.2","200","199.2","200","2500"
"15/08/2013","199.5","199.5","198","198","1000"
"16/08/2013","199.95","199.95","196","196","35500"
"19/08/2013","196","198","194.05","194.05","26349"
"22/08/2013","194.5","199","194.5","196","1569"
"23/08/2013","199","199","196","198","5000"
"26/08/2013","198","198","198","198","3314"
"27/08/2013","196.5","198.95","196.5","198.5","809"
"28/08/2013","198.8","199","196.5","198.7","700"
"29/08/2013","196.5","198","196","198","7606"
"30/08/2013","195","198","195","198","1502"
"02/09/2013","198","198","198","198","500"
"03/09/2013","196.55","198","196.55","198","215"
"04/09/2013","196.3","198","196.3","198","4902"
"05/09/2013","196.5","197.95","196.5","197.95","357"
"06/09/2013","196.35","197.95","196.35","197.95","995"
"09/09/2013","196.85","197.95","196.85","197.95","2801"
"10/09/2013","197","198","196.75","198","2504"
"11/09/2013","197.95","198","197.95","198","3984"
"12/09/2013","196.6","198","196.35","198","373"
"13/09/2013","196.5","198","196","198","5643"
"16/09/2013","197.95","198","196","198","11236"
"17/09/2013","197.95","198","197","198","5500"
"18/09/2013","197.95","198","197.95","198","5295"
"19/09/2013","198","200","197.5","200","44385"
"20/09/2013","198.5","200","198.5","200","3396"
"23/09/2013","200","200","198.55","200","1552"
"24/09/2013","200","200","199","200","2000"
"25/09/2013","200","204","200","204","16741"
"26/09/2013","204","206","202","204.5","13438"
"27/09/2013","204.3","211","204.3","205","15497"
"30/09/2013","205","205","202","205","2702"
"01/10/2013","204.3","204.3","202","204","1230"
"02/10/2013","201.6","205","201.6","204.5","2880"
"03/10/2013","203","203.9","203","203.9","250"
"04/10/2013","203","204","203","204","658"
"07/10/2013","203.9","203.9","203","203.5","2830"
"08/10/2013","203.8","205.5","203.1","205","45931"
"09/10/2013","205","207","203","205","62008"
"10/10/2013","206.45","206.45","203.3","205","2227"
"11/10/2013","204.05","206.45","204.05","206.45","9353"
"14/10/2013","204.05","206.95","204.05","206.95","603"
"15/10/2013","204.6","206","204.55","206","2271"
"21/10/2013","205","205.05","205","205","4013"
"22/10/2013","205.05","205.95","204","204","1641"
"23/10/2013","205","205.95","203","205","2300"
"24/10/2013","205","205","205","205","2046"
"25/10/2013","205","205","202","205","21256"
"28/10/2013","205","211","205","205","37490"
"29/10/2013","208","208","205.2","205.9","5370"
"30/10/2013","207.2","207.2","205.35","206.5","8902"
"31/10/2013","206","206","206","206","1926"
"01/11/2013","206","207.75","205","205","25602"
"04/11/2013","205","205","205","205","350"
"07/11/2013","205.05","205.05","205.05","205.05","72"
"08/11/2013","205","210","204.5","207","39698"
"11/11/2013","205.1","210","205.1","207","127453"
"12/11/2013","206.1","207","206.1","206.1","16000"
"13/11/2013","205.7","206.5","205.7","206.5","51"
"14/11/2013","206.5","207","206","206","1511"
"15/11/2013","206","206","205.85","206","213579"
"19/11/2013","205","206.5","205","206.5","12524"
"20/11/2013","205.3","205.5","205.1","205.5","6092"
"22/11/2013","206","206","203","203","32326"
"25/11/2013","204","205","204","205","24449"
"26/11/2013","205","207.9","204.2","207.9","145281"
"27/11/2013","207.9","207.95","203.5","203.5","67502"
"28/11/2013","205","206.9","205","205","3374"
"29/11/2013","205","207","205","205","446"
"02/12/2013","205","206","205","206","36952"
"03/12/2013","206.9","206.9","206.9","206.9","25"
"04/12/2013","205","206","205","206","15706"
"05/12/2013","205.3","205.5","205","205","16825"
"06/12/2013","205","205","204.5","205","2226"
"09/12/2013","205","205","205","205","1060"
"10/12/2013","205","205.95","204.1","205","896"
"11/12/2013","205","205","204.55","205","11559"
"12/12/2013","205","205","204.5","205","6689"
"13/12/2013","205","205","204","204","11832"
"16/12/2013","204","205","203.5","205","7749"
"17/12/2013","203","204.95","203","203","1959632"
"18/12/2013","203","204","203","204","4631"
"19/12/2013","203.5","203.5","202.5","202.5","25931"
"20/12/2013","202.5","203","201","203","31741"
"23/12/2013","203","203","202.5","203","1991"
"24/12/2013","203","203","202.5","203","1488"
"25/12/2013","202.5","203","202","203","10274"
"26/12/2013","202","203.5","202","203","13086"
"27/12/2013","202.5","203.5","202","202","25987"
"30/12/2013","202","203","202","202","3835"
"31/12/2013","203","204.5","202","204.5","64340"
"02/01/2014","203","204.5","203","204.5","450"
"03/01/2014","204.5","205","204.5","205","210"
"06/01/2014","204","205","204","205","1806"
"07/01/2014","204.1","205","204.1","205","5046"
"08/01/2014","205","205","204.3","205","575"
"09/01/2014","204.2","205","204.2","205","10173"
"10/01/2014","204.3","205","204.3","205","4070"
"13/01/2014","204.5","206","204.5","205.5","7020"
"16/01/2014","205","205","205","205","1786"
"17/01/2014","204.3","205","204.3","205","105"
"20/01/2014","204.3","205","204.3","205","6847"
"21/01/2014","205.5","205.5","205","205","7520"
"22/01/2014","204","204","202.5","202.5","12180"
"23/01/2014","203.5","203.5","202","202","6555"
"24/01/2014","202","205.05","200.95","202","11217"
"27/01/2014","202","203","200","202.2","13019"
"28/01/2014","202","204","200","201.5","20200"
"29/01/2014","201.5","203","201.5","202","4330"
"30/01/2014","201.05","202","200.6","201.5","5048"
"31/01/2014","201.5","202","200.6","202","65924"
"03/02/2014","203.45","203.5","202","203.5","1214"
"04/02/2014","202","204","202","203","3420"
"05/02/2014","202.5","203","202","202","945903"
"06/02/2014","202.1","202.1","202","202","2802"
"07/02/2014","201.6","203","201.6","203","499"
"10/02/2014","201.6","203","201.6","203","1476"
"11/02/2014","203","203","203","203","40959"
"12/02/2014","201.6","202.5","201.6","202.5","3630"
"13/02/2014","201.6","203.5","201.6","203.5","757"
"14/02/2014","201.75","204","201.75","204","989"
"17/02/2014","201.6","204","201.6","204","2120"
"18/02/2014","202","204.8","202","204.7","1008"
"19/02/2014","203.1","205","203.1","205","1305"
"20/02/2014","202.5","203","202.5","203","638"
"21/02/2014","203","203.5","202.6","203.5","7548"
"24/02/2014","204","205","203.5","205","485"
"25/02/2014","204","204","203.5","204","912"
"26/02/2014","204","205","204","205","827"
"27/02/2014","204","204","204","204","5619"
"28/02/2014","204","208","202.5","208","50277"
"03/03/2014","204","206","203.25","206","2646"
"04/03/2014","206","206","204","204","2290"
"05/03/2014","205.2","207","204","207","78583"
"06/03/2014","208","209.9","207.5","209.4","6592"
"07/03/2014","209.8","210","208.5","210","129903"
"10/03/2014","206.25","210","206.25","210","1958"
"11/03/2014","207","210","207","210","2814"
"12/03/2014","210","210","208","210","328"
"13/03/2014","208.1","210","208.1","210","5675"
"14/03/2014","210","213","207.3","213","12754"
"17/03/2014","209.1","210","209.1","210","408"
"18/03/2014","210","210","210","210","602"
"19/03/2014","210","210","209.2","210","3043"
"20/03/2014","210","213","210","213","8717"
"21/03/2014","210.1","212","210.1","210.15","10110"
"24/03/2014","214","214","212","212","2655"
"25/03/2014","212","212.5","212","212","15915"
"26/03/2014","212","213","212","212","319"
"27/03/2014","213","214","210.55","211","21222"
"28/03/2014","210.05","210.15","210.05","210.15","219"
"31/03/2014","210.05","210.1","209","209","10592"
"01/04/2014","209","210","209","210","4260"
"02/04/2014","210","210","208","208","1105"
"03/04/2014","209","209","209","209","14"
"04/04/2014","209.05","210","209","210","3366"
"07/04/2014","210","210","210","210","573"
"08/04/2014","210","210","209.45","210","6092"
"09/04/2014","210","211","209.45","211","626"
"10/04/2014","210","211","210","210","2551"
"11/04/2014","212","212","209.4","212","7560"
"14/04/2014","210","211","209.55","209.55","61237"
"15/04/2014","210","210","210","210","500"
"16/04/2014","210","210","210","210","28"
"17/04/2014","209.5","210","209.4","210","2171"
"18/04/2014","210","210","209.2","209.2","404"
"21/04/2014","209.2","209.2","209.2","209.2","100"
"22/04/2014","209.5","209.5","209.2","209.5","755"
"23/04/2014","209.7","210","209.6","210","3043"
"24/04/2014","209.6","209.95","209.6","209.9","2057"
"25/04/2014","209.5","209.5","209","209","783"
"28/04/2014","208.5","209","208.5","209","408"
"29/04/2014","209","209","209","209","300"
"30/04/2014","208","209.9","208","208.5","6382"
"02/05/2014","208","209.95","208","209.95","2113"
"05/05/2014","208.5","209.9","208.5","209.9","1462"
"06/05/2014","208.5","208.5","208.5","208.5","55"
"07/05/2014","208.5","209.85","208.5","209.85","800"
"08/05/2014","208.5","209.9","208.5","209.9","363"
"09/05/2014","209.9","209.9","209.8","209.9","3450"
"12/05/2014","209.5","209.5","208.7","209","8073"
"13/05/2014","209.4","209.4","208.4","209","60"
"14/05/2014","208.5","209.4","208.5","209","948"
"15/05/2014","209","209","208.4","208.4","5575"
"16/05/2014","208.4","208.4","208.4","208.4","19"
"19/05/2014","208.5","208.5","208.4","208.4","6857"
"20/05/2014","208","208.5","207.5","208","6097"
"21/05/2014","208","208","207.6","207.6","918"
"22/05/2014","207.6","207.6","207","207.05","5550"
"23/05/2014","207.6","209","207.6","209","15240"
"26/05/2014","207","208.9","207","208.9","670"
"28/05/2014","207","209.5","207","209","19968"
"29/05/2014","208","208","208","208","1031"
"30/05/2014","208","210","208","210","21169"
"02/06/2014","210.95","210.95","208","208","152"
"03/06/2014","208","208","207.5","207.9","21068"
"04/06/2014","207.5","207.5","207.5","207.5","4226"
"05/06/2014","207.5","207.5","207.15","207.15","6017"
"06/06/2014","207.15","209.95","207.1","209.95","721"
"09/06/2014","208.2","209.95","208","209","1393"
"10/06/2014","208","209","207.5","207.55","1111"
"11/06/2014","208","208.05","207.5","207.5","2563"
"12/06/2014","207.5","208.75","207.5","208.75","2453"
"13/06/2014","207.7","208","207.6","208","11425"
"16/06/2014","208","208","208","208","31"
"17/06/2014","208","208","207.6","208","881"
"18/06/2014","208","208","207.8","207.8","762"
"19/06/2014","207.6","208","207.6","208","3063"
"20/06/2014","208","208","207","207","52493"
"23/06/2014","207","207","207","207","507"
"24/06/2014","207","207","206.2","207","2035"
"25/06/2014","209.9","209.9","209.9","209.9","1449"
"26/06/2014","209","209","208.5","208.5","3145217"
"27/06/2014","208.95","208.95","208.95","208.95","200"
"30/06/2014","204","204","204","204","409"
"01/07/2014","204.5","207.9","204.5","207.5","1273"
"02/07/2014","204.6","204.6","204.6","204.6","870"
"03/07/2014","205","205","205","205","30"
"04/07/2014","205","205.05","205","205.05","1347"
"07/07/2014","205.05","211","205.05","211","35086"
"08/07/2014","205.15","208","205.1","208","1800"
"09/07/2014","205.05","207.9","205.05","207.9","418"
"10/07/2014","207.5","207.5","206","206","12175"
"11/07/2014","206","206","206","206","606"
"14/07/2014","206","206","206","206","425"
"15/07/2014","206","207.5","206","206","8384"
"18/07/2014","207.9","207.9","207.9","207.9","47"
"21/07/2014","206","207","206","207","1436"
"22/07/2014","206","206","206","206","1020"
"23/07/2014","207","207","207","207","100"
"24/07/2014","206","207.95","206","207.95","650"
"25/07/2014","206","207","206","207","6"
"31/07/2014","207","208","206","208","825"
"01/08/2014","207","207.5","207","207.5","6919"
"04/08/2014","208","208","207","207","720"
"05/08/2014","207","208","207","208","4471"
"06/08/2014","207","207","207","207","2"
"08/08/2014","209","209","207","208","17"
"11/08/2014","209.95","209.95","209","209","875"
"12/08/2014","207","209.5","207","207","106"
"13/08/2014","207.05","209","207.05","209","835"
"15/08/2014","207","209.8","207","209.8","3050"
"18/08/2014","207","209","207","207","964"
"19/08/2014","209.5","209.5","208.5","208.5","55010"
"22/08/2014","208.5","208.5","208.5","208.5","17000"
"25/08/2014","207","207","207","207","1560"
"26/08/2014","206.25","206.5","206.25","206.25","4808"
"27/08/2014","206.3","209","206.3","209","2485"
"28/08/2014","208","210","208","210","3273"
"29/08/2014","210","210","209.95","210","8850"
"01/09/2014","207","210","207","210","2332"
"02/09/2014","208.5","210","208.5","210","1031"
"03/09/2014","210","210","210","210","1800"
"04/09/2014","210","210","210","210","1000"
"05/09/2014","208.9","210","207","208","26210"
"08/09/2014","207.25","207.3","207.15","207.15","11345"
"09/09/2014","207.2","208","207","208","6615"
"10/09/2014","207.5","208","207","207","16126"
"11/09/2014","207","207","206.5","206.5","3312"
"12/09/2014","207","207.5","206.1","206.1","5821"
"15/09/2014","206.2","207","206.1","207","555"
"16/09/2014","206.5","206.5","206","206","34115"
"17/09/2014","207","209","207","208.7","49523"
"18/09/2014","206.2","208.7","206.05","208.7","15665"
"19/09/2014","208.9","208.9","205","207.5","45158"
"22/09/2014","207","210","207","210","14035"
"23/09/2014","210","210","208.5","210","20805"
"24/09/2014","210","210","208","210","24974"
"25/09/2014","212","215","210","215","9201"
"26/09/2014","216","217.5","212.1","217","135867"
"29/09/2014","218","227","218","222.5","8040"
"30/09/2014","220.1","220.5","220","220.2","43444"
"01/10/2014","221","221","216","219","4682"
"02/10/2014","217.05","217.05","215","215","30841"
"03/10/2014","215","216.9","215","215.5","35607"
"07/10/2014","215","216","215","215","15550"
"08/10/2014","215.5","215.5","215","215","25390"
"09/10/2014","215","216","215","216","915"
"10/10/2014","215.1","215.1","215","215","22378"
"13/10/2014","214.05","217","214.05","217","462"
"14/10/2014","215","217","215","215.5","18101"
"15/10/2014","215.5","216","215.05","216","27336"
"16/10/2014","215.05","215.1","215","215","15393"
"17/10/2014","215.05","215.55","215.05","215.55","17350"
"20/10/2014","215.5","215.6","215.5","215.5","2589"
"22/10/2014","215.95","220","215.5","215.5","6172"
"23/10/2014","215.8","215.8","215.8","215.8","150"
"24/10/2014","218","224.9","216.5","222","74715"
"27/10/2014","218.1","220","218.1","220","1525"
"28/10/2014","216","217.5","216","217.5","970"
"29/10/2014","217.6","220","217.6","220","2317"
"30/10/2014","218","224.4","218","223","115431"
"31/10/2014","224","226.25","222.05","223","12041"
"03/11/2014","223.05","226.3","223.05","225","8372"
"04/11/2014","224","224.95","224","224.95","945"
"05/11/2014","223.1","223.1","220","220.5","25551"
"07/11/2014","220.1","220.2","218","218","29286"
"10/11/2014","219.9","222","218.2","220","3295"
"11/11/2014","220","220.05","220","220.05","2066"
"12/11/2014","218.1","220.05","218.1","220","1270"
"13/11/2014","217","219.9","216.6","216.6","13604"
"14/11/2014","215.05","223","215.05","223","4515"
"17/11/2014","218.2","223.8","218.2","223.8","1259"
"20/11/2014","223","223.5","223","223.25","993"
"21/11/2014","222.95","222.95","218","218","7715"
"24/11/2014","218","218.2","217","218.2","300"
"25/11/2014","217.55","222","217.55","222","2408"
"26/11/2014","218","223","218","223","20971"
"27/11/2014","220","223","219","221.8","1079"
"28/11/2014","219.05","224","219","224","1724"
"01/12/2014","224","224","224","224","125141"
"02/12/2014","224","224","220","220","40200"
"03/12/2014","224","224","220","220","27282"
"04/12/2014","220.05","220.05","220.05","220.05","12600"
"05/12/2014","218","218","218","218","37267"
"08/12/2014","218","218","215","215","4043"
"09/12/2014","215.1","215.1","215","215","2851"
"10/12/2014","215","215.1","214.95","214.95","36694"
"11/12/2014","214.95","215","214","215","20922"
"12/12/2014","215","215.05","215","215","2810440"
"15/12/2014","218","218","212","212","28491"
"16/12/2014","214.9","218","212","215","22340"
"17/12/2014","215","218","212.5","217.4","16409"
"18/12/2014","215","216.9","212","212","13681"
"19/12/2014","211","213","209.05","210","87753"
"22/12/2014","210","211","209","211","4412"
"23/12/2014","209.1","210","208","210","12960"
"24/12/2014","210","210","210","210","940"
"25/12/2014","209.1","212.75","209","212.75","3181"
"26/12/2014","212","219.95","212","219.95","1970692"
"29/12/2014","213","213","213","213","190"
"30/12/2014","213","217","213","217","1168"
"31/12/2014","214.5","220","214","220","38389"
"02/01/2015","214","218.5","214","218.5","602"
"06/01/2015","214.1","215","214","215","440"
"07/01/2015","214.2","217.95","214.2","217.95","10115"
"08/01/2015","217","221","217","220","8996"
"09/01/2015","218.05","220","217","219.9","39791"
"12/01/2015","218","219","218","219","494"
"13/01/2015","220","225","220","225","11475"
"14/01/2015","220","220","220","220","1504"
"15/01/2015","220","220","218","218.1","1748"
"16/01/2015","225","225","225","225","3000"
"19/01/2015","228","235","220","229","12955"
"20/01/2015","221.55","226","221.55","225","58639"
"21/01/2015","224","224.5","221","221","9502"
"22/01/2015","220.3","222","220.3","221","5042"
"23/01/2015","220.3","220.3","215","220","11332"
"27/01/2015","217","218","217","218","949"
"28/01/2015","218","220","218","220","627"
"29/01/2015","216.1","220.95","216.1","220.95","3875"
"30/01/2015","220","220","219.95","219.95","65133"
"02/02/2015","218","219","218","219","1493"
"03/02/2015","216.05","219","216","219","700"
"04/02/2015","218","219.9","218","218","38638"
"05/02/2015","218","225","218","225","1530"
"06/02/2015","221","221","221","221","93"
"09/02/2015","221","225","218","225","5463"
"10/02/2015","220","225","220","225","20824"
"11/02/2015","224.95","225","223.95","223.95","19899"
"12/02/2015","223.95","225","222.9","222.9","15856"
"13/02/2015","223","228","222.1","228","154887"
"16/02/2015","226","226","225","226","33134"
"17/02/2015","226","228","225","228","2403"
"18/02/2015","226","228","225.7","226","122235"
"19/02/2015","227","227","225.75","226","131506"
"20/02/2015","227.9","229","227.5","228.95","16051"
"23/02/2015","228.95","229.9","228.5","229.9","16780"
"24/02/2015","229.9","236","229.9","236","151634"
"25/02/2015","233","238","233","238","3766"
"26/02/2015","235","238.9","235","238.9","45395"
"27/02/2015","235.5","238.5","231","231","9668"
"02/03/2015","232","237.5","231.15","234.9","817"
"03/03/2015","232.15","235","232","233","34238"
"04/03/2015","234","234","233.95","233.95","745"
"05/03/2015","233","234","233","234","4652"
"06/03/2015","233","235","233","234","8400"
"09/03/2015","234","234.9","232.1","234.9","881"
"10/03/2015","235","235","234","234","2942"
"11/03/2015","233.1","235","233.1","234","4427"
"12/03/2015","233","235","233","234","2800"
"13/03/2015","233.25","234","233","234","12354"
"16/03/2015","232","235","232","234","7840"
"17/03/2015","234","238","234","238","5020"
"18/03/2015","235","235","234","235","46279"
"19/03/2015","235","237","234","236","38916"
"20/03/2015","238","238","236","238","81244"
"23/03/2015","238","245","238","240","118648"
"24/03/2015","240","240","235","236","4451"
"25/03/2015","239","239","236","236","306"
"26/03/2015","235","240","230.3","230.3","171640"
"27/03/2015","237.5","237.5","230","230","9246"
"30/03/2015","230.1","231.1","230","230","3997"
"31/03/2015","230","235","230","230","1946"
"01/04/2015","230.05","230.05","228","228","5996"
"02/04/2015","228","228","224","224","19506"
"03/04/2015","224","225.9","220","220","13203"
"06/04/2015","218","223","218","223","43"
"07/04/2015","220","224","220","220","15855"
"08/04/2015","220","220","219","220","1250"
"09/04/2015","220","220","220","220","285"
"10/04/2015","219.5","220","219.5","220","4508"
"13/04/2015","219.5","220","219.5","220","346"
"14/04/2015","225","225","219","220","984"
"15/04/2015","218.5","224.95","218.5","220","1644"
"16/04/2015","220","220","220","220","1500"
"17/04/2015","220","220","220","220","1690"
"20/04/2015","218.5","222","218.5","220","1680"
"21/04/2015","219","224.9","218.5","220","2418"
"22/04/2015","220","222.9","219.1","219.1","444"
"23/04/2015","220","220","219.6","220","628"
"24/04/2015","220","220","219.6","220","419"
"27/04/2015","219.8","220","219.8","220","378"
"28/04/2015","220","220","219.9","220","3385"
"29/04/2015","220","223","219.6","222.5","1332"
"30/04/2015","220","220","219.5","220","2891"
"04/05/2015","220","220","219","220","9392"
"05/05/2015","220","220","220","220","80"
"06/05/2015","220","220","218","220","3194"
"07/05/2015","219.5","220","219.5","220","541"
"08/05/2015","219.5","220","219.5","220","438"
"11/05/2015","222.5","222.5","219.8","222.5","15"
"12/05/2015","219","219.05","219","219","1854"
"13/05/2015","220","220","220","220","250"
"14/05/2015","219.5","219.9","219.2","219.9","120"
"15/05/2015","220","220","219.2","220","281"
"18/05/2015","220","220","220","220","750"
"19/05/2015","219.9","219.9","219.7","219.9","2046"
"20/05/2015","219.7","219.7","217.2","217.25","1299"
"21/05/2015","219.95","219.95","219.95","219.95","2"
"22/05/2015","217.2","217.2","217.1","217.1","202"
"25/05/2015","217.15","219.9","217.15","219.9","2852"
"26/05/2015","217.15","217.15","217.15","217.15","3"
"27/05/2015","217.15","219.5","217","217","2862"
"28/05/2015","217","217","217","217","2"
"29/05/2015","217.05","222.95","217.05","222.9","35166"
"01/06/2015","224","225","222.5","225","2311"
"02/06/2015","222.5","227.5","222.5","227.5","357"
"03/06/2015","225","225","223","224","7144"
"04/06/2015","223","225","223","225","2702"
"05/06/2015","224","225.5","223.5","225","2632"
"08/06/2015","225","229","224.95","229","1105"
"09/06/2015","225","225","223.5","225","1022"
"10/06/2015","225","225","225","225","800"
"11/06/2015","225","225","223","225","1933"
"12/06/2015","225","225","224.95","225","1558"
"15/06/2015","225","225","223","225","1635"
"16/06/2015","224","225.95","224","225.95","40494"
"17/06/2015","224.5","224.5","224.5","224.5","3498"
"18/06/2015","224","224.5","223","224.5","993"
"19/06/2015","223.5","224","222","222","4558"
"22/06/2015","224.95","224.95","223","224.95","4233"
"23/06/2015","224.95","224.95","224.95","224.95","2457"
"24/06/2015","224.85","224.95","224.85","224.85","3445"
"25/06/2015","224","224","223","223","222"
"26/06/2015","219.25","222","210","220","25418"
"29/06/2015","220","220","220","220","4342051"
"30/06/2015","215.6","219.9","215.6","219.9","5169"
"01/07/2015","215.6","215.6","212.05","215","9385"
"02/07/2015","218.9","220","215","215","1250"
"03/07/2015","215","220","214.05","220","6053"
"06/07/2015","218","218","218","218","2280"
"07/07/2015","215.5","218","215","218","1794"
"08/07/2015","216","218","216","218","1099"
"09/07/2015","216","217","216","217","16540"
"10/07/2015","216.2","217","216.2","217","10200"
"13/07/2015","216.2","217","214","216.95","5002"
"14/07/2015","216","216","215.5","216","6970"
"15/07/2015","216","216","215","215","17822"
"16/07/2015","214.5","215","214","215","11528"
"20/07/2015","213.8","216","213.8","216","5624"
"21/07/2015","218","218.5","216","218.5","1170"
"22/07/2015","216","218","215","218","4550"
"23/07/2015","215.5","215.8","215","215.8","6305"
"24/07/2015","217","217","215.5","216.75","47183"
"27/07/2015","215.6","217","215.1","217","1985"
"28/07/2015","215.6","217","215.6","217","833"
"29/07/2015","217","217","215.25","217","1968"
"31/07/2015","219","219","215","217","9245"
"03/08/2015","228.9","228.9","218","220","11714"
"04/08/2015","225.8","225.8","220","224.95","668"
"05/08/2015","221","224.95","221","224.5","1178"
"06/08/2015","221","224.75","214.8","224.5","1995"
"07/08/2015","220","220","220","220","5780"
"10/08/2015","220","220","220","220","200"
"12/08/2015","218","222.5","218","222.5","820"
"13/08/2015","220","222","218","220","31634"
"17/08/2015","217.5","220","217.5","217.5","10386"
"18/08/2015","217.5","221","217","221","22185"
"19/08/2015","218","220","217.05","219.95","9455"
"24/08/2015","216.5","219.9","216.05","217","17449"
"25/08/2015","217","217","216.05","217","8145"
"26/08/2015","216","217","215.1","216","31064"
"27/08/2015","216","217","215.9","217","5236"
"28/08/2015","218","218","218","218","30000"
"31/08/2015","216","219.9","216","219.9","2724"
"01/09/2015","216.05","218","216.05","218","9424"
"02/09/2015","216.1","216.1","215.25","215.25","1508"
"03/09/2015","215.2","217.95","215.2","217.95","12000"
"04/09/2015","215.05","218","215.05","218","6662"
"07/09/2015","219.9","219.9","216","219.85","2371"
"08/09/2015","217","219.95","217","219.95","465"
"09/09/2015","217","219.45","216.05","219.45","6097"
"10/09/2015","217","219","217","217","4505"
"11/09/2015","217","217","216.5","216.5","3112"
"14/09/2015","218","218","218","218","5216"
"15/09/2015","217","217","216.5","217","10139"
"16/09/2015","217","217","217","217","2685"
"17/09/2015","217","217","216.2","216.4","39964"
"18/09/2015","215","217","210","210","51116"
"21/09/2015","214","217.7","214","217.65","22805"
"22/09/2015","217.5","220","213.15","220","26177"
"23/09/2015","215.05","219.5","215.05","215.25","1631"
"28/09/2015","215.25","219","213.25","213.25","3553"
"29/09/2015","215","218.65","214","218","11610"
"30/09/2015","215","218","215","215","3703"
"01/10/2015","218","218","215","218","1329"
"02/10/2015","215.5","216","213.5","213.5","20330"
"05/10/2015","218","218","218","218","100"
"06/10/2015","215","216","215","216","350"
"07/10/2015","215.75","217.5","213.6","215","9893"
"08/10/2015","213.7","215","213.6","215","1666"
"09/10/2015","213.6","216","213.6","216","1414"
"12/10/2015","215","218.7","215","218.7","1000"
"13/10/2015","214.45","214.5","213.05","213.1","8691"
"14/10/2015","213.1","217.45","213.1","214.5","1457"
"16/10/2015","215","215","213.1","214.95","11757"
"19/10/2015","218.85","218.85","214.5","217","2500"
"20/10/2015","215","217.9","215","217.9","250"
"21/10/2015","215","217.95","214.6","217.95","940"
"22/10/2015","215","217.65","215","216","4255"
"23/10/2015","218","218","218","218","1405"
"26/10/2015","220","220","216","218","2285"
"27/10/2015","217.95","218","214.8","218","62546"
"28/10/2015","215","217","214.95","217","26508"
"29/10/2015","215","217","215","217","2025"
"30/10/2015","214.9","215","214.6","215","7216"
"02/11/2015","215.05","217","215.05","217","648"
"03/11/2015","217.1","219.45","217.1","219.45","222"
"04/11/2015","215.1","219.5","215.1","219.5","538"
"05/11/2015","216","219.5","216","219.5","80"
"09/11/2015","215.5","219.75","214.55","219.75","3187"
"10/11/2015","215.55","219","215.05","219","4353"
"11/11/2015","219","219","216.15","217","32848"
"12/11/2015","216.55","218.9","214.5","216","6469"
"13/11/2015","216","218.5","215.2","218.5","30944"
"16/11/2015","216.5","216.5","215.05","216.5","20694"
"17/11/2015","216","216","215.5","215.5","4615"
"19/11/2015","215.05","216.5","215.05","216.5","4691"
"20/11/2015","216","218.75","215.7","218.75","3918"
"23/11/2015","216.5","218.35","216","216","4553"
"24/11/2015","218","218","218","218","5"
"25/11/2015","216","218","215","218","31632"
"26/11/2015","218","218","216","216","1959"
"27/11/2015","218","218.5","215.5","218","1455"
"30/11/2015","216","216","214.65","215","32005"
"01/12/2015","216","217.8","215","215","9359"
"02/12/2015","215","217.3","215","215","6538"
"03/12/2015","215","216.95","214.6","215","3968"
"04/12/2015","216","216.9","216","216.5","3038"
"07/12/2015","215","216.9","215","215","4343"
"08/12/2015","216","216.8","216","216.8","200"
"09/12/2015","216.8","216.8","215","215","51503"
"10/12/2015","215","216.5","214.8","214.9","3940"
"11/12/2015","215","216.7","214.8","216.7","1420"
"14/12/2015","216.8","216.8","215","215","3795"
"15/12/2015","214.8","216.8","214.8","215","9383"
"16/12/2015","217.95","217.95","214.9","214.9","3003"
"17/12/2015","215","217.45","214.5","214.5","7259"
"18/12/2015","214.1","217","214.1","217","53734"
"21/12/2015","215","215","213.6","214.5","6357"
"22/12/2015","215","215","214","214","13245"
"23/12/2015","214","214.5","214","214","30480"
"28/12/2015","215","215","213","213","77649"
"29/12/2015","213","214","210","213","1669313"
"30/12/2015","211","213.95","210.5","213.8","886"
"31/12/2015","213","214","212.95","214","54429"
"04/01/2016","216.9","216.9","214.8","214.8","3352"
"05/01/2016","214","214","212","213.3","4621"
"06/01/2016","213","213.3","212","212","34172"
"07/01/2016","212","212","211.8","212","4828"
"08/01/2016","212","212","211.8","212","705"
"12/01/2016","211.7","213.5","211.7","213.5","1905"
"13/01/2016","212","213.5","212","213.5","2865"
"14/01/2016","213.9","213.9","212","212","14451"
"15/01/2016","211.8","212.95","211.8","212","2025"
"18/01/2016","212.2","212.2","211.8","212","7161"
"19/01/2016","212","212.95","211.7","211.7","5403"
"20/01/2016","211.7","212","211.7","212","7400"
"21/01/2016","211.5","212","211.5","212","752"
"22/01/2016","212","212","211.5","212","10292"
"25/01/2016","211.7","212","211.7","212","598"
"26/01/2016","211.75","212","211.6","212","7755"
"27/01/2016","211.5","212","211.5","211.5","5082"
"28/01/2016","212","212","211.5","212","8865"
"29/01/2016","211.8","212","210","210.9","22121"
"01/02/2016","209","211.95","209","211.95","1141"
"02/02/2016","212","212","209","209","31084"
"03/02/2016","209.05","209.55","208.85","208.85","2997"
"04/02/2016","209","209","208.85","208.85","121"
"05/02/2016","207","208.95","203","208.95","47269"
"08/02/2016","208.9","208.9","205","207.5","14361"
"09/02/2016","205.05","207.95","202","207.95","34291"
"10/02/2016","203.15","206.85","202.9","202.9","48007"
"11/02/2016","207","207","202.1","203","12614"
"12/02/2016","206.9","206.9","203.4","203.4","2699"
"15/02/2016","206.95","206.95","201","201","48086"
"16/02/2016","200.2","206.6","200.2","203.9","1545"
"17/02/2016","200.2","203.65","200.2","200.3","13374"
"18/02/2016","200","203","200","201","1140"
"19/02/2016","203.95","204.5","201","204.5","1540"
"22/02/2016","206.9","206.9","203","205.95","720"
"23/02/2016","205","206.8","205","205","14485"
"24/02/2016","206.8","206.8","206.8","206.8","400"
"25/02/2016","202","206.9","201","201","447"
"26/02/2016","202.05","202.05","201","201.5","736"
"29/02/2016","208","208","200.1","200.1","3250"
"01/03/2016","200.5","200.5","200.1","200.35","5655"
"02/03/2016","205.25","205.8","203","205.8","9948"
"03/03/2016","203","206","203","206","3426"
"04/03/2016","205","207","204","207","7069"
"08/03/2016","202.5","202.5","201","201.2","350"
"09/03/2016","202","206","202","206","2514"
"11/03/2016","203","206","203","206","10520"
"15/03/2016","206","206","203.1","206","4638"
"16/03/2016","203.1","208","203.1","208","9275"
"17/03/2016","208","210","204.05","204.05","24830"
"18/03/2016","210","210","205.6","205.6","3676"
"21/03/2016","209.9","209.9","209.9","209.9","3"
"22/03/2016","205.5","214.9","205.5","214.9","38901"
"23/03/2016","212","213.9","212","213.9","19616"
"24/03/2016","215","215","212.85","212.85","1754"
"25/03/2016","212","215","210","215","32472"
"28/03/2016","210.1","212.6","207.5","212","82880"
"29/03/2016","211.9","211.9","206","206","5217"
"30/03/2016","207","207","203","206.5","21102"
"01/04/2016","209","209","203","208","20282"
"04/04/2016","209","209","204.1","208.45","110"
"05/04/2016","204.25","206","204.25","206","52"
"06/04/2016","208.3","208.4","204.5","208","1996"
"08/04/2016","203.95","203.95","203.95","203.95","30075"
"11/04/2016","203.95","206.5","200.15","202.15","525"
"12/04/2016","203.95","205.8","200","200","65280"
"13/04/2016","204","204","204","204","5"
"14/04/2016","201","204","200","200","18319"
"15/04/2016","203","204.75","199.1","202","5833"
"18/04/2016","202.05","202.5","201","201","70"
"19/04/2016","202.5","202.5","200","200","1171"
"20/04/2016","200","201","200","201","12904"
"21/04/2016","200","200","200","200","3006"
"22/04/2016","201","202.9","201","202.9","436"
"25/04/2016","198.35","202.85","198.35","200","8060"
"26/04/2016","200","203.8","200","201","10798"
"27/04/2016","201.05","204","201.05","204","6939"
"28/04/2016","204","207","204","207","6706"
"29/04/2016","207.6","216","207","215","106316"
"02/05/2016","209","217","209","211.25","255"
"03/05/2016","215","215","212.5","212.5","11819"
"04/05/2016","211","212.5","211","212.4","30"
"05/05/2016","215","215","212","212.5","371"
"06/05/2016","214","214","212","213","2818"
"09/05/2016","208.2","215","208.2","214","81191"
"10/05/2016","209.05","215","209.05","215","1524"
"11/05/2016","215","215","210","215","803"
"12/05/2016","210.35","215","210.35","215","121"
"13/05/2016","215","215","210.2","215","20041"
"16/05/2016","210.2","214.2","209.05","209.05","1074"
"17/05/2016","209","209","208","208","1300"
"18/05/2016","208","213","208","213","23336"
"20/05/2016","208","213","205","213","1106"
"23/05/2016","207","207","207","207","20"
"24/05/2016","206","206","206","206","2"
"25/05/2016","210","210","210","210","102"
"26/05/2016","206","210","206","209","6391"
"27/05/2016","211.9","211.9","207","209","1435"
"30/05/2016","210","214","210","214","6387"
"31/05/2016","208","214.4","208","210","52154"
"01/06/2016","206.2","210","201.2","210","313"
"02/06/2016","203.5","212.9","203.5","212.9","2"
"03/06/2016","205.5","213","205.5","213","17570"
"06/06/2016","208","208","208","208","200"
"08/06/2016","208.25","211.8","208.25","208.25","16073"
"09/06/2016","208.2","208.2","203","203","300"
"10/06/2016","211","211","211","211","500"
"13/06/2016","206","206","206","206","18210"
"14/06/2016","204","204","204","204","150"
"15/06/2016","209","209","209","209","100"
"16/06/2016","206","209","206","206.25","8778"
"17/06/2016","209.9","210","206.3","210","4414"
"20/06/2016","206","206","204","204","203"
"21/06/2016","204.6","205","204.55","205","928"
"23/06/2016","204","208.5","202.05","208.5","160"
"24/06/2016","205","211","205","211","387"
"27/06/2016","204.55","210","204.55","210","7402"
"28/06/2016","206","210","206","210","1323802"
"29/06/2016","210","210","204","204","4222"
"30/06/2016","204","204","200","204","1752"
"01/07/2016","207","207","201.8","207","1278"
"05/07/2016","204.65","207","204.65","206.5","1378"
"11/07/2016","208.9","208.9","205","208","931"
"12/07/2016","204","204","204","204","10"
"15/07/2016","204.15","206","204","206","1351"
"18/07/2016","204","205.95","194","205.95","1218"
"19/07/2016","205","206","203","204","2778"
"20/07/2016","203.15","203.15","202.5","202.5","5081"
"21/07/2016","202","207","202","207","1274"
"22/07/2016","207","207","203.15","205","437"
"25/07/2016","203","203.15","203","203.15","3234"
"26/07/2016","203.15","214","203.15","214","638185"
"27/07/2016","212","215","205","205.5","5775"
"28/07/2016","206","206","206","206","352"
"01/08/2016","205.5","205.5","205.5","205.5","16"
"02/08/2016","205.7","206.5","205.5","206","8280"
"03/08/2016","206","206","205.55","206","144"
"04/08/2016","206","206.5","206","206.5","1958"
"05/08/2016","205.5","205.5","205.5","205.5","219"
"08/08/2016","211","213.7","206.1","213.7","6042"
"09/08/2016","206.1","206.1","206.1","206.1","1250"
"10/08/2016","206.15","206.15","206.15","206.15","351"
"11/08/2016","205.65","206.45","205.65","206.4","1279"
"12/08/2016","206.55","210","206.55","210","405"
"15/08/2016","205.55","206","205.5","206","765"
"16/08/2016","206.5","207","205.6","206","2066"
"17/08/2016","205.6","206","205.6","206","7"
"18/08/2016","205.8","205.8","205.8","205.8","567"
"19/08/2016","206","206.1","206","206.1","6049"
"23/08/2016","206.05","206.05","202","202","11359"
"25/08/2016","205","205","204","204","2781"
"26/08/2016","204","208","203.05","208","715"
"29/08/2016","204.2","207.95","204.2","207.95","2600"
"30/08/2016","205","205","204.2","205","171"
"31/08/2016","204.05","204.05","203.15","203.15","8178"
"01/09/2016","203.15","204","202.4","204","3923"
"02/09/2016","203.2","207","203.2","207","1745"
"05/09/2016","209","209","209","209","10"
"06/09/2016","204.1","204.1","204","204","205"
"07/09/2016","204.2","205","204.2","205","20025"
"08/09/2016","204.25","204.25","204.25","204.25","17"
"09/09/2016","207","207","206.5","206.5","176"
"14/09/2016","204.05","204.05","204.05","204.05","70"
"15/09/2016","204.15","205.05","204.15","205.05","1058"
"16/09/2016","205","207.5","205","207.5","2480"
"19/09/2016","207.5","207.5","204","204","1652"
"20/09/2016","204.45","204.45","204.45","204.45","100"
"22/09/2016","204","204.2","203","204.2","3213"
"23/09/2016","204.25","206","204.25","206","850"
"26/09/2016","207.4","208","207","207","16621"
"27/09/2016","205","207","204.3","207","1353"
"28/09/2016","205.3","205.3","205.3","205.3","1"
"29/09/2016","205.5","207","205.5","207","1547"
"30/09/2016","205.65","208.8","205.6","207","15574"
"04/10/2016","205.8","205.8","205.15","205.4","2034"
"05/10/2016","205.4","206","205.35","205.5","4056"
"07/10/2016","206.1","210.05","206.1","210","21011"
"10/10/2016","210","212.5","210","212","13165"
"11/10/2016","210","210","210","210","17000"
"12/10/2016","208","210","206.7","210","31414"
"14/10/2016","210","210","210","210","364"
"17/10/2016","210.95","211.5","210.95","211.5","118"
"18/10/2016","210.05","212","210.05","212","11289"
"19/10/2016","207.05","207.05","207.05","207.05","55"
"20/10/2016","210","210","210","210","1055"
"21/10/2016","210","210","209","209","40000"
"24/10/2016","209","209","207.6","207.6","692"
"25/10/2016","207.5","208","207.5","208","24522"
"26/10/2016","207.5","207.6","207.5","207.6","204"
"27/10/2016","207.6","207.6","207.5","207.5","9488"
"28/10/2016","207","207","207","207","9300"
"31/10/2016","207.5","207.5","206.5","206.5","33436"
"01/11/2016","207","207.1","207","207","31369"
"02/11/2016","207.1","207.1","207.1","207.1","24"
"03/11/2016","209","209","207","207","620"
"04/11/2016","208","208","208","208","6653"
"07/11/2016","208.1","208.1","208.1","208.1","10"
"08/11/2016","209","209","208","208","3083"
"09/11/2016","208","208","208","208","3553"
"10/11/2016","208","208","208","208","5736"
"11/11/2016","208","208","208","208","20706"
"14/11/2016","209","209","209","209","690"
"15/11/2016","209","209","209","209","1446"
"16/11/2016","209","213","209","213","4579"
"17/11/2016","209","209","209","209","7"
"21/11/2016","210","210","208.5","209","8808"
"22/11/2016","208","208","208","208","1385"
"23/11/2016","208","208","208","208","212"
"24/11/2016","208.05","208.05","208","208.05","253"
"25/11/2016","208.05","208.5","208.05","208.1","757"
"28/11/2016","208","211.95","208","208.15","138"
"29/11/2016","208","208.2","208","208.2","3225"
"30/11/2016","208.05","208.15","208","208.15","10610"
"01/12/2016","209.15","211.4","209","211.4","3077"
"02/12/2016","208","208.5","208","208.5","1650"
"05/12/2016","208.8","209","208.5","209","1293278"
"06/12/2016","209.1","209.15","209.1","209.15","120"
"07/12/2016","210.5","216.95","210.5","216.95","235430"
"08/12/2016","215.15","224","215.15","223.85","56248"
"09/12/2016","225","226","222.05","222.05","80558"
"14/12/2016","222","225","220.25","225","12772"
"15/12/2016","225","225","220","220","13811"
"16/12/2016","220","227","220","225.5","165647"
"19/12/2016","226","234.95","226","230","250232"
"20/12/2016","230","230","225","225","262743"
"21/12/2016","227","227","220","225","42931"
"22/12/2016","225","225","225","225","35150"
"23/12/2016","227.95","228.95","225","227","971400"
"26/12/2016","228","228","224.25","225","121182"
"27/12/2016","225","225","220","220","6363"
"28/12/2016","224.95","224.95","220","220","3568"
"29/12/2016","223.95","223.95","218","220","160451"
"30/12/2016","218","223","218","223","93672"
"02/01/2017","220.25","220.25","218","218","1947"
"03/01/2017","217.5","217.5","203","208.45","69264"
"04/01/2017","211.95","212","207","209","16447"
"05/01/2017","208.6","215","208.6","211","49655"
"06/01/2017","220","226.5","220","225","605784"
"09/01/2017","225","225","220","223.95","2715"
"10/01/2017","224","226","220","222","84652"
"12/01/2017","220","224","216.1","224","3705"
"13/01/2017","220.05","223.9","220","220","41828"
"16/01/2017","216","222","214","214","4527"
"17/01/2017","214.5","215","214.5","215","284"
"18/01/2017","215","215","215","215","2300"
"19/01/2017","218","219","214.4","214.9","18638"
"20/01/2017","215","225","214.5","225","65429"
"23/01/2017","215.1","220","215.1","220","1520"
"24/01/2017","217.25","218.25","215","215","30882"
"25/01/2017","214.55","216.9","214.55","215","7979"
"26/01/2017","214.8","214.8","213.1","213.75","360"
"27/01/2017","213.5","215","213.5","215","13055"
"30/01/2017","215","215","212.8","212.8","13281"
"31/01/2017","213","215","213","215","31741"
"01/02/2017","213","215","210","210","8339"
"02/02/2017","210","211","204.4","205","211602"
"03/02/2017","205.4","211","205","205","13687"
"06/02/2017","210","210","210","210","586"
"07/02/2017","206.05","212","205.5","206","25624"
"08/02/2017","211.9","211.9","205.3","210","359"
"09/02/2017","207","207","205.5","205.5","110734"
"10/02/2017","206","206","203","203","35407"
"13/02/2017","203.5","205.5","202.2","205.5","4360"
"14/02/2017","205","205","203","205","32595"
"15/02/2017","205","205","204","205","1125"
"16/02/2017","205","205","204","205","588"
"17/02/2017","205","205","203.2","204","22620"
"20/02/2017","205","205","203.2","204.5","337"
"21/02/2017","204.5","204.5","203","203","3746"
"22/02/2017","203","204.5","201.3","204.5","1246"
"23/02/2017","201.4","201.4","195.2","200","17812"
"24/02/2017","200","203","200","200","5536"
"27/02/2017","200","200","200","200","1430"
"28/02/2017","200","200","198","199.9","29057"
"01/03/2017","203","203","198.25","199.9","1614"
"02/03/2017","200","200","198.5","200","12944"
"03/03/2017","200","202.9","198.5","200","80603"
"06/03/2017","203.95","203.95","200","200","6054"
"07/03/2017","203.6","203.6","200","200","412"
"08/03/2017","200","203","200","200","4633"
"09/03/2017","200","200","198.95","198.95","91447"
"10/03/2017","200","200","198","198","5884"
"13/03/2017","198","198","198","198","1"
"14/03/2017","198.1","203.5","198.1","203.5","72004"
"15/03/2017","204","204.45","200","204.45","67770"
"16/03/2017","201","205","200.6","202","2064"
"17/03/2017","202","205","202","205","11415"
"20/03/2017","205","205","202.05","202.1","1130"
"21/03/2017","202.1","204","202.1","203","40264"
"22/03/2017","202.1","204","200.35","200.35","2298"
"23/03/2017","200.4","200.4","198","198","2973"
"24/03/2017","198","200","195.2","200","14989"
"27/03/2017","200","200.05","198","200","25874"
"28/03/2017","200","202.5","200","202.5","20560"
"29/03/2017","202.5","204.85","202.15","202.5","104163"
"30/03/2017","203","203","200","200","428"
"31/03/2017","200","200","200","200","6863"
"03/04/2017","200","200","199.5","200","167"
"04/04/2017","202","202","202","202","2"
"05/04/2017","201.9","201.9","197","199","3009"
"06/04/2017","198.1","198.2","198.1","198.2","17778"
"07/04/2017","198.1","198.1","198","198","1225"
"10/04/2017","198","200","198","198","2847"
"11/04/2017","198","198","197.8","198","2909"
"12/04/2017","200","200","198","198","32"
"13/04/2017","198.05","198.05","198","198","8152"
"14/04/2017","198","198","196.6","197","11935"
"17/04/2017","199.95","200","197","197","2637"
"18/04/2017","199","199.9","195","198","5197"
"19/04/2017","198","200","197","200","1147"
"20/04/2017","200","200","199","200","1442"
"21/04/2017","200","201","198.6","200","13264"
"24/04/2017","199.5","201","199.3","201","811"
"25/04/2017","200","200","199.9","200","2795"
"26/04/2017","200","200","199.8","200","6918"
"27/04/2017","200","202","200","200","34315"
"28/04/2017","200.5","200.5","200","200","36457"
"02/05/2017","202","202","200","200","4995"
"03/05/2017","200","201.9","199.8","200","87055"
"04/05/2017","200","200","200","200","250"
"05/05/2017","200","200","199.1","200","20603"
"08/05/2017","200","200","198.8","200","20300"
"09/05/2017","199","200","199","200","573"
"10/05/2017","200","200","199.5","200","4458"
"11/05/2017","199.5","200","195","200","1800"
"12/05/2017","200","200","200","200","4668"
"15/05/2017","200","200","198","200","845"
"16/05/2017","200","200","200","200","447"
"17/05/2017","200","200","199","200","346"
"18/05/2017","200","200","199.9","200","2636"
"19/05/2017","200","200","199.5","200","23486"
"22/05/2017","200","200","196.6","200","3280"
"23/05/2017","199.95","200","199.95","200","167"
"24/05/2017","199.5","200","199","200","10251"
"25/05/2017","197.15","200","197.15","200","837"
"26/05/2017","200","200","199.5","200","48015"
"29/05/2017","199","200","199","200","426670"
"30/05/2017","200","200","197","200","6127"
"31/05/2017","200","200","199","199","18476"
"01/06/2017","200","200","200","200","530"
"02/06/2017","200","200","200","200","642"
"05/06/2017","200","200","200","200","1"
"06/06/2017","200","200","200","200","207"
"07/06/2017","200","200","200","200","4899"
"08/06/2017","200","200","199.5","200","2543"
"09/06/2017","200","200","200","200","2593"
"12/06/2017","200","200","199.5","200","2631"
"13/06/2017","199.95","200","198.6","200","52374"
"14/06/2017","200","200","199","200","1507"
"15/06/2017","201","201","199","200","6165"
"16/06/2017","201.8","201.8","200","200","1054"
"19/06/2017","199.95","201.8","199.95","201.8","353"
"20/06/2017","200","202","199.65","202","1075951"
"21/06/2017","202.5","202.5","202","202","1001"
"22/06/2017","201.2","202.5","201.2","202.5","11"
"28/06/2017","202.8","205","202.5","205","227346"
"29/06/2017","210","210","208","209","248528"
"30/06/2017","206","218","204.7","218","474292"
"03/07/2017","215","215","206","213","2607"
"04/07/2017","207","207.1","207","207.1","183"
"05/07/2017","206","210","206","206.55","420"
"06/07/2017","206.6","206.6","203","203","65456"
"07/07/2017","203","203.15","203","203","14375"
"10/07/2017","203.5","208.5","201","201","15108"
"11/07/2017","201.2","205","201.2","205","14716"
"13/07/2017","203","204.9","201","201","11695"
"14/07/2017","205","205","202.1","202.1","311"
"17/07/2017","204.95","204.95","200.5","200.5","10935"
"18/07/2017","204","205","200.2","205","17270"
"19/07/2017","204","205","204","205","532"
"20/07/2017","203.6","205.5","203.6","205.5","1725"
"21/07/2017","205","206","205","206","13148"
"24/07/2017","205.5","206","205","206","4092"
"25/07/2017","206","207.8","206","206","9288"
"26/07/2017","206","206","206","206","689"
"27/07/2017","205.5","206","204.5","205","24205"
"28/07/2017","204","205","204","205","31130"
"31/07/2017","204.1","205","203.5","205","15945"
"01/08/2017","204","204","204","204","27605"
"02/08/2017","205","205","205","205","16548"
"03/08/2017","204","205","204","205","640"
"04/08/2017","204.95","205","204","205","2101"
"07/08/2017","205","205","205","205","2325"
"08/08/2017","204","205","204","205","4959"
"09/08/2017","205","205","204.5","205","1310"
"10/08/2017","205","205","204.5","205","4300"
"11/08/2017","205","205","204.5","205","5976"
"15/08/2017","204.95","205","204.9","205","10360"
"16/08/2017","204.1","205","204.1","205","2748"
"17/08/2017","204.2","205","203.15","205","6150"
"18/08/2017","205","205","205","205","200"
"22/08/2017","205","205","204","205","2358"
"23/08/2017","203.2","205","203.2","205","2277"
"24/08/2017","204","205","203.15","205","2730"
"25/08/2017","205","205.1","205","205.1","5226"
"28/08/2017","205","205","204.5","205","6237"
"29/08/2017","203.15","205","203.15","205","11537"
"30/08/2017","205","205","204.05","205","25981"
"31/08/2017","204.5","205","203","205","16194"
"04/09/2017","204","205","204","205","130230"
"05/09/2017","205","205","205","205","20300"
"06/09/2017","205","205","205","205","140016"
"07/09/2017","204","206.5","204","205","31850"
"08/09/2017","205","205.5","203.7","205.5","143312"
"11/09/2017","205","209.95","205","208","48825"
"12/09/2017","207.9","207.9","205.75","205.75","106418"
"13/09/2017","206.5","208","206.1","208","21854"
"14/09/2017","208","212","208","210","41147"
"15/09/2017","208.9","211.5","208.9","210","27846"
"18/09/2017","206.35","209.95","206.35","209.95","9"
"19/09/2017","209","209.9","209","209.9","908"
"21/09/2017","206.4","206.4","205.05","205.1","1039"
"25/09/2017","207","209","205.1","209","190"
"26/09/2017","206","206","205","205.15","56300"
"27/09/2017","205.15","205.15","205","205","3032"
"28/09/2017","204.15","205.1","204.15","205.1","31032"
"29/09/2017","205.05","205.5","205","205.25","23918"
"02/10/2017","205","208.85","205","206","6439"
"03/10/2017","206","206","205.2","205.9","26870"
"04/10/2017","205.2","210","205.1","208.9","42678"
"05/10/2017","209","209.8","209","209.8","1004"
"06/10/2017","208","208","208","208","4091"
"09/10/2017","206.15","208","206.15","208","10506"
"10/10/2017","208","208","208","208","5711"
"11/10/2017","206.35","206.55","206.35","206.55","1207"
"12/10/2017","207","209","207","209","43160"
"13/10/2017","209","209","209","209","2562"
"16/10/2017","207.1","207.1","206.5","206.5","11244"
"17/10/2017","206.5","209","206.5","206.5","637"
"18/10/2017","206.7","206.7","206.7","206.7","70"
"19/10/2017","206.7","209","206.7","209","2032"
"20/10/2017","209","209","205","205","15632"
"23/10/2017","205.5","205.5","205.5","205.5","36040"
"24/10/2017","205.5","205.5","205","205","1665"
"25/10/2017","208","208","208","208","23"
"27/10/2017","205","208.9","204","208.9","4794"
"30/10/2017","204","205.5","204","205.5","352"
"31/10/2017","205.5","205.55","205","205.55","20992"
"03/11/2017","206","206.05","206","206.05","51966"
"07/11/2017","205.05","205.15","205.05","205.15","1050"
"08/11/2017","205.65","205.65","205.65","205.65","868"
"09/11/2017","205.2","205.2","205.2","205.2","120"
"10/11/2017","208","208","206.55","206.55","38173"
"13/11/2017","210","210","210","210","3512"
"14/11/2017","210","210","210","210","41139"
"15/11/2017","210","211.3","207","210","801"
"16/11/2017","210","210","208.65","208.7","3172"
"17/11/2017","208.2","210","208.15","210","1500"
"21/11/2017","208.25","210","208","208.1","357540"
"22/11/2017","208.1","208.3","206.6","208.1","17827"
"23/11/2017","206.65","206.7","206.65","206.7","472"
"24/11/2017","206.8","208","206.8","208","20367"
"27/11/2017","208","208.5","208","208.5","1393"
"28/11/2017","209.5","212.9","209.5","212.9","18085"
"29/11/2017","210.3","212","209","211.95","101780"
"30/11/2017","211.9","211.9","210.05","210.1","3068"
"04/12/2017","208.1","209.6","208.1","209.6","10019"
"05/12/2017","209","209","208.3","209","2103"
"06/12/2017","208","208","207.5","207.5","1478"
"07/12/2017","205.25","205.25","205.25","205.25","6"
"08/12/2017","210","210","205.15","208","8101"
"11/12/2017","210","210","208","208","18897"
"12/12/2017","211","211","209.95","209.95","9017"
"13/12/2017","209.05","209.95","208.5","209.9","1959"
"14/12/2017","209.95","209.95","208.3","209.95","2036"
"15/12/2017","209.9","209.95","208.25","208.5","30576"
"18/12/2017","208.4","208.5","208","208","16223"
"19/12/2017","206","206","206","206","30"
"20/12/2017","206.1","207.05","206.1","206.5","2978"
"21/12/2017","206.3","206.3","206.2","206.2","500"
"22/12/2017","206","212","206","212","186616"
"25/12/2017","213","213","207","212","5240"
"26/12/2017","209","214","209","213.4","110500"
"27/12/2017","210","214","210","210.5","219711"
"28/12/2017","212","213","210","213","185827"
"29/12/2017","210","214","210","214","903679"
"02/01/2018","208.1","213.95","207","213.9","227"
"03/01/2018","206.5","209.85","206.5","207.5","3124"
"04/01/2018","206","206.5","206","206.5","1839"
"05/01/2018","206.2","207.5","206","207.5","5595"
"08/01/2018","208","208","208","208","707"
"09/01/2018","207","207","207","207","2000"
"12/01/2018","208","212","208","212","9061"
"15/01/2018","212","212","206","211.9","662"
"16/01/2018","211.9","212.95","208.15","210","1430"
"17/01/2018","211.9","211.9","211.9","211.9","1855"
"18/01/2018","210","210","208.8","210","196"
"19/01/2018","210","216.8","210","216.8","27119"
"22/01/2018","216.75","216.75","215","215","42"
"23/01/2018","210.5","210.65","210.5","210.65","16"
"24/01/2018","214.9","214.9","210.65","210.65","16"
"25/01/2018","214.9","214.95","214.8","214.95","335"
"26/01/2018","210.65","210.65","210.65","210.65","1000"
"29/01/2018","213","215","213","215","97835"
"30/01/2018","213.15","216.75","213.15","216.75","12"
"31/01/2018","215","226","215","225","367792"
"01/02/2018","226.6","245","226.6","244.85","280758"
"02/02/2018","245.4","255","240","240","219266"
"05/02/2018","239.5","242","232.1","238.9","2959"
"06/02/2018","232.05","234.5","228","230","2602"
"07/02/2018","229.55","235","225","230","8225"
"08/02/2018","230","234.8","230","234.8","4284"
"09/02/2018","236.4","236.4","230","232","7249"
"12/02/2018","234.9","234.9","230","230.6","573"
"13/02/2018","229","234.8","229","232","17669"
"14/02/2018","230.3","232","230","232","8049"
"15/02/2018","230.1","235","230","235","7152"
"16/02/2018","230.6","235","230.6","233.05","83562"
"19/02/2018","236.5","237","232","235","85630"
"20/02/2018","235","238","232.05","235","18499"
"21/02/2018","235","235","235","235","25146"
"22/02/2018","234.15","237","234.15","235.1","38022"
"23/02/2018","235","235","234.9","234.9","2977"
"26/02/2018","231.1","231.5","230.1","231.5","7040"
"27/02/2018","231","231","229.95","230","8223"
"28/02/2018","234","234","227.1","230","6687"
"01/03/2018","226.5","233","226.5","230","9130"
"02/03/2018","227.6","229","227.6","228","51530"
"05/03/2018","228.3","228.3","228.1","228.1","2065"
"06/03/2018","228.5","232","227","232","9155"
"07/03/2018","231","231","230","230","20015"
"08/03/2018","238","250","238","244.9","160530"
"09/03/2018","247","247","240","243.5","10500"
"12/03/2018","237","241","237","240.9","6114"
"13/03/2018","237","237.05","237","237","3453"
"14/03/2018","235","235.2","235","235","242"
"15/03/2018","235","235","232.1","234","8790"
"16/03/2018","239","239","235","237","6768"
"19/03/2018","239","239","235","238.5","5187"
"20/03/2018","238.4","238.4","238.4","238.4","2"
"21/03/2018","233.6","233.65","233.6","233.65","784"
"23/03/2018","233.5","237.9","231","234.8","2168"
"26/03/2018","236.8","236.8","236.8","236.8","623"
"27/03/2018","232","232.2","232","232.2","2"
"28/03/2018","232","232.1","232","232.05","348"
"29/03/2018","232.05","232.1","232","232","474"
"30/03/2018","230.5","235","220","230","99680"
"02/04/2018","220","228.95","220","228.95","589"
"03/04/2018","228","230","219.5","219.5","25154"
"04/04/2018","225.9","228","213.7","228","3093"
"05/04/2018","227","227.9","220","220","63002"
"06/04/2018","220.05","221","219","220","5822"
"09/04/2018","217.3","229.5","217.3","229.5","6007"
"10/04/2018","220.05","228","220.05","226","439"
"11/04/2018","225","225","225","225","615"
"12/04/2018","221","226","221","225","2608"
"13/04/2018","222","227","222","227","664"
"16/04/2018","226.9","226.9","215.75","220","44908"
"17/04/2018","226","226","226","226","350"
"18/04/2018","220.1","225.25","217.65","217.65","2565"
"19/04/2018","223.95","223.95","217.9","219","11056"
"20/04/2018","219","219.1","218","219","5330"
"23/04/2018","218","219","218","218","310"
"24/04/2018","218","218","217.2","217.2","2461"
"25/04/2018","217.25","217.5","217.15","217.5","2566"
"26/04/2018","222.8","222.8","217.2","218","8187"
"27/04/2018","218","218","217.2","218","2672"
"30/04/2018","218","218","210.7","210.7","47290"
"02/05/2018","219.5","219.5","216","219.45","995"
"03/05/2018","219.7","219.7","219.7","219.7","100"
"04/05/2018","215.6","217.1","215.6","217.1","100"
"08/05/2018","215.6","215.6","210","215","3459"
"09/05/2018","215.5","217.9","215.5","217.9","130"
"10/05/2018","217","217","213","216","130"
"11/05/2018","215","216","215","215","9792"
"14/05/2018","215","215","212","212","1172"
"15/05/2018","210.2","214.9","210","212","1575"
"16/05/2018","210.05","212","208.1","211.85","2142"
"17/05/2018","211.8","211.8","211.8","211.8","10"
"18/05/2018","212","214.95","212","214.95","5565"
"21/05/2018","209","214","209","214","55"
"22/05/2018","209","213.5","209","209","547"
"23/05/2018","209","210","206","206","2541"
"24/05/2018","206.4","207","205","205","15290"
"25/05/2018","205","206","201.65","206","58986"
"28/05/2018","209.9","209.9","209.9","209.9","10"
"29/05/2018","208","208","208","208","219"
"30/05/2018","203.5","206","203","205","3858"
"31/05/2018","203","207","201.15","203","26721"
"01/06/2018","203","207.9","203","204","2029"
"04/06/2018","204","204","204","204","500"
"05/06/2018","202.55","207.9","202.55","204","3613"
"06/06/2018","206.95","207","202.55","204","731"
"07/06/2018","207.4","209.9","207.4","209.9","2057"
"08/06/2018","208","209.85","205.1","205.1","65"
"11/06/2018","206.1","206.3","202.85","206","1835"
"12/06/2018","205","209.95","205","209.95","5718"
"13/06/2018","206","213.9","205.15","213.9","3896"
"14/06/2018","213.8","213.8","207","209.95","106918"
"18/06/2018","206.15","206.15","206.15","206.15","1500"
"19/06/2018","206.1","209","205","205","51522"
"20/06/2018","208","208","205.5","206","26024"
"21/06/2018","205.85","206.2","205.85","206.2","148"
"22/06/2018","206.25","213.5","205","213.5","56545"
"25/06/2018","208","208","208","208","100"
"26/06/2018","205.7","213.4","205.55","213.4","5170"
"28/06/2018","209.95","214","209.95","214","219811"
"29/06/2018","207","207","201.8","207","5888282"
"02/07/2018","215","215","204","208.5","50437"
"03/07/2018","202.5","202.5","202.5","202.5","1998"
"05/07/2018","203","203","201.1","202.5","3555"
"06/07/2018","202","202","201","201.2","11776"
"09/07/2018","201","203","201","203","220"
"11/07/2018","200","203","200","203","2442"
"12/07/2018","204","204","201","201","2056"
"13/07/2018","201","201.05","201","201.05","241"
"16/07/2018","203","203","203","203","29618"
"17/07/2018","202","202","201","201","959"
"18/07/2018","201","201","200","200","10206"
"19/07/2018","200","200","200","200","1533"
"20/07/2018","200","200","200","200","1521"
"23/07/2018","200","200","200","200","1778"
"24/07/2018","200","200","200","200","22864"
"25/07/2018","200","200","200","200","1449"
"26/07/2018","200","200","200","200","2114"
"27/07/2018","200","200.1","199.5","200","5114"
"31/07/2018","201.95","202","200","200","27748"
"01/08/2018","200","200.05","200","200","21061"
"02/08/2018","206.35","206.4","200","206.4","6602"
"03/08/2018","200.1","205","200","205","10771"
"06/08/2018","200","204.9","200","200","19"
"07/08/2018","200.1","200.15","200.1","200.15","45"
"08/08/2018","200.15","200.15","200.15","200.15","19"
"09/08/2018","200.15","205","200.15","204.5","217"
"10/08/2018","201","201","200","200","1273"
"13/08/2018","200","200","200","200","707"
"16/08/2018","204.95","204.95","200.05","203","1201"
"17/08/2018","204","204","204","204","388"
"24/08/2018","202","202","202","202","10"
"28/08/2018","203.9","203.9","203.9","203.9","10"
"29/08/2018","204","204","204","204","5"
"30/08/2018","200.1","200.1","200","200","230"
"31/08/2018","200","200","198.5","200","14820"
"03/09/2018","200","200","197","200","4230"
"04/09/2018","204.9","205","204.9","205","45"
"05/09/2018","200","200","198","200","5715"
"06/09/2018","200","200","199","199","46454"
"07/09/2018","199","200","198","199","110460"
"10/09/2018","198.05","198.5","197","197","4009"
"12/09/2018","197","198","194.95","194.95","7171"
"13/09/2018","195","196","194.05","195","2410"
"14/09/2018","194.15","194.15","193","193","27141"
"17/09/2018","193","193","190","190","1464"
"18/09/2018","190","196.9","187","196.9","85860"
"19/09/2018","196.9","196.9","193","195.5","68978"
"20/09/2018","199","199","198","198","70005"
"21/09/2018","194.1","198","194","195","30400"
"24/09/2018","195","195","195","195","40200"
"25/09/2018","194","194.5","194","194.5","35415"
"26/09/2018","197.5","197.5","193","195","753"
"27/09/2018","195","195","193","193","796"
"28/09/2018","195","195","190","190","36837"
"01/10/2018","190.05","192","188","190","8040"
"02/10/2018","190","190","189","189","536"
"03/10/2018","191","191","191","191","30"
"04/10/2018","193","193","193","193","5"
"05/10/2018","191","191","189","189","4043"
"08/10/2018","189","190","185","189","12970"
"09/10/2018","189","189","189","189","1300"
"10/10/2018","192","192","186.5","188","24878"
"11/10/2018","187","189","186","186.95","16495"
"12/10/2018","187","190","185","185","4212"
"15/10/2018","186","186","185","185","658"
"16/10/2018","184.5","185","184","185","12494"
"17/10/2018","185","185","183.05","185","120827"
"18/10/2018","185","185","182","185","14786"
"19/10/2018","185","185","184.5","184.9","16527"
"22/10/2018","185","185","184.9","184.9","5300"
"23/10/2018","184","185","184","184.5","31780"
"24/10/2018","184","184","184","184","370"
"25/10/2018","184","184.95","182.95","182.95","1910"
"26/10/2018","183","183","182.9","182.9","21950"
"29/10/2018","183.5","183.5","183.5","183.5","30050"
"30/10/2018","183","183","183","183","3235"
"31/10/2018","183.05","183.5","183","183.5","1143"
"01/11/2018","183.5","183.5","183","183","602"
"02/11/2018","183","184.9","183","183","2106"
"05/11/2018","183.15","183.15","183.15","183.15","10"
"07/11/2018","184.95","184.95","183","183","3030"
"08/11/2018","182.5","185","182.5","185","3990"
"09/11/2018","183.1","183.5","183.1","183.5","2931"
"12/11/2018","183.5","183.5","183.5","183.5","800"
"13/11/2018","183","183","183","183","6091"
"14/11/2018","197","197","183","183","4365"
"15/11/2018","183.2","183.2","183","183","17653"
"16/11/2018","183","183","182.3","183","7731"
"19/11/2018","186","188.3","186","186","54"
"22/11/2018","186","186","186","186","348"
"23/11/2018","186","189.8","185","186","587"
"26/11/2018","186","186","183.05","186","1924"
"27/11/2018","183.55","185","183.55","185","201"
"28/11/2018","184.15","184.15","184.15","184.15","66"
"29/11/2018","185","189","184.5","184.5","586"
"30/11/2018","184.55","185","184","185","2225"
"03/12/2018","185","187.5","184.2","187.5","2961"
"04/12/2018","184.15","186","184","186","4683"
"05/12/2018","188","189","187","189","800"
"06/12/2018","189.5","190","187","188","125071"
"07/12/2018","189.95","190","188.3","188.3","16700"
"10/12/2018","189","189","189","189","10661"
"11/12/2018","188","188","186","187.8","74038"
"12/12/2018","188.05","188.75","185.15","187.75","9941"
"13/12/2018","187.75","188.6","186.15","187","2177"
"14/12/2018","187.1","188","186","186","15348"
"17/12/2018","185","188.6","185","188.6","2020"
"18/12/2018","186","186","186","186","3000"
"19/12/2018","186.05","188.7","186.05","188.7","1502"
"20/12/2018","188.2","188.7","186","188.7","3743"
"21/12/2018","181","181","181","181","76204"
"24/12/2018","182.05","185.9","180.9","180.9","292652"
"25/12/2018","182","184.7","182","184.7","21353"
"26/12/2018","184.85","184.85","180.5","180.5","54017"
"27/12/2018","184.85","184.85","178","181","2487859"
"28/12/2018","180","185.5","166.5","166.5","1764009"
"31/12/2018","181","183.1","177","183.1","1095903"
"02/01/2019","184","184","183","183","6404"
"03/01/2019","182","183","180","183","9155"
"04/01/2019","182","185","179.95","185","15099"
"07/01/2019","183","185","180.5","185","1916"
"08/01/2019","185","185","184","184","120"
"09/01/2019","184","184","180","184","3192"
"10/01/2019","182","184","180","184","50735"
"14/01/2019","182","184","182","184","16079"
"15/01/2019","182","184","181","184","4779"
"16/01/2019","184","184","182","183.9","3462"
"17/01/2019","182.1","183.8","182.05","183.8","736"
"18/01/2019","182.05","183.75","182.05","182.7","11454"
"21/01/2019","182.5","182.8","182.5","182.8","1010"
"22/01/2019","183","183","181.8","182.95","1274"
"23/01/2019","182","182.9","180","182.9","16980"
"24/01/2019","180","182.65","180","182.65","220"
"25/01/2019","182.65","182.65","181","181","35005"
"28/01/2019","180.1","182","180.05","181","59340"
"29/01/2019","181.3","181.3","180","180","16398"
"30/01/2019","180.05","180.1","179.7","179.7","84887"
"31/01/2019","179.9","179.9","179.9","179.9","74000"
"01/02/2019","179.65","181","179.65","181","5345"
"04/02/2019","181","181","179.85","179.85","8614"
"05/02/2019","180","182","180","182","10042"
"06/02/2019","180","180","180","180","10000"
"07/02/2019","180","180","179","180","9164"
"08/02/2019","180","180","180","180","700"
"11/02/2019","180.05","181","180","181","779"
"12/02/2019","180","180","179.8","179.8","1355"
"13/02/2019","180","181","179.8","179.8","7350"
"14/02/2019","179.5","181","179.5","180","402"
"15/02/2019","179.6","181","179.5","179.5","19075"
"18/02/2019","179.5","179.5","179.5","179.5","401"
"19/02/2019","178.75","179.5","178.7","179.5","12069"
"20/02/2019","179","179","179","179","15305"
"21/02/2019","179","179","178.5","179","30501"
"22/02/2019","179","179","179","179","61825"
"25/02/2019","178.05","179.9","178","179.9","1020"
"26/02/2019","180","180","178","178","28762"
"27/02/2019","179","179","179","179","21000"
"28/02/2019","179","179","179","179","24419"
"01/03/2019","178.05","180","178","178.9","23565"
"04/03/2019","179.95","181","179.95","181","1005"
"05/03/2019","179.75","179.75","178.5","179.7","85656"
"06/03/2019","178.55","179.9","178.5","179.9","9304"
"07/03/2019","179","179","179","179","20000"
"08/03/2019","178.5","179.95","178.5","179","85126"
"11/03/2019","179","181","177.95","177.95","13638"
"12/03/2019","178.1","178.1","177.85","177.9","920"
"13/03/2019","177.85","178.5","176.5","177.95","807"
"14/03/2019","179","179","177.55","178","29175"
"15/03/2019","178","178","177.9","177.9","76193"
"18/03/2019","177.65","180","177.55","177.9","3375"
"19/03/2019","178","183","178","180","41985"
"20/03/2019","180","180","179","180","16799"
"21/03/2019","179.55","180","179.05","180","52387"
"22/03/2019","185","185","178","178","33469"
"25/03/2019","184.85","184.85","180","180","1036"
"26/03/2019","179.9","179.9","177.1","179.9","278036"
"27/03/2019","179","180","178.1","180","20850"
"28/03/2019","178","182","178","182","36857"
"29/03/2019","182","182","178","178","190602"
"01/04/2019","178","178.05","177","177","2857"
"02/04/2019","182","185","181.95","185","8308"
"03/04/2019","190","190","185","185","19210"
"04/04/2019","185","188","185","188","60"
"05/04/2019","187","190","187","190","45084"
"08/04/2019","186.5","193","186.5","193","466"
"09/04/2019","190","193","189","193","683"
"10/04/2019","193","194.95","191","194.95","23159"
"11/04/2019","193","193","193","193","225"
"12/04/2019","191.05","193","191.05","193","665"
"15/04/2019","192","193","191.05","193","4965"
"16/04/2019","194","194","191.6","193","6124"
"17/04/2019","192","193.2","192","193.1","675"
"18/04/2019","192.1","193","190","190","18096"
"19/04/2019","190.05","190.05","187","190","16044"
"22/04/2019","193","194.1","193","194.1","1883"
"23/04/2019","193","194","193","193.5","16614"
"24/04/2019","193","193.8","191","193.8","489"
"25/04/2019","193.9","193.9","193.9","193.9","9"
"26/04/2019","193.5","193.9","193.5","193.9","395"
"29/04/2019","190.2","193","190","190","52865"
"30/04/2019","192","192","189.95","190","34554"
"02/05/2019","190","190","190","190","25000"
"03/05/2019","190","190","189.9","189.9","17750"
"06/05/2019","189.5","192","189","189","2015"
"07/05/2019","188","192","188","189","942"
"08/05/2019","192","192","188","188","1938"
"09/05/2019","188","188","186.5","188","26736"
"10/05/2019","192","192","190","190","30000"
"14/05/2019","189","190","189","190","6391"
"15/05/2019","188","191","186","190","74661"
"16/05/2019","187","190","187","188.9","2510"
"17/05/2019","188","188","186","186","3740"
"20/05/2019","186","186","186","186","3050"
"21/05/2019","186","186","184","186","3107"
"22/05/2019","186","186","186","186","20"
"23/05/2019","186","186","186","186","7"
"24/05/2019","184.05","184.05","180","180","2492"
"27/05/2019","180","180","180","180","3818"
"30/05/2019","189.95","189.95","180","180","1303"
"31/05/2019","188.9","188.9","179.9","179.9","13887"
"03/06/2019","184.95","185","184.95","185","23"
"04/06/2019","181","181","180","180","233"
"10/06/2019","179.5","180","179.5","180","1908"
"11/06/2019","180.1","180.1","179.5","179.9","2307"
"13/06/2019","179","180","179","179.5","1400"
"14/06/2019","179","179","179","179","2205"
"17/06/2019","184.95","184.95","177.5","178","39870"
"18/06/2019","178","180","177","180","53456"
"19/06/2019","178.5","180","178","180","11652"
"20/06/2019","181","182","180","180","12048"
"21/06/2019","180","180","179","180","14714"
"25/06/2019","180","180","180","180","105"
"26/06/2019","180","180","179","180","4908"
"27/06/2019","180","180","179","180","13744"
"28/06/2019","180","180","180","180","12805"
"01/07/2019","180","180","180","180","811"
"02/07/2019","180","180","180","180","1"
"04/07/2019","175","180","173","180","369"
"08/07/2019","180","183","178","183","2265"
"09/07/2019","183","184","180","184","770"
"10/07/2019","184","189","184","189","11219"
"11/07/2019","189","189","188.95","188.95","305"
"12/07/2019","190","190","190","190","1100"
"15/07/2019","191.9","191.9","185","185","73739"
"16/07/2019","185","190","185","187","3583"
"17/07/2019","189.95","190","184.3","190","3375"
"18/07/2019","190","190","188.5","188.5","85000"
"19/07/2019","189.5","190","186","190","84866"
"22/07/2019","190","190","189.95","190","5829"
"23/07/2019","187","192","187","190","8819"
"24/07/2019","187","190","186","190","8116"
"25/07/2019","192","192","192","192","200"
"26/07/2019","187.7","192","187.7","188","14553"
"29/07/2019","192","192","189","189","5504"
"31/07/2019","187.7","187.7","187.5","187.5","146"
"01/08/2019","190","190","190","190","246"
"02/08/2019","190","190","187.5","189","4160"
"05/08/2019","191","191","189","189","115"
"06/08/2019","188","189","188","189","6805"
"07/08/2019","190","190","190","190","45205"
"08/08/2019","189","190","189","190","472"
"09/08/2019","189.95","190","188","190","8950"
"15/08/2019","190","191.45","190","191.45","694"
"19/08/2019","191.45","191.45","191.45","191.45","1"
"22/08/2019","187","191.45","187","191.45","1092"
"23/08/2019","189","191","189","191","3664"
"26/08/2019","192","192","189","192","930"
"27/08/2019","192","194.9","190.05","194.9","2363"
"28/08/2019","195","195","192","192","6487"
"29/08/2019","191","194","191","194","1439"
"30/08/2019","191.15","196","191","191","4781"
"02/09/2019","194","194","194","194","190"
"03/09/2019","190","194.45","190","194","7550"
"04/09/2019","195","195","194","195","6748"
"05/09/2019","194.05","194.05","194","194","4095"
"06/09/2019","192.1","195","192.1","195","1154"
"11/09/2019","193","195","190.05","194","3180"
"12/09/2019","194","194.95","191.05","194","1704"
"13/09/2019","192","194.85","192","194","5001"
"16/09/2019","193","194","192","194","633"
"17/09/2019","192","194","192","194","771"
"18/09/2019","192","194","192","194","6407"
"19/09/2019","193.95","193.95","193.95","193.95","1461"
"20/09/2019","192","193.95","192","193.5","35557"
"24/09/2019","192","192","192","192","9602"
"25/09/2019","191.05","194","190.75","192","26808"
"26/09/2019","192","192","190.8","192","102600"
"27/09/2019","192","192","192","192","209618"
"30/09/2019","193.95","193.95","192","192","7165"
"01/10/2019","192","192","192","192","3000"
"03/10/2019","192","192.05","192","192.05","1590"
"04/10/2019","192.05","192.05","192.05","192.05","7616"
"07/10/2019","192","192","192","192","2790"
"08/10/2019","191","192","191","192","1177"
"09/10/2019","192","192","191","192","2296"
"10/10/2019","192","192","192","192","20"
"11/10/2019","191.1","192","191.05","192","193686"
"14/10/2019","193.85","193.85","191.95","191.95","1502"
"15/10/2019","191.3","191.95","191","191.95","25000"
"16/10/2019","192","192","192","192","3950"
"17/10/2019","191.5","192","191.5","192","4350"
"18/10/2019","192","192","191.5","192","4000"
"21/10/2019","192","192","191","192","135"
"22/10/2019","192","192","192","192","1748"
"23/10/2019","192","194","192","192","2732"
"24/10/2019","192","192","192","192","12115"
"25/10/2019","192","192","191.1","191.9","16985"
"28/10/2019","191.9","191.9","191.9","191.9","1"
"29/10/2019","192","192","191.1","192","6121"
"30/10/2019","192","193","191.05","193","12241"
"31/10/2019","192","192","191","192","8850"
"01/11/2019","192","192","191.5","192","10276"
"04/11/2019","192","192.2","192","192.2","16"
"05/11/2019","192","192","192","192","17598"
"07/11/2019","192","193","192","193","5948"
"08/11/2019","192","192","192","192","5300"
"12/11/2019","192","192","192","192","5487"
"14/11/2019","191","192","190","192","8420"
"15/11/2019","191.5","192","191","191","2766"
"19/11/2019","192","192","192","192","114"
"20/11/2019","192","192","192","192","4586"
"21/11/2019","192","192","192","192","2000"
"22/11/2019","191.5","192","191","192","15539"
"25/11/2019","191","192","191","192","352"
"26/11/2019","191.5","192","191.5","192","740"
"27/11/2019","192","192","192","192","10993"
"28/11/2019","191.5","192","191.5","192","450"
"29/11/2019","191.5","191.95","190","190","430847"
"02/12/2019","191.45","191.45","185.5","185.5","2510"
"03/12/2019","192","192","185.5","185.5","4502"
"05/12/2019","186","186","183","183","2220"
"10/12/2019","185","186","183","183","2465"
"11/12/2019","183.35","187","183.1","185","417932"
"12/12/2019","187","187","183.2","185.1","1859"
"13/12/2019","183.2","183.2","183.2","183.2","352"
"16/12/2019","183.2","183.2","183.2","183.2","180"
"17/12/2019","184.5","184.5","183","183","10359"
"18/12/2019","183","188.5","183","188.5","3241"
"19/12/2019","188.5","188.5","188.5","188.5","62"
"20/12/2019","188.5","190","188","188","143479"
"23/12/2019","185","190","185","190","6093"
"24/12/2019","190","195","190","195","68453"
"25/12/2019","195","195","192","195","5311"
"26/12/2019","187.7","195","187.7","195","2005"
"27/12/2019","196","196","196","196","2825"
"30/12/2019","187.7","194.95","186.5","194.95","6557"
"31/12/2019","194.95","195","190.65","192","61197"
"02/01/2020","192","192","192","192","1"
"08/01/2020","186.15","190","186.15","190","3430"
"09/01/2020","191.5","195","191.5","195","2574"
"10/01/2020","192","192","192","192","51041"
"13/01/2020","187.05","192.1","187","192.1","15320"
"14/01/2020","192.1","194.5","192.1","194.5","17801"
"16/01/2020","194.5","194.5","192","194.5","208"
"17/01/2020","194","194","191","191","4154"
"20/01/2020","189.6","190.05","189.6","190.05","2645"
"22/01/2020","194.9","195","192","192","150970"
"23/01/2020","191.05","192","190.05","192","253321"
"24/01/2020","198","198","198","198","3762"
"27/01/2020","193.1","194","193","193.05","779"
"28/01/2020","193.05","200","193.05","200","21292"
"29/01/2020","198","198","194.05","194.05","694"
"30/01/2020","194.2","194.2","192.75","192.75","1001"
"31/01/2020","192","198","192","198","3064"
"03/02/2020","198","198","198","198","2104"
"04/02/2020","197.9","197.9","197.9","197.9","79"
"05/02/2020","198","203.5","197","197","16905"
"06/02/2020","202.8","203","196.95","196.95","797"
"07/02/2020","197","199.5","193.7","199.5","10706"
"10/02/2020","199.5","202","199.5","202","17930"
"12/02/2020","195.95","195.95","195.95","195.95","1099"
"13/02/2020","195.7","195.7","195.55","195.55","300"
"14/02/2020","195.45","200","194.6","197","205182"
"17/02/2020","195","198","194","198","4103"
"18/02/2020","200","200","195.05","196","31"
"19/02/2020","199.9","199.9","199.9","199.9","10"
"20/02/2020","194.05","198.85","194","194","1160"
"21/02/2020","195","197","195","197","57745"
"24/02/2020","193.5","193.5","193.5","193.5","1700"
"25/02/2020","193.85","197","192.1","197","525"
"26/02/2020","198","198","198","198","7"
"27/02/2020","192.1","192.1","192.1","192.1","50"
"28/02/2020","197","197","191.05","191.05","42766"
"02/03/2020","190","190","186","186","4173"
"03/03/2020","186","186.1","186","186.1","322"
"04/03/2020","192","192","192","192","2"
"05/03/2020","190","190","185","185","6555"
"06/03/2020","185","185.5","180.1","180.1","20757"
"09/03/2020","180","180","167","167","699"
"10/03/2020","180.1","183.65","176","181","1527"
"11/03/2020","185","185","177","177","561"
"12/03/2020","176.65","177","163","163","25453"
"13/03/2020","163","163.05","149","162","36481"
"16/03/2020","162","162","145.95","145.95","7461"
"17/03/2020","145.9","145.9","145.9","145.9","115"
"18/03/2020","140.1","140.1","140.1","140.1","150"
"19/03/2020","134.5","145.7","134.5","145.7","67321"
"20/03/2020","151.35","151.5","148","151.5","64717"
"23/03/2020","157.5","157.5","157.5","157.5","15"
"24/03/2020","163.75","163.75","163.75","163.75","2035"
"25/03/2020","163.75","163.75","157.3","157.3","1181"
"26/03/2020","160.35","160.4","160.35","160.4","285"
"27/03/2020","154.1","154.2","154.1","154.1","7430"
"30/03/2020","156","156","156","156","245"
"31/03/2020","156","156","155","156","510"
"01/04/2020","155.95","155.95","150","150","125"
"02/04/2020","152.5","152.5","150","150","330"
"03/04/2020","149","149","144.05","144.05","32728"
"06/04/2020","149.8","149.8","144","144","840"
"07/04/2020","148.9","148.9","138.25","138.25","2336"
"08/04/2020","140","140","134","140","188"
"09/04/2020","141.45","141.45","140","140","20"
"10/04/2020","143.7","143.7","143.7","143.7","5105"
"14/04/2020","142","142","140","140","2414"
"15/04/2020","140","140","138.5","138.5","874"
"17/04/2020","139","139","135","135","5822"
"20/04/2020","135","135.1","132","132","23971"
"21/04/2020","127.5","132","126.75","126.75","89140"
"22/04/2020","128.95","129","125","125","5447"
"23/04/2020","127","127","125","125","10506"
"24/04/2020","129.5","129.5","128.9","128.9","2778"
"27/04/2020","130","130","125","125","15211"
"28/04/2020","129.95","129.95","121.55","121.55","44565"
"29/04/2020","125","126.4","123.5","126.4","154826"
"30/04/2020","131","131.45","131","131.45","595"
"04/05/2020","136.7","136.7","136.65","136.7","8189"
"05/05/2020","141","142","140","140","4725"
"06/05/2020","143","143","140","140","3558"
"07/05/2020","140","140","139","139","375"
"08/05/2020","139","141","135","135","1737"
"12/05/2020","136","136","130","130","8193"
"13/05/2020","128.5","133","128","133","590"
"14/05/2020","133","133","130","130","1370"
"15/05/2020","129.5","131","129.5","129.5","926"
"18/05/2020","134.5","134.5","130","130","1874"
"19/05/2020","135.1","135.1","125.5","125.5","27681"
"20/05/2020","129.5","129.9","128.9","129.9","560"
"21/05/2020","130","132","130","132","1000"
"22/05/2020","132.9","132.9","129.9","129.9","27036"
"26/05/2020","132.4","133.85","132","133.85","47642"
"27/05/2020","137","138","134.55","134.6","115359"
"28/05/2020","139.45","139.45","135","135","4051"
"29/05/2020","133","136.5","133","135","2583"
"01/06/2020","134","136","134","136","210"
"02/06/2020","138","138","137","137.5","4060"
"03/06/2020","137.95","142.5","137.5","142","2644"
"04/06/2020","143","145","142.15","142.15","34960"
"05/06/2020","144.8","144.8","140","140","79785"
"08/06/2020","143.5","143.5","139.95","139.95","12275"
"09/06/2020","139","139","138.5","139","91704"
"10/06/2020","139","139","139","139","41297"
"11/06/2020","138.1","140","138","138.8","27695"
"12/06/2020","138","138","138","138","599"
"15/06/2020","139","139","139","139","200"
"16/06/2020","140","141","140","141","300"
"17/06/2020","146.6","146.6","146.6","146.6","4188"
"18/06/2020","147","147","143","143.6","180537"
"19/06/2020","143.6","146","142","146","56919"
"22/06/2020","146.05","150","145.9","150","4419"
"23/06/2020","149.9","149.9","146.5","146.5","3837"
"24/06/2020","146.5","147","145.2","145.2","1628"
"25/06/2020","146","146","145.1","145.1","1387"
"26/06/2020","146","146","142.5","142.5","117272"
"29/06/2020","145","145","140.6","140.6","13836"
"30/06/2020","140.6","140.6","140","140","20406"
"01/07/2020","140.5","143.95","140","140","6223"
"02/07/2020","140","140.05","140","140","10439"
"03/07/2020","140","143","140","143","675"
"06/07/2020","143","143","143","143","10597"
"07/07/2020","140","143","140","143","5677"
"08/07/2020","141","143","141","143","122"
"09/07/2020","142.5","144","142.5","143.5","280"
"10/07/2020","142.5","143.5","140","140","1987"
"14/07/2020","140","140","137.25","137.25","560"
"15/07/2020","141","141","141","141","20376"
"16/07/2020","143.8","143.8","141","142","19405"
"17/07/2020","143","143","141","141","1635"
"20/07/2020","141","141","139","139.6","36"
"21/07/2020","142.5","142.5","139.75","140","650"
"22/07/2020","140","140","140","140","16498"
"23/07/2020","137.25","141.9","137.25","141.9","6237"
"24/07/2020","141","141.9","139.5","139.5","240"
"27/07/2020","138.1","138.5","138","138.5","20300"
"28/07/2020","139","139","135.7","135.7","28602"
"29/07/2020","140","140","140","140","22"
"04/08/2020","139.9","139.9","137","137.55","960"
"05/08/2020","138","139.4","137.6","137.6","11831"
"06/08/2020","139.5","139.5","139.5","139.5","407"
"07/08/2020","138.5","139.3","138.5","138.5","135"
"10/08/2020","138.6","138.6","138.1","138.1","126"
"11/08/2020","142.5","142.5","142.5","142.5","14"
"12/08/2020","137.05","141.45","137.05","137.55","1069"
"13/08/2020","141","141","138.15","138.15","299"
"17/08/2020","138.1","138.1","138","138","217"
"18/08/2020","138.15","138.15","137.7","137.7","2209"
"19/08/2020","137.7","137.9","137","137","7375"
"24/08/2020","139.95","139.95","135.5","137","1054"
"25/08/2020","137","137","134.95","134.95","1388"
"26/08/2020","135","135","130","130","10753"
"27/08/2020","130","130","129","129","11211"
"28/08/2020","129","129","128.95","128.95","5452"
"31/08/2020","130","132.1","130","130","13012"
"01/09/2020","134","134","130.6","130.6","13287"
"02/09/2020","131","133","129","129.3","25743"
"03/09/2020","129.1","130.5","129.1","130","497"
"04/09/2020","129.5","129.95","129","129","8835"
"07/09/2020","130","134","130","132","297"
"08/09/2020","130","130","129.5","129.5","75000"
"09/09/2020","130","130","129","129","1992"
"10/09/2020","130","130","130","130","616"
"11/09/2020","130","130","127.95","127.95","36187"
"14/09/2020","132","132","129","129","1000"
"15/09/2020","131.4","131.4","128","129","613"
"16/09/2020","128","130","128","128","2414"
"17/09/2020","128.5","131","127","127.05","12158"
"18/09/2020","127.05","128.8","127.05","127.1","1845"
"21/09/2020","129.5","129.5","129.5","129.5","22"
"23/09/2020","127.1","128","127.1","128","99"
"24/09/2020","127","128","124","124","10217"
"25/09/2020","124.3","126","123.95","124","3748"
"28/09/2020","128.5","128.5","124.15","124.15","43"
"29/09/2020","124.15","127.95","124.15","126","4497"
"30/09/2020","126","126","126","126","29"
"01/10/2020","129","129","129","129","89"
"02/10/2020","130","130","127.45","130","2205"
"05/10/2020","130","130","130","130","380"
"06/10/2020","129","130","127.05","130","12845"
"07/10/2020","130","130","130","130","8886"
"08/10/2020","131.9","131.9","130","130","3006"
"09/10/2020","131","131","130.9","130.9","70"
"12/10/2020","131.5","131.5","130","130","6160"
"13/10/2020","130","130","130","130","1381"
"14/10/2020","130.95","134.65","130.95","133.8","6316"
"15/10/2020","134.75","134.75","131","132.1","10903"
"16/10/2020","132","132.1","132","132.1","12203"
"19/10/2020","134.5","134.5","130.7","130.7","934"
"20/10/2020","133","133","130.5","131","1830"
"21/10/2020","131.5","131.5","131.5","131.5","460"
"22/10/2020","132.5","134.45","132.5","133.15","37050"
"23/10/2020","134","136.9","134","135","2523"
"26/10/2020","137.95","137.95","137.5","137.9","177"
"27/10/2020","138","139","136","139","35968"
"28/10/2020","138","138","138","138","300"
"02/11/2020","133.15","136","133.15","136","3705"
"03/11/2020","135.15","136","135","135","5297"
"04/11/2020","135.9","136","134","135","3742"
"05/11/2020","136.5","136.5","135","135.5","13815"
"09/11/2020","135.5","140.9","135","140.5","9197"
"10/11/2020","140.5","144","140.5","143","2262"
"11/11/2020","144","144","141","143.7","1330"
"12/11/2020","142.9","143.5","142.9","143","9157"
"13/11/2020","140.6","143.7","140.5","143.7","51833"
"16/11/2020","144","144","144","144","913"
"17/11/2020","144","145","142","145","4298"
"19/11/2020","145","147","145","147","6220"
"20/11/2020","148.9","150","146.05","149.9","81791"
"23/11/2020","154.5","154.5","149.95","153.9","13104"
"24/11/2020","153.9","155","153.9","154.5","10993"
"25/11/2020","154.9","156.5","153.05","156","22828"
"26/11/2020","154","159.85","154","154","6545"
"27/11/2020","158","158","153","153","6788"
"30/11/2020","153.05","155","153","155","23582"
"01/12/2020","153.3","156","153.3","153.7","1898"
"02/12/2020","152.65","155.85","152.5","152.6","2575"
"03/12/2020","153","155","152.6","152.6","22470"
"04/12/2020","151.15","153","151.15","151.45","26739"
"07/12/2020","151.55","151.55","151.5","151.5","1135"
"08/12/2020","152","152","151.6","151.65","391"
"09/12/2020","153.8","153.8","151","151","1722"
"10/12/2020","153.75","153.75","152","152","10003"
"11/12/2020","152.7","158","152.7","157","41334"
"14/12/2020","157","157.5","155.6","156","5461"
"15/12/2020","156","156","155.9","155.9","49"
"16/12/2020","153","155.65","152.5","153","691"
"17/12/2020","152.5","155.8","150","155.55","27154"
"18/12/2020","153.2","159.45","153.2","158.9","40701"
"21/12/2020","158","158","152.55","152.55","12640"
"22/12/2020","151.1","155","151","154.95","3712910"
"23/12/2020","153.1","155.1","153.1","155","7202"
"24/12/2020","156.5","156.5","152.7","152.7","13480"
"25/12/2020","156.95","157","152","154.9","74474"
"28/12/2020","152.1","153","152.1","153","507"
"29/12/2020","152.6","152.65","152","152","3824"
"30/12/2020","152","154","150","150","214776"
"31/12/2020","151","155.95","150.3","155.95","17162"
"04/01/2021","151","154","151","154","110"
"05/01/2021","151","154","151","151","10913"
"06/01/2021","151.25","151.35","151.25","151.3","1569"
"07/01/2021","151.35","152.5","151.35","152.5","15903"
"08/01/2021","152.05","152.05","152.05","152.05","50"
"13/01/2021","151.5","154.9","151.4","151.4","2838"
"14/01/2021","151.5","151.5","151.1","151.1","1320"
"15/01/2021","151.15","155","151.15","154","806"
"18/01/2021","154","154","152","154","84"
"19/01/2021","152","156.85","152","156","19211"
"20/01/2021","153.65","156.85","153.65","156.8","3360"
"21/01/2021","156.8","156.8","156","156","153"
"22/01/2021","153","159","153","159","38130"
"26/01/2021","158.9","162","155.4","162","18763"
"27/01/2021","161.95","161.95","160","160","625"
"28/01/2021","160","161","160","160","191"
"29/01/2021","160","161","160","160.9","5948"
"01/02/2021","159","160","159","159","11942"
"02/02/2021","157.6","160","156","160","2950"
"03/02/2021","158.05","161.5","158.05","161.5","29367"
"04/02/2021","160","162","160","160.1","45897"
"05/02/2021","162.9","162.9","160.1","160.1","30250"
"08/02/2021","162.7","162.85","161.1","161.1","15422"
"09/02/2021","161.5","162.6","161.1","161.1","27252"
"10/02/2021","161.1","161.15","159.9","160","1081"
"11/02/2021","157.2","159.85","155","159.85","518"
"12/02/2021","159.5","159.5","159.5","159.5","100"
"15/02/2021","154.8","158.9","154.8","158.5","5013"
"17/02/2021","155.6","155.6","155.6","155.6","18"
"18/02/2021","155.6","157.95","152.5","157","1270"
"19/02/2021","159.3","159.3","155.05","155.05","520"
"22/02/2021","158.15","158.15","157.5","157.5","1540"
"24/02/2021","155","155","152.9","152.9","24221"
"25/02/2021","152","155","152","155","5265"
"26/02/2021","156.5","158.8","152.15","155","29401"
"01/03/2021","152.2","157.45","152.2","155","5002"
"02/03/2021","154","154","150","150.15","2151"
"03/03/2021","152.95","152.95","151","151","201"
"05/03/2021","150","150.5","149.75","149.75","2740"
"08/03/2021","150","150","148","148.05","271"
"09/03/2021","151.95","151.95","148.55","148.55","186"
"11/03/2021","148.55","148.6","148.55","148.6","484"
"12/03/2021","152.7","152.7","152.7","152.7","34812"
"15/03/2021","152.7","152.7","152.7","152.7","1551"
"16/03/2021","150","150","149","149","40"
"17/03/2021","150","152.6","150","152.6","426"
"18/03/2021","152.6","156.8","152.6","156.8","2374"
"19/03/2021","154.5","158","154.5","158","7213"
"22/03/2021","152.2","158","152.2","156.95","35"
"23/03/2021","155","155","151","151","10030"
"24/03/2021","154","157","154","157","3270"
"25/03/2021","156.95","161","156.95","161","50153"
"26/03/2021","161.15","161.15","160","160","44001"
"29/03/2021","155.05","155.05","154","154","423"
"30/03/2021","157","158.5","157","158.5","12500"
"31/03/2021","157","157","156.9","156.9","70000"
"01/04/2021","159","160","155.05","160","2939"
"02/04/2021","160.5","161","160.5","160.9","131"
"05/04/2021","154.6","160","154.6","160","6501"
"06/04/2021","160.35","160.35","160.35","160.35","10"
"07/04/2021","160.3","160.3","160.3","160.3","9"
"08/04/2021","160","160","157","160","54"
"09/04/2021","160","160","160","160","19319"
"12/04/2021","158","160.3","157.5","160","197"
"13/04/2021","160","160","160","160","456"
"14/04/2021","158","160","158","160","619"
"16/04/2021","158","158","158","158","665"
"19/04/2021","156.2","158","156.2","158","42"
"20/04/2021","159","160","159","160","1269"
"21/04/2021","156.1","159.95","156.1","159.95","1614"
"22/04/2021","158.3","160","158.3","160","1712"
"23/04/2021","156.15","160","156.15","160","2560"
"26/04/2021","158","160","158","160","3064"
"27/04/2021","156.85","159.9","156.85","159.9","8650"
"28/04/2021","159","159","159","159","60892"
"29/04/2021","159","159","158.2","159","145019"
"30/04/2021","158.5","159","158.5","159","11781"
"03/05/2021","160","160","159.85","159.85","5893"
"04/05/2021","156.65","160","156.65","160","1602"
"06/05/2021","159.95","162","157.3","160","16608"
"07/05/2021","160","160","158","158","166230"
"10/05/2021","159","159","159","159","35"
"11/05/2021","158","158","157.1","157.5","10351"
"12/05/2021","159","161.85","157.1","158.1","2972"
"17/05/2021","158","162","158","162","27958"
"18/05/2021","160","160","160","160","10400"
"19/05/2021","162","163","160","161","50762"
"20/05/2021","161.9","161.9","159.5","159.5","909"
"21/05/2021","161.5","161.5","159.5","159.5","11223"
"24/05/2021","161.45","161.45","158.1","158.1","555"
"25/05/2021","161.25","161.25","158.3","158.3","7913"
"26/05/2021","158.55","160","158.5","158.55","15198"
"27/05/2021","159.9","159.9","158.1","158.55","1443"
"28/05/2021","159.9","161.35","159.9","161","9653"
"31/05/2021","160.9","160.9","158","158","2351"
"01/06/2021","160","160","157","157","630"
"02/06/2021","157.2","160.95","157.2","160.95","4565"
"03/06/2021","159","161","159","160.5","6994"
"04/06/2021","160","160","160","160","1783"
"07/06/2021","160","161.4","160","161.2","1441"
"08/06/2021","160","161.35","160","160","2545"
"09/06/2021","161","161","160","160.5","245441"
"10/06/2021","160.05","161.45","160","161.4","22408"
"11/06/2021","160.05","161.4","160","160.05","27938"
"14/06/2021","160","165","160","163.5","36853"
"15/06/2021","162","165","160.5","163.5","35510"
"16/06/2021","164.95","165","160.55","163.6","132830"
"17/06/2021","163.5","164.9","163.5","164.9","25002"
"18/06/2021","165","168","163.5","168","17033"
"21/06/2021","164.05","170","164.05","169.9","2392"
"22/06/2021","166","168.4","165.5","168.2","363756"
"23/06/2021","168.2","169.85","168.2","169.85","133384"
"24/06/2021","168.55","169.5","166","168.5","3578"
"25/06/2021","168.5","168.5","168.5","168.5","221621"
"28/06/2021","166.5","169.95","166.5","169.95","536"
"29/06/2021","165.2","169.5","165.2","169.5","222"
"30/06/2021","168.8","168.8","165.5","168.7","3418"
"01/07/2021","169","169","169","169","2011"
"02/07/2021","169","172","168.95","172","20032"
"05/07/2021","169","172","169","172","25551"
"06/07/2021","171","171","168.5","168.5","8221"
"07/07/2021","172","172","169","169","9793"
"08/07/2021","172","172","172","172","29"
"09/07/2021","170","170","170","170","6019"
"12/07/2021","170","170","170","170","5865"
"13/07/2021","171","171","167","171","5249"
"14/07/2021","168.05","169","168.05","169","586"
"15/07/2021","167","168","167","167","347"
"16/07/2021","166.85","168.95","166.85","167.5","6480"
"19/07/2021","167","168","165.5","165.5","3292"
"23/07/2021","168","168","167","167","5947"
"26/07/2021","169","169","166","168","2293"
"27/07/2021","167","169","167","169","324"
"28/07/2021","167.1","170","167.1","170","6"
"02/08/2021","170","170","167","167","4063"
"03/08/2021","170","170","167","170","15046"
"04/08/2021","171","171","168.5","169","60297"
"05/08/2021","169","169","168.65","169","1039"
"06/08/2021","169","170.9","169","170.9","44651"
"09/08/2021","170.9","171","170.9","171","156"
"11/08/2021","171","171","171","171","91"
"12/08/2021","170.05","170.5","170","170","5551"
"13/08/2021","169","173","169","173","15158"
"16/08/2021","172.8","172.8","172.8","172.8","150"
"17/08/2021","172.05","172.05","172.05","172.05","581"
"18/08/2021","171.05","172","171","172","1405"
"19/08/2021","171","171","170","171","23638"
"23/08/2021","170","177.4","170","177.4","3401"
"24/08/2021","171.1","177.95","171.1","174","3036"
"25/08/2021","175.45","175.45","175","175","18"
"26/08/2021","172.25","175","172.25","175","6639"
"27/08/2021","174","175","174","175","22844"
"30/08/2021","173.1","176.5","173.1","175","172"
"31/08/2021","174","174","174","174","5853"
"01/09/2021","174.8","174.8","174.8","174.8","3700"
"02/09/2021","173","175","173","175","14"
"03/09/2021","173.5","174.45","173.25","174.45","8300"
"06/09/2021","177","177","173.85","175","2260"
"07/09/2021","174","174.5","174","174.5","6214"
"08/09/2021","175.75","176.35","173.9","174","5484"
"09/09/2021","173.8","178.9","173.8","176","80571"
"10/09/2021","178.9","178.9","175.05","177","2420"
"13/09/2021","175.1","177","174.05","177","663"
"14/09/2021","176.95","177","176.95","177","210"
"15/09/2021","176","176","175","175","8322"
"16/09/2021","174.5","175","173","174.05","15024"
"17/09/2021","175.45","175.45","174","174.05","24428"
"20/09/2021","175.35","175.4","175","175","3170"
"21/09/2021","176","176","174","175","470"
"22/09/2021","175","175","174","175","35669"
"23/09/2021","174.5","175.5","174","174","94988"
"24/09/2021","176","176","174","175","43400"
"27/09/2021","176","176","174","175.95","23073"
"28/09/2021","175","175.95","175","175.9","652"
"29/09/2021","176","176","173","175","42633"
"30/09/2021","175","176","174.5","176","122152"
"01/10/2021","175.1","175.1","174.5","175","22960"
"04/10/2021","177.8","177.8","173","175","20852"
"05/10/2021","175","175","175","175","1156"
"06/10/2021","173.5","176","172","176","4809"
"08/10/2021","176","176","176","176","6742"
"11/10/2021","176.5","176.5","174.1","174.5","9976"
"13/10/2021","174.1","175","174","175","2456"
"14/10/2021","175","175","174.95","175","15088"
"15/10/2021","174","175","174","175","30167"
"18/10/2021","174","175","174","175","22213"
"21/10/2021","175","175.5","175","175.5","30841"
"22/10/2021","174.5","175.6","174.5","175.6","11272"
"25/10/2021","174.5","176.5","174.5","176.5","19652"
"26/10/2021","176.5","180.5","175.5","180.5","42027"
"27/10/2021","180","184.9","179.55","183.5","26085"
"28/10/2021","183.5","183.5","180","183.5","21001"
"29/10/2021","183.45","191.3","183.45","186","2215510"
"01/11/2021","189.95","189.95","186","186","9304"
"02/11/2021","186","187","186","187","276821"
"03/11/2021","186","186","185","186","4345"
"04/11/2021","185","188","184","186","1743"
"05/11/2021","186","186","185","185.5","5096"
"08/11/2021","188","189.95","188","189.95","250"
"09/11/2021","188","188","185.5","187.95","35"
"10/11/2021","186","187","186","186","801"
"11/11/2021","186","187","185.5","185.5","755"
"12/11/2021","185.5","189.95","185.5","186","3287"
"15/11/2021","186","186","186","186","1850"
"16/11/2021","186","186","186","186","31928"
"17/11/2021","185.55","186","185.55","186","72551"
"19/11/2021","186.05","186.05","186","186","7500"
"22/11/2021","186.3","188.35","185","188.35","5861"
"23/11/2021","185","189","185","186","71036"
"24/11/2021","185","186.9","185","186.9","36759"
"25/11/2021","185.2","185.2","185.1","185.1","120"
"26/11/2021","188","188","188","188","24553"
"29/11/2021","185","185.05","184","185","1603"
"30/11/2021","185","185","184","184.1","47660"
"01/12/2021","187","187","185","185","10001"
"02/12/2021","184.1","187.5","184.1","187.5","1246"
"03/12/2021","187","187.5","186","186","22014"
"06/12/2021","187","187","185","186","7892"
"07/12/2021","186","186","186","186","14030"
"08/12/2021","186","186.4","185.1","186","11097"
"09/12/2021","186","186.5","186","186.05","16099"
"10/12/2021","186.5","187","186","187","23540"
"13/12/2021","186","187","186","186.05","151803"
"14/12/2021","186","187.95","186","187.95","2526"
"15/12/2021","186","188.6","186","187","1301"
"16/12/2021","186.1","188","186","186","600"
"17/12/2021","186","186","186","186","4735"
"20/12/2021","186","188","186","186","2086"
"21/12/2021","186","188","186","188","15732"
"22/12/2021","186.05","186.05","186","186.05","6250"
"23/12/2021","186","186.05","186","186.05","11000"
"24/12/2021","186.05","186.15","186.05","186.15","5465"
"27/12/2021","185.15","186","185.05","186","6891"
"28/12/2021","186","188.5","186","188.5","7150"
"29/12/2021","188","188","188","188","290425"
"30/12/2021","187","188","187","188","7800"
"31/12/2021","186.05","188","186.05","188","114519"
"04/01/2022","185","186","185","186","1510"
"05/01/2022","186","187","186","187","450"
"07/01/2022","185.6","188.9","185.15","188.85","384"
"10/01/2022","186.15","188.5","186.1","188","587"
"12/01/2022","188.45","188.45","188","188","596"
"13/01/2022","188","188.5","188","188.45","645"
"14/01/2022","188","198","186.5","198","63576"
"17/01/2022","197.9","197.9","192.6","195","50487"
"18/01/2022","196.4","196.4","192.75","192.75","16031"
"19/01/2022","192.75","193","192.05","193","21187"
"20/01/2022","193","194.75","193","194.75","1015254"
"21/01/2022","194.75","197","194.75","195.5","106380"
"24/01/2022","196.95","198","195.5","195.5","519"
"25/01/2022","195.5","195.5","192.05","193.05","5775"
"26/01/2022","193","193.5","192.65","193","723"
"27/01/2022","194.9","197.95","193.2","193.2","275"
"28/01/2022","195.95","204.75","195","204.75","177792"
"31/01/2022","208","217","208","215.95","35177"
"01/02/2022","217","217","207","207","30373"
"02/02/2022","212","213.9","210","213.9","3047"
"03/02/2022","213.7","216","209.25","216","5555"
"04/02/2022","216","218","216","218","3189"
"07/02/2022","218.5","220","215","220","17227"
"08/02/2022","224","225","223","223","26911"
"09/02/2022","220.2","224","220.2","223","1061"
"10/02/2022","223","224","220","223","5729"
"11/02/2022","224","224","220","220","15595"
"14/02/2022","219","219.05","218","218","971"
"15/02/2022","215","215.05","212","212.2","25709"
"16/02/2022","216.95","216.95","211","211","60741"
"17/02/2022","210.05","211","206.55","206.55","12476"
"18/02/2022","210","210","206.5","207","6902"
"21/02/2022","206.2","207.9","206","207","768"
"22/02/2022","200.1","206.95","200","206.5","23458"
"23/02/2022","205.05","210","205.05","210","1492"
"24/02/2022","205","205","197.5","198","65866"
"25/02/2022","198","204","198","201.5","17585"
"28/02/2022","203.75","204","200","200","1242"
"01/03/2022","198.2","200","198","200","1463"
"02/03/2022","200","202.1","198","202.1","9023"
"03/03/2022","198","201.95","198","200","351"
"04/03/2022","200","200.05","196","200","56043"
"07/03/2022","199.8","199.8","191","194","5772"
"08/03/2022","194","197","194","197","4887"
"09/03/2022","198","202.5","197.05","200","1196"
"10/03/2022","202.8","202.8","197","197","5072"
"11/03/2022","200","204.5","195","195","81461"
"14/03/2022","200","200","196","196.5","421"
"15/03/2022","199.95","200","197.5","200","765"
"16/03/2022","196.5","200","195.55","200","5031"
"17/03/2022","199.95","202","199.95","202","8581"
"18/03/2022","205","205","200","200","11311"
"21/03/2022","200","200","198","200","640"
"22/03/2022","200.1","201.9","199","200","3276"
"23/03/2022","200","200","194","197","26145"
"24/03/2022","199","199","196","196","52829"
"25/03/2022","198","198","196","197.5","23360"
"28/03/2022","199","200","195","200","6519"
"29/03/2022","200","200","196","196","23030"
"30/03/2022","198","200","196","199","1897"
"31/03/2022","200","200","197","199","61261"
"01/04/2022","198","202","197","199","71117"
"04/04/2022","200","200","198","200","6015"
"05/04/2022","200","201.9","196","201.9","1336"
"06/04/2022","200","201.9","200","200","25118"
"07/04/2022","200","200.05","199.05","200","17304"
"08/04/2022","200","200.05","200","200.05","18896"
"11/04/2022","200","200","199","200","705"
"12/04/2022","200","200","198.1","199.5","1876"
"13/04/2022","199.5","200.55","199.5","200.55","518"
"14/04/2022","200","200.55","199.5","200.55","1468"
"15/04/2022","200","200","199.5","200","20570"
"18/04/2022","200","201","199","200","10115"
"19/04/2022","199","200","196.05","200","1001"
"20/04/2022","208.45","208.45","200","200","1450"
"21/04/2022","200","200","200","200","50"
"22/04/2022","200","205.95","200","200.05","1830"
"25/04/2022","204.95","204.95","201","201","5102"
"26/04/2022","202","202","200.05","200.05","14031"
"27/04/2022","200","201","200","201","13675"
"28/04/2022","200","202.5","200","201","69"
"29/04/2022","200.5","200.5","200.5","200.5","10000"
"04/05/2022","203.85","203.85","200","200","270"
"05/05/2022","200","201.9","200","200","575"
"06/05/2022","200","202","196.15","200","8662"
"09/05/2022","198","200.95","198","200","58"
"10/05/2022","201.5","201.5","195","195","18666"
"11/05/2022","195","197","193","195","1427"
"12/05/2022","193.1","199.95","193","193","1621"
"13/05/2022","197.75","197.75","197.75","197.75","2"
"16/05/2022","195","198","195","198","38"
"17/05/2022","199.95","199.95","195","195","1160"
"18/05/2022","195","195","195","195","1005"
"19/05/2022","192","197","192","195","1747"
"20/05/2022","195","196.5","193","193","26550"
"23/05/2022","194.9","196","192","196","1368"
"24/05/2022","194","195","192","194","14601"
"25/05/2022","192","193","192","193","518"
"26/05/2022","194","194","194","194","270"
"27/05/2022","193","193","191","191","18436"
"30/05/2022","191","191.1","191","191.1","48898"
"31/05/2022","191","193","191","191.1","14490"
"01/06/2022","202.55","202.55","191","191","14003"
"02/06/2022","191","194.95","191","194.95","846"
"03/06/2022","191.1","196.8","191.1","195","137408"
"06/06/2022","193.55","193.55","193.05","193.05","702"
"07/06/2022","195","196.5","195","195.05","27822"
"08/06/2022","195","195","195","195","129"
"09/06/2022","192","195","192","195","12121"
"10/06/2022","196","196","192.05","193","2289"
