"Date","Open","High","Low","Close","Volume"
"20/07/2004","36.68","36.68","36.68","36.68","60516.22"
"21/07/2004","38.35","38.35","38.35","38.35","16049.06"
"27/07/2004","38.64","38.64","38.64","38.64","49782.77"
"29/07/2004","37.17","37.27","37.17","37.22","44344.49"
"02/08/2004","36.78","37.17","36.78","36.78","82432.91"
"03/08/2004","36.78","36.78","36.78","36.78","71147.45"
"04/08/2004","36.78","37.17","36.78","37.17","30667"
"05/08/2004","37.08","37.42","37.08","37.42","32977.25"
"06/08/2004","37.03","37.17","37.03","37.08","20751.34"
"09/08/2004","36.88","36.88","36.88","36.88","21630.46"
"10/08/2004","36.88","36.88","36.88","36.88","24513.16"
"11/08/2004","36.88","37.03","36.88","36.98","22468.69"
"12/08/2004","36.98","37.03","36.93","36.93","37291.08"
"13/08/2004","36.93","36.98","36.93","36.98","5479.17"
"16/08/2004","36.93","36.98","36.93","36.93","37250.19"
"17/08/2004","36.88","36.93","36.88","36.88","27763.86"
"18/08/2004","36.88","36.88","36.73","36.73","26291.84"
"19/08/2004","36.68","36.73","36.54","36.54","147978.51"
"23/08/2004","36.29","36.68","36.29","36.68","8320.98"
"24/08/2004","36.54","36.68","36.49","36.68","47860.97"
"25/08/2004","36.68","36.68","36.64","36.68","18379.76"
"26/08/2004","36.59","36.68","36.59","36.68","42095.57"
"27/08/2004","36.68","37.08","36.68","37.08","34796.83"
"30/08/2004","36.73","36.93","36.73","36.78","49189.87"
"31/08/2004","36.83","36.83","36.68","36.68","66015.84"
"01/09/2004","36.68","36.68","36.68","36.68","25760.28"
"02/09/2004","36.59","36.68","36.54","36.59","35328.39"
"03/09/2004","36.54","36.59","36.54","36.59","6808.07"
"06/09/2004","36.59","36.59","36.59","36.59","27457.19"
"07/09/2004","36.68","36.68","36.49","36.68","116841.28"
"08/09/2004","36.49","36.59","36.49","36.49","97684.63"
"09/09/2004","36.29","36.49","36.29","36.39","71679.01"
"10/09/2004","36","36.2","36","36.2","61334.01"
"13/09/2004","36.2","36.2","36","36","100976.22"
"14/09/2004","35.95","36.2","35.95","36.2","29338.1"
"15/09/2004","35.95","36.2","35.95","35.95","54587.27"
"16/09/2004","35.71","35.95","35.71","35.95","25003.83"
"17/09/2004","35.95","36.29","35.95","36.2","39846.66"
"20/09/2004","36.2","36.24","36.2","36.24","61415.79"
"21/09/2004","36.24","36.29","36.2","36.2","61272.67"
"22/09/2004","36","36.05","35.95","35.95","69246.09"
"23/09/2004","36.15","36.15","35.8","35.8","30462.56"
"24/09/2004","35.71","35.71","35.51","35.51","55813.95"
"27/09/2004","35.12","35.71","35.12","35.46","50130.33"
"28/09/2004","35.12","35.22","34.87","34.87","50232.55"
"29/09/2004","34.24","35.22","34.24","35.22","45448.5"
"30/09/2004","35.27","35.71","35.27","35.31","72864.8"
"01/10/2004","34.73","34.87","34.73","34.87","38517.76"
"04/10/2004","34.87","34.87","34.48","34.87","22121.13"
"05/10/2004","34.48","34.73","34.48","34.58","8872.99"
"06/10/2004","34.48","34.68","34.48","34.68","30503.45"
"07/10/2004","34.48","34.48","34.19","34.19","89056.98"
"08/10/2004","34.19","34.19","33.85","33.85","21405.57"
"11/10/2004","34.04","34.04","34.04","34.04","18604.65"
"12/10/2004","34.19","34.19","33.85","34.19","16233.07"
"13/10/2004","33.95","33.99","33.65","33.65","22632.25"
"14/10/2004","33.26","33.51","32.04","33.26","65709.17"
"15/10/2004","33.26","33.26","33.21","33.21","72783.02"
"18/10/2004","33.26","33.51","33.26","33.51","24881.16"
"19/10/2004","33.75","33.95","33.26","33.75","18727.32"
"20/10/2004","33.75","33.99","33.75","33.75","36289.29"
"21/10/2004","33.75","33.9","33.75","33.9","23920.26"
"22/10/2004","33.9","33.9","33.26","33.26","47738.3"
"25/10/2004","33.7","33.7","33.46","33.55","9424.99"
"26/10/2004","33.51","33.51","33.51","33.51","13166.37"
"27/10/2004","33.26","33.36","33.26","33.26","23490.92"
"28/10/2004","33.26","33.26","32.87","32.87","24329.16"
"29/10/2004","32.72","32.77","32.28","32.77","50416.55"
"01/11/2004","32.77","34.14","32.77","34.14","29133.65"
"02/11/2004","34.19","34.24","33.75","33.75","31505.24"
"03/11/2004","33.75","33.75","33.75","33.75","42422.69"
"04/11/2004","33.75","33.95","33.75","33.75","41339.12"
"05/11/2004","33.95","33.95","33.51","33.75","43322.25"
"08/11/2004","33.75","33.99","33.75","33.95","18747.76"
"09/11/2004","33.8","33.95","33.75","33.95","77669.3"
"10/11/2004","33.85","33.95","33.75","33.95","58267.31"
"11/11/2004","33.75","33.85","33.75","33.85","23041.14"
"12/11/2004","33.75","33.75","33.75","33.75","9220.55"
"16/11/2004","33.75","33.75","33.6","33.75","41380.01"
"17/11/2004","33.7","33.75","33.6","33.75","56958.85"
"19/11/2004","33.75","33.75","33.65","33.75","48883.2"
"22/11/2004","33.75","33.75","33.26","33.26","32486.58"
"23/11/2004","33.02","33.26","33.02","33.26","46409.4"
"24/11/2004","33.26","33.75","33.26","33.75","39233.32"
"25/11/2004","33.7","33.75","33.65","33.75","38047.53"
"26/11/2004","33.65","33.75","33.51","33.75","38006.64"
"29/11/2004","33.51","33.75","33.51","33.75","71679.01"
"30/11/2004","33.55","33.75","33.51","33.7","54566.82"
"01/12/2004","33.26","33.7","33.26","33.7","30707.89"
"02/12/2004","33.7","33.7","33.31","33.55","28172.75"
"03/12/2004","33.51","33.51","33.26","33.51","16560.18"
"06/12/2004","33.51","33.51","33.26","33.51","27579.86"
"07/12/2004","33.46","33.46","33.46","33.46","6542.29"
"08/12/2004","33.41","33.51","33.41","33.51","10222.34"
"09/12/2004","33.51","33.51","32.77","33.46","9711.22"
"10/12/2004","33.41","33.75","33.36","33.75","73580.36"
"13/12/2004","33.95","34.24","33.75","34.24","36023.51"
"14/12/2004","34.19","34.24","33.75","34.19","58471.75"
"15/12/2004","34.19","34.19","33.75","34.19","27395.86"
"16/12/2004","34.04","34.19","33.99","34.14","14188.6"
"17/12/2004","33.99","34.14","33.31","33.99","24267.82"
"20/12/2004","33.31","33.99","33.31","33.75","38497.31"
"21/12/2004","33.75","33.99","33.75","33.99","38517.76"
"22/12/2004","33.99","33.99","33.51","33.95","18236.64"
"23/12/2004","33.75","33.95","33.75","33.95","21242.01"
"24/12/2004","33.75","33.9","33.75","33.9","18113.98"
"27/12/2004","32.77","33.75","32.77","33.7","55486.83"
"28/12/2004","33.31","33.75","33.31","33.7","11673.91"
"29/12/2004","33.51","33.7","33.26","33.26","79407.1"
"30/12/2004","33.26","33.7","33.26","33.26","50743.67"
"31/12/2004","33.26","33.75","33.02","33.7","246010.7"
"03/01/2005","33.65","33.65","33.26","33.6","11857.91"
"04/01/2005","33.51","33.51","33.26","33.51","16355.74"
"05/01/2005","33.51","33.51","33.31","33.51","12982.36"
"06/01/2005","33.51","33.51","33.26","33.51","6726.3"
"07/01/2005","33.26","33.51","33.26","33.51","19340.66"
"10/01/2005","33.51","33.51","33.51","33.51","23981.6"
"12/01/2005","33.51","33.65","33.51","33.65","132706.35"
"13/01/2005","33.51","34.24","33.51","34.14","160551.99"
"14/01/2005","34.04","34.14","33.99","34.14","57735.75"
"17/01/2005","34.14","34.73","33.99","34.73","409976.95"
"18/01/2005","34.73","35.22","34.73","35.22","99994.88"
"19/01/2005","35.22","35.22","34.92","34.92","43669.81"
"20/01/2005","34.39","34.68","34.39","34.68","75359.05"
"24/01/2005","34.34","34.68","34.34","34.68","11653.46"
"25/01/2005","33.26","34.24","33.26","33.95","178625.07"
"26/01/2005","33.85","33.9","33.8","33.8","32098.13"
"27/01/2005","33.8","34.29","33.8","34.29","13064.14"
"28/01/2005","34.48","34.92","34.48","34.87","117965.74"
"31/01/2005","34.83","35.07","34.83","34.97","11592.13"
"01/02/2005","34.63","34.73","34.63","34.73","63235.36"
"02/02/2005","34.97","35.17","34.97","34.97","25290.06"
"03/02/2005","35.22","36.15","35.22","36.1","181794"
"04/02/2005","36.1","36.1","35.46","35.46","66179.39"
"07/02/2005","35.02","35.56","34.87","34.97","107232.29"
"08/02/2005","34.97","35.22","34.97","35.22","20710.45"
"09/02/2005","35.17","35.22","35.07","35.07","23163.81"
"11/02/2005","34.97","35.17","34.97","35.17","6501.4"
"14/02/2005","34.97","35.17","34.97","35.02","19115.77"
"15/02/2005","34.97","35.22","34.97","35.22","53401.48"
"16/02/2005","34.97","35.17","34.97","35.07","30891.9"
"17/02/2005","35.07","35.17","34.92","34.92","22284.69"
"18/02/2005","34.83","35.07","34.34","34.53","15210.83"
"21/02/2005","34.53","34.92","34.53","34.53","12716.58"
"22/02/2005","34.58","34.68","34.58","34.63","24594.94"
"23/02/2005","34.34","34.53","34.09","34.09","33938.15"
"24/02/2005","33.55","34.09","33.55","34.09","12450.8"
"25/02/2005","33.9","34.53","33.9","34.53","48004.08"
"28/02/2005","34.04","34.53","34.04","34.24","8034.76"
"01/03/2005","34.09","34.53","34.09","34.53","12164.58"
"02/03/2005","34.09","34.48","34.09","34.48","6726.3"
"03/03/2005","34.14","34.48","34.09","34.24","13289.04"
"04/03/2005","34.14","34.24","34.14","34.24","17521.08"
"07/03/2005","34.09","34.09","34.09","34.09","21119.34"
"08/03/2005","34.09","34.09","34.09","34.09","28377.2"
"09/03/2005","33.75","33.75","33.75","33.75","7196.52"
"10/03/2005","33.99","33.99","33.75","33.75","5520.06"
"11/03/2005","33.99","34.53","33.99","34.53","64789.16"
"14/03/2005","33.99","34.53","33.99","34.24","8198.31"
"15/03/2005","34.04","34.24","34.04","34.24","2841.81"
"16/03/2005","34.14","34.14","34.14","34.14","32282.13"
"17/03/2005","34.04","34.19","33.75","34.19","147692.29"
"18/03/2005","33.9","34.19","33.9","34.19","63153.58"
"21/03/2005","33.99","34.19","33.99","34.19","5990.29"
"22/03/2005","34.04","34.29","34.04","34.24","24104.26"
"23/03/2005","33.85","34.09","33.85","33.99","45673.39"
"24/03/2005","34.24","34.24","34.09","34.24","22714.03"
"25/03/2005","34.14","34.24","34.14","34.24","9895.22"
"28/03/2005","33.9","34.39","33.9","34.19","45182.72"
"29/03/2005","34.19","34.19","33.85","33.85","15374.39"
"30/03/2005","33.75","33.8","33.75","33.8","12266.8"
"31/03/2005","33.75","33.75","33.7","33.75","25003.83"
"01/04/2005","34.19","34.19","34.19","34.19","3066.7"
"04/04/2005","33.36","33.46","33.36","33.46","24574.49"
"05/04/2005","33.75","33.9","33.75","33.9","4824.94"
"06/04/2005","33.85","33.85","33.75","33.85","3659.6"
"07/04/2005","33.85","33.85","33.85","33.85","7482.75"
"08/04/2005","33.9","33.9","33.51","33.9","4109.38"
"11/04/2005","33.9","33.9","33.75","33.9","70227.44"
"12/04/2005","33.85","33.9","33.75","33.9","27252.74"
"13/04/2005","33.8","33.9","33.75","33.9","52665.47"
"14/04/2005","33.9","34.19","33.9","34.19","22468.69"
"15/04/2005","33.9","34.14","33.9","34.14","22100.69"
"18/04/2005","34.19","34.24","34.14","34.24","26475.85"
"19/04/2005","34.19","34.19","34.14","34.19","10631.23"
"20/04/2005","34.19","34.19","34.19","34.19","30074.11"
"25/04/2005","34.14","34.19","33.99","34.14","10897.01"
"26/04/2005","34.09","34.19","33.99","34.14","80183.99"
"27/04/2005","34.14","34.14","33.99","34.14","18113.98"
"28/04/2005","34.14","34.24","34.14","34.19","34858.16"
"29/04/2005","34.14","34.34","34.14","34.24","52542.8"
"02/05/2005","34.39","34.39","34.34","34.34","6399.18"
"03/05/2005","34.34","34.73","34.34","34.39","26782.52"
"04/05/2005","34.39","34.43","34.39","34.43","18849.98"
"05/05/2005","34.58","34.97","34.48","34.97","57245.07"
"06/05/2005","34.97","34.97","34.97","34.97","69716.32"
"09/05/2005","34.97","35.02","34.87","34.87","26578.07"
"10/05/2005","34.97","35.31","34.97","35.22","102816.24"
"11/05/2005","35.36","35.36","34.97","35.22","7687.2"
"12/05/2005","34.97","35.22","34.97","34.97","75461.27"
"13/05/2005","34.83","35.22","34.83","34.97","24370.05"
"16/05/2005","34.63","34.92","34.63","34.92","6746.74"
"17/05/2005","34.97","34.97","34.97","34.97","8872.99"
"18/05/2005","34.97","34.97","34.48","34.97","74357.26"
"19/05/2005","34.97","34.97","34.92","34.97","16764.63"
"20/05/2005","34.63","34.97","34.63","34.78","9445.44"
"23/05/2005","34.97","34.97","34.83","34.92","27109.63"
"24/05/2005","34.97","35.17","34.97","35.12","51173.01"
"25/05/2005","35.12","35.12","34.92","34.97","18849.98"
"26/05/2005","35.12","35.12","34.97","34.97","45448.5"
"27/05/2005","35.12","35.41","35.12","35.41","156708.39"
"30/05/2005","34.97","35.76","34.97","35.56","225320.7"
"31/05/2005","35.41","35.8","35.41","35.71","96866.84"
"01/06/2005","35.71","35.71","35.66","35.71","25535.39"
"02/06/2005","35.71","35.95","35.71","35.95","9608.99"
"03/06/2005","35.71","35.71","35.22","35.22","99892.65"
"06/06/2005","35.46","35.46","35.22","35.41","38865.32"
"07/06/2005","35.22","35.46","35.22","35.46","6828.52"
"08/06/2005","35.46","35.46","35.31","35.46","20587.78"
"09/06/2005","35.27","35.41","35.27","35.41","10222.34"
"10/06/2005","35.22","35.46","35.22","35.41","27130.08"
"13/06/2005","35.27","35.41","35.27","35.41","40296.44"
"14/06/2005","35.27","35.31","35.27","35.31","12307.69"
"15/06/2005","35.31","35.41","35.31","35.41","4600.05"
"16/06/2005","35.36","35.51","35.36","35.51","40705.34"
"17/06/2005","35.36","35.46","35.36","35.46","15987.73"
"20/06/2005","35.22","35.46","35.22","35.22","30851.01"
"21/06/2005","35.22","35.22","35.22","35.22","16008.18"
"22/06/2005","35.22","35.22","35.22","35.22","6256.07"
"23/06/2005","35.22","35.41","35.22","35.22","76912.84"
"24/06/2005","35.12","35.31","35.12","35.31","63255.81"
"27/06/2005","35.22","35.22","35.22","35.22","60986.45"
"28/06/2005","35.27","35.46","35.27","35.46","33508.81"
"29/06/2005","35.27","35.46","35.27","35.41","35594.17"
"30/06/2005","35.31","35.85","35.22","35.76","179177.08"
"01/07/2005","33.75","34.97","33.75","34.97","217694.84"
"04/07/2005","34.97","34.97","34.97","34.97","204099.13"
"05/07/2005","34.97","34.97","34.97","34.97","38844.87"
"06/07/2005","34.78","34.97","34.78","34.97","81758.23"
"07/07/2005","34.97","34.97","34.97","34.97","42606.69"
"08/07/2005","34.97","34.97","34.97","34.97","39621.77"
"11/07/2005","34.97","35.12","34.97","35.12","18911.32"
"12/07/2005","34.97","35.07","34.97","35.07","17786.86"
"13/07/2005","34.97","35.17","34.97","35.17","171080.99"
"14/07/2005","35.17","35.22","35.17","35.22","32363.91"
"15/07/2005","35.22","35.46","35.22","35.46","21058.01"
"18/07/2005","35.02","35.46","35.02","35.46","5172.5"
"19/07/2005","35.31","35.76","35.31","35.71","34142.6"
"20/07/2005","35.51","35.8","35.51","35.71","22877.58"
"21/07/2005","35.71","35.71","35.71","35.71","13145.92"
"22/07/2005","35.76","35.76","35.71","35.71","32895.47"
"25/07/2005","35.71","35.76","35.71","35.71","85949.39"
"26/07/2005","35.71","35.95","35.71","35.95","18665.98"
"27/07/2005","35.8","36.2","35.22","35.71","63582.92"
"28/07/2005","35.07","35.71","35.07","35.46","200439.54"
"29/07/2005","35.56","35.71","35.22","35.22","168811.63"
"01/08/2005","35.46","35.71","35.46","35.71","12450.8"
"02/08/2005","35.31","35.71","35.31","35.71","60659.33"
"03/08/2005","35.71","35.76","35.71","35.71","28929.21"
"04/08/2005","35.46","36.05","35.46","36.05","24349.6"
"05/08/2005","35.95","36.68","35.95","36.44","105453.6"
"08/08/2005","36.2","36.2","36.2","36.2","6337.85"
"09/08/2005","36.34","36.34","36.34","36.34","10181.44"
"10/08/2005","36.44","36.64","36.44","36.44","77607.96"
"11/08/2005","36.44","36.68","36.44","36.68","41380.01"
"12/08/2005","36.44","36.68","36.44","36.68","44467.16"
"15/08/2005","36.24","37.17","36.24","37.17","18461.54"
"16/08/2005","36.83","37.66","36.83","37.66","53033.47"
"17/08/2005","38.15","38.25","38.15","38.2","384196.22"
"18/08/2005","38.15","38.25","38.15","38.2","305852.25"
"19/08/2005","37.91","38.15","37.91","38.15","169056.97"
"22/08/2005","38.15","38.2","38.15","38.2","60945.56"
"23/08/2005","37.66","38.2","37.66","38.2","86746.73"
"24/08/2005","37.91","38.15","37.91","38.15","33038.58"
"25/08/2005","37.66","38.15","37.22","37.22","129516.98"
"26/08/2005","36.68","36.68","36.05","36.05","20138"
"29/08/2005","35.8","36.2","35.8","36.2","18481.98"
"30/08/2005","36.29","37.66","36.29","36.54","9813.44"
"31/08/2005","36.44","37.17","36.44","37.17","7012.52"
"01/09/2005","36.49","37.17","36.49","37.17","7728.08"
"02/09/2005","36.93","37.42","36.93","37.42","44303.6"
"05/09/2005","36.98","37.66","36.98","37.22","9956.55"
"06/09/2005","37.22","37.32","37.17","37.17","69327.87"
"07/09/2005","36.93","37.66","36.2","37.03","46838.74"
"08/09/2005","36.49","37.12","36.29","36.29","41155.12"
"09/09/2005","36.24","36.24","35.71","36.24","13738.82"
"12/09/2005","36.2","36.2","36.2","36.2","3189.37"
"13/09/2005","36.2","36.93","36","36.29","43649.37"
"14/09/2005","36.2","36.24","36.2","36.24","45816.5"
"15/09/2005","36.24","36.24","36.24","36.24","22468.69"
"16/09/2005","36.24","36.29","36.15","36.2","5928.95"
"19/09/2005","36.2","36.2","35.71","35.71","6664.96"
"20/09/2005","35.9","35.9","35.8","35.8","14249.93"
"21/09/2005","35.8","35.8","35.71","35.8","13759.26"
"22/09/2005","35.95","35.95","35.8","35.8","3884.49"
"23/09/2005","35.71","35.8","35.22","35.8","74377.71"
"26/09/2005","35.95","35.95","35.8","35.85","3802.71"
"27/09/2005","35.76","35.8","35.22","35.66","67344.74"
"28/09/2005","35.46","35.8","35.46","35.8","7912.09"
"29/09/2005","35.31","35.71","35.31","35.46","29890.11"
"30/09/2005","35.46","35.66","35.46","35.66","7482.75"
"03/10/2005","35.66","35.66","35.46","35.46","3271.15"
"04/10/2005","35.71","35.85","35.71","35.85","8811.65"
"05/10/2005","35.8","35.85","35.76","35.76","9813.44"
"06/10/2005","35.85","35.85","35.85","35.85","1022.23"
"07/10/2005","35.85","36.1","35.85","36.1","21814.46"
"10/10/2005","35.95","36.2","35.95","36.2","5397.39"
"11/10/2005","36.05","36.2","36.05","36.2","3761.82"
"12/10/2005","36.2","36.24","36.2","36.2","7216.97"
"13/10/2005","36.2","36.24","36.2","36.24","4293.38"
"14/10/2005","36.2","36.44","36.2","36.44","4988.5"
"17/10/2005","36.34","36.44","36.34","36.44","5049.83"
"18/10/2005","36.49","36.68","36.49","36.68","20117.55"
"19/10/2005","36.83","36.83","36.68","36.73","27722.97"
"20/10/2005","36.93","36.93","36.68","36.68","27170.96"
"21/10/2005","36.44","36.78","36.44","36.78","15824.17"
"24/10/2005","36.68","36.68","36.59","36.59","4722.72"
"25/10/2005","36.59","36.68","36.44","36.64","22366.47"
"26/10/2005","36.64","37.17","36.64","37.17","36309.73"
"27/10/2005","37.17","37.17","36.78","37.17","9261.44"
"28/10/2005","37.17","37.17","37.17","37.17","5744.95"
"31/10/2005","37.08","37.61","37.08","37.61","7094.3"
"01/11/2005","37.86","38.15","37.81","38.15","334474.79"
"02/11/2005","38.15","38.15","37.91","38.15","53912.59"
"03/11/2005","37.91","38.15","37.91","38.15","63071.8"
"07/11/2005","38.15","38.15","38.1","38.15","66670.07"
"08/11/2005","38.15","38.15","37.42","37.86","20444.67"
"09/11/2005","37.42","37.86","37.42","37.42","17480.19"
"10/11/2005","37.42","37.42","37.32","37.32","7441.86"
"11/11/2005","37.32","37.42","37.32","37.42","8034.76"
"14/11/2005","37.27","37.66","37.27","37.66","3720.93"
"15/11/2005","37.42","37.66","37.17","37.17","88954.76"
"21/11/2005","36.93","36.93","36.93","36.93","1349.35"
"22/11/2005","36.98","37.17","36.93","37.17","57490.41"
"23/11/2005","37.17","37.66","37.17","37.66","3577.82"
"24/11/2005","37.42","37.66","37.32","37.52","10324.56"
"25/11/2005","37.42","37.66","37.42","37.52","59228.21"
"28/11/2005","37.42","38.64","37.42","38.64","188908.74"
"29/11/2005","38.69","39.18","38.69","38.69","356289.25"
"30/11/2005","38.45","38.45","38.15","38.3","26066.95"
"01/12/2005","38.74","38.74","38.25","38.25","126368.5"
"02/12/2005","38.3","38.3","37.66","38.15","75767.94"
"05/12/2005","37.91","38.15","37.71","38.15","10692.56"
"06/12/2005","37.66","38.05","37.66","37.91","110319.43"
"07/12/2005","37.66","37.91","37.66","37.66","220066.42"
"08/12/2005","37.42","37.66","36.2","36.2","118333.74"
"09/12/2005","36.2","36.54","36.2","36.54","22795.81"
"12/12/2005","36.29","36.68","36.29","36.44","46552.51"
"13/12/2005","36.44","36.68","36.44","36.68","24226.93"
"14/12/2005","36.68","38.15","36.68","38.01","45509.83"
"15/12/2005","36.73","37.61","36.73","37.42","35021.72"
"16/12/2005","37.22","38.4","37.22","38.4","60659.33"
"19/12/2005","38.4","38.54","37.96","37.96","56754.4"
"20/12/2005","37.96","37.96","37.96","37.96","10549.45"
"21/12/2005","37.66","37.96","37.66","37.91","3066.7"
"22/12/2005","37.91","38.1","37.91","37.91","21426.01"
"23/12/2005","37.91","37.91","37.91","37.91","40500.89"
"26/12/2005","37.42","37.66","37.17","37.66","217429.06"
"27/12/2005","37.17","37.66","37.17","37.17","213749.02"
"28/12/2005","37.17","37.91","36.93","37.81","399775.06"
"29/12/2005","37.17","37.66","37.17","37.66","163475.57"
"30/12/2005","37.42","37.81","36.98","36.98","438415.48"
"02/01/2006","36.83","36.88","36.83","36.88","5908.51"
"03/01/2006","37.66","37.66","37.66","37.66","73089.69"
"04/01/2006","37.66","38.59","37.66","38.59","24799.38"
"05/01/2006","38.15","38.89","38.15","38.74","68959.87"
"06/01/2006","38.45","38.93","38.45","38.54","38844.87"
"09/01/2006","38.74","39.23","38.74","38.89","220945.54"
"10/01/2006","39.13","39.86","39.13","39.86","93554.81"
"13/01/2006","40.11","40.79","40.11","40.16","92430.35"
"16/01/2006","39.18","40.35","39.18","40.06","11449.02"
"17/01/2006","39.13","39.62","37.91","39.57","80429.33"
"18/01/2006","38.64","38.79","38.64","38.79","30953.23"
"19/01/2006","38.89","39.62","38.89","38.89","56815.74"
"20/01/2006","39.13","40.6","39.13","40.6","84456.93"
"23/01/2006","40.06","40.6","40.06","40.16","46511.62"
"24/01/2006","39.91","40.35","39.91","40.01","76892.4"
"25/01/2006","40.6","41.09","40.45","40.6","90488.1"
"26/01/2006","40.6","41.53","40.6","41.53","157444.4"
"27/01/2006","41.58","42.06","41.33","41.58","108193.19"
"30/01/2006","41.38","43.73","41.38","42.95","133892.14"
"01/02/2006","42.95","45.24","42.95","45.05","51438.79"
"02/02/2006","45.54","45.54","44.02","44.66","112077.68"
"03/02/2006","44.02","44.02","43.53","43.53","69470.99"
"06/02/2006","44.02","44.27","44.02","44.02","35859.95"
"07/02/2006","44.8","45.49","44.8","45.24","143296.69"
"08/02/2006","45.24","45.49","44.51","45.39","132215.68"
"09/02/2006","45","45.98","45","45.73","144523.37"
"10/02/2006","45.54","45.88","45.49","45.49","67038.07"
"13/02/2006","45.39","45.49","44.75","44.75","40357.78"
"14/02/2006","44.02","44.75","42.16","42.16","77035.51"
"15/02/2006","41.58","42.8","39.72","41.58","707508.22"
"16/02/2006","43.04","43.53","42.06","43.04","94556.6"
"17/02/2006","43.04","43.04","41.87","41.87","18543.32"
"20/02/2006","42.46","44.02","42.06","44.02","144094.03"
"21/02/2006","44.46","44.75","43.04","44.51","204058.24"
"22/02/2006","44.12","44.27","44.12","44.27","9240.99"
"23/02/2006","44.31","45","44.31","45","131684.11"
"24/02/2006","44.75","45","44.02","44.02","109910.54"
"27/02/2006","44.02","44.02","43.04","43.04","192956.79"
"28/02/2006","43.04","43.78","41.67","42.31","64748.27"
"01/03/2006","42.31","43.04","42.31","43.04","8075.64"
"02/03/2006","42.65","43.53","42.65","43.53","59412.21"
"03/03/2006","43.53","44.51","43.53","44.51","91142.34"
"06/03/2006","44.51","44.9","44.51","44.61","16785.07"
"07/03/2006","44.12","45","44.12","45","68203.42"
"08/03/2006","44.31","44.56","44.02","44.02","85356.49"
"09/03/2006","44.02","44.02","44.02","44.02","14577.05"
"10/03/2006","44.02","44.51","44.02","44.51","25310.5"
"13/03/2006","44.51","44.51","44.02","44.02","3925.38"
"14/03/2006","44.02","44.46","43.53","43.53","53217.47"
"15/03/2006","43.53","43.53","43.04","43.53","51357.01"
"16/03/2006","43.48","44.51","43.48","43.83","54362.38"
"17/03/2006","44.02","44.51","44.02","44.27","86215.17"
"20/03/2006","44.02","44.51","44.02","44.51","42811.14"
"21/03/2006","44.27","44.27","44.07","44.07","15865.06"
"22/03/2006","44.02","44.27","44.02","44.27","6930.74"
"23/03/2006","44.12","44.75","44.12","44.75","58246.86"
"24/03/2006","44.61","45.49","44.61","45.29","118619.97"
"27/03/2006","45.98","46.37","45.73","45.73","128106.3"
"28/03/2006","46.08","46.96","46.08","46.71","146526.94"
"29/03/2006","47.84","47.84","47.59","47.59","39907.99"
"30/03/2006","46.76","46.76","45.54","46.47","93677.47"
"31/03/2006","46.76","47.2","46.76","47.2","62192.68"
"03/04/2006","46.96","47.45","46.96","47.45","16335.29"
"04/04/2006","47.45","48.42","47.45","48.42","200153.31"
"05/04/2006","48.91","49.65","48.91","49.16","101385.11"
"06/04/2006","49.4","49.65","48.91","48.91","54853.05"
"07/04/2006","49.01","49.01","48.91","48.91","83189.36"
"10/04/2006","48.28","49.16","48.28","48.86","72987.47"
"13/04/2006","48.91","48.91","48.42","48.91","13902.38"
"14/04/2006","48.72","48.72","47.2","48.62","67590.08"
"17/04/2006","48.03","48.67","48.03","48.67","8136.98"
"18/04/2006","48.62","48.62","48.57","48.62","12471.25"
"19/04/2006","48.47","48.91","48.47","48.91","34163.04"
"20/04/2006","48.91","49.4","48.42","49.4","65586.5"
"21/04/2006","49.16","49.45","49.16","49.45","35491.95"
"24/04/2006","49.4","49.89","49.4","49.89","18461.54"
"25/04/2006","49.94","50.38","49.94","50.14","52256.57"
"26/04/2006","49.89","50.18","49.89","50.18","11305.9"
"27/04/2006","50.09","50.38","50.09","50.18","32875.03"
"28/04/2006","50.18","51.21","50.18","50.62","36452.84"
"02/05/2006","50.38","50.62","50.23","50.23","8014.31"
"03/05/2006","50.38","51.31","50.14","50.43","56181.95"
"04/05/2006","50.58","51.36","50.58","50.58","36371.07"
"05/05/2006","50.87","52.14","50.87","51.85","204467.14"
"08/05/2006","53.85","54.93","53.85","54.93","282075.1"
"10/05/2006","58.21","58.21","51.85","52.83","984329.04"
"11/05/2006","53.36","54.29","51.9","53.22","268050.06"
"12/05/2006","53.27","53.75","52.19","53.22","121012"
"15/05/2006","53.22","53.22","51.36","51.36","99790.43"
"16/05/2006","50.62","51.36","50.38","51.21","73559.92"
"17/05/2006","51.36","53.31","51.36","51.99","284998.69"
"18/05/2006","51.99","53.02","50.87","50.87","128617.41"
"19/05/2006","50.38","50.87","48.96","49.94","347191.37"
"22/05/2006","47.45","47.98","46.96","46.96","139923.32"
"23/05/2006","46.47","46.66","44.27","46.47","182816.23"
"24/05/2006","46.71","49.25","46.71","47.98","244661.36"
"25/05/2006","47.45","48.81","47.45","48.72","33406.59"
"26/05/2006","48.81","48.81","47.45","47.45","10937.9"
"29/05/2006","46.71","48.67","45","45","6480.96"
"30/05/2006","43.97","46.91","43.97","45.24","21507.79"
"31/05/2006","46.47","47.89","46.47","47.69","32834.14"
"01/06/2006","48.42","48.42","47.93","47.98","41093.78"
"02/06/2006","50.04","50.04","48.18","49.74","106537.17"
"05/06/2006","49.89","49.89","49.4","49.89","29297.21"
"06/06/2006","48.91","49.84","48.91","49.84","6644.52"
"07/06/2006","48.18","49.4","48.18","49.35","4661.38"
"08/06/2006","47.98","48.91","46.76","48.91","4906.72"
"09/06/2006","48.03","48.03","46.96","46.96","22611.8"
"12/06/2006","46.96","47.49","45.49","46.42","23327.37"
"13/06/2006","45.59","45.93","45","45.93","15047.28"
"14/06/2006","45.49","47.89","45.49","47.89","17643.75"
"15/06/2006","46.47","48.81","46.47","48.81","42892.92"
"16/06/2006","47.93","48.91","47.93","48.91","18461.54"
"19/06/2006","47.98","48.86","47.98","48.42","11571.68"
"20/06/2006","47.93","47.98","47.54","47.54","20567.34"
"21/06/2006","48.03","48.03","48.03","48.03","6971.63"
"22/06/2006","48.08","48.13","48.08","48.13","1492.46"
"23/06/2006","48.03","48.86","48.03","48.86","2535.14"
"26/06/2006","48.86","48.91","48.18","48.18","22427.8"
"27/06/2006","48.18","48.18","48.18","48.18","8382.31"
"28/06/2006","48.03","48.91","48.03","48.91","21589.57"
"29/06/2006","48.47","49.45","48.47","48.91","55977.5"
"30/06/2006","48.67","49.89","48.67","49.21","30196.78"
"03/07/2006","45.73","47.45","45.73","47.3","47779.19"
"04/07/2006","47.74","48.91","47.74","48.91","83434.7"
"05/07/2006","48.52","49.35","48.47","48.47","113243.02"
"06/07/2006","47.98","48.86","47.98","48.62","10856.12"
"07/07/2006","48.62","48.62","48.42","48.42","72680.8"
"10/07/2006","48.42","48.42","47.49","47.93","7503.19"
"11/07/2006","48.13","48.13","47.45","47.49","19688.22"
"12/07/2006","45.78","48.37","45.78","48.37","1942.24"
"13/07/2006","48.37","48.37","47.45","48.18","16601.07"
"14/07/2006","48.18","48.18","48.18","48.18","10876.56"
"17/07/2006","48.42","48.42","47.69","47.69","19667.77"
"18/07/2006","48.18","48.18","48.18","48.18","817.79"
"19/07/2006","47.69","48.13","47.45","48.13","26659.85"
"20/07/2006","47.69","48.13","47.69","47.93","55670.83"
"21/07/2006","47.74","48.13","47.74","47.93","23920.26"
"24/07/2006","47.93","47.93","47.93","47.93","12900.59"
"25/07/2006","47.93","47.93","47.93","47.93","33263.48"
"26/07/2006","47.45","47.69","47.45","47.69","10447.23"
"27/07/2006","46.71","47.45","46.71","47.45","17030.41"
"28/07/2006","46.96","47.69","46.96","47.69","59902.88"
"31/07/2006","47","47.84","47","47.84","5070.28"
"01/08/2006","46.91","47.84","46.91","47.84","2494.25"
"02/08/2006","46.56","47.79","46.56","47.69","17500.64"
"03/08/2006","46.76","47.79","46.76","47.45","10692.56"
"04/08/2006","46.76","47.69","46.76","47.69","286.23"
"07/08/2006","46.52","47.45","46.52","47.45","11510.35"
"08/08/2006","46.96","47.93","46.96","47.93","28622.54"
"09/08/2006","47.45","47.93","47.45","47.69","15905.95"
"10/08/2006","47.89","47.89","47.2","47.2","16171.73"
"11/08/2006","48.08","48.08","47.25","47.25","13800.15"
"15/08/2006","47.25","47.35","47.2","47.35","16110.4"
"16/08/2006","47.35","47.45","47.35","47.45","8648.1"
"17/08/2006","47.35","47.69","47.35","47.69","19033.99"
"18/08/2006","47.45","47.45","47.45","47.45","20526.45"
"22/08/2006","47.45","47.93","47.45","47.45","30033.22"
"23/08/2006","47.3","47.59","47.3","47.59","22938.92"
"24/08/2006","47.49","48.03","47.49","47.93","32588.8"
"25/08/2006","47.93","49.4","47.93","49.4","60189.11"
"28/08/2006","48.81","50.33","48.81","50.23","9588.55"
"29/08/2006","49.4","50.28","49.4","49.4","57326.85"
"30/08/2006","49.4","49.89","49.4","49.4","90304.1"
"31/08/2006","49.4","49.5","49.4","49.4","24635.83"
"01/09/2006","49.4","50.82","49.4","50.82","29869.66"
"04/09/2006","50.67","50.67","50.38","50.38","86910.29"
"05/09/2006","50.04","50.38","49.89","49.89","106659.84"
"06/09/2006","50.62","50.62","50.04","50.04","17786.86"
"07/09/2006","49.94","50.58","49.89","50.53","26291.84"
"08/09/2006","49.94","50.53","49.94","50.04","31075.9"
"11/09/2006","49.79","50.33","49.79","50.33","34163.04"
"12/09/2006","50.14","50.14","49.99","50.04","42586.25"
"13/09/2006","49.89","50.28","49.84","49.94","84068.48"
"14/09/2006","50.38","50.38","49.99","49.99","82616.91"
"15/09/2006","50.28","50.28","49.94","50.18","71556.34"
"18/09/2006","49.89","49.89","49.89","49.89","9179.66"
"19/09/2006","49.89","50.14","49.89","49.89","51213.9"
"20/09/2006","49.89","50.14","49.89","50.09","33733.7"
"21/09/2006","50.23","50.58","50.23","50.58","45264.5"
"22/09/2006","50.62","50.62","50.48","50.48","51336.56"
"25/09/2006","50.62","51.6","50.62","51.6","34939.94"
"26/09/2006","51.6","52.34","51.6","52.34","48351.64"
"27/09/2006","51.85","54.93","51.85","54.34","715767.87"
"28/09/2006","54.93","57.57","54.93","57.52","380413.96"
"29/09/2006","58.7","58.7","56.25","57.23","70370.55"
"02/10/2006","58.55","58.55","57.72","58.45","22366.47"
"03/10/2006","57.23","57.67","57.23","57.23","10651.67"
"04/10/2006","56.69","56.69","55.37","55.76","14801.94"
"05/10/2006","56.2","56.2","53.8","54.1","38027.08"
"06/10/2006","54.1","54.73","53.8","54.68","10017.89"
"09/10/2006","54.15","55.08","54.15","54.39","11510.35"
"10/10/2006","54.34","54.78","54.34","54.78","81001.78"
"11/10/2006","54.78","54.78","54.29","54.29","9649.88"
"12/10/2006","54.34","54.34","54.34","54.34","79897.77"
"13/10/2006","54.29","54.68","54.29","54.29","53074.36"
"16/10/2006","54.34","54.78","54.34","54.78","5438.28"
"17/10/2006","54.78","55.17","54.78","55.17","5704.06"
"18/10/2006","54.83","55.47","54.83","55.47","6992.08"
"19/10/2006","54.83","57.23","54.83","56.25","36595.96"
"20/10/2006","55.76","57.13","55.76","57.13","13370.81"
"23/10/2006","56.49","56.49","56.45","56.49","4906.72"
"26/10/2006","56.98","57.72","56.98","57.42","9956.55"
"27/10/2006","57.03","57.96","57.03","57.72","155767.93"
"30/10/2006","56.64","59.18","56.64","59.18","164702.25"
"31/10/2006","58.21","60.99","58.21","60.41","43690.26"
"01/11/2006","59.23","61.14","59.23","61.14","43179.14"
"02/11/2006","61.39","61.39","60.9","61.19","225811.37"
"03/11/2006","60.16","61.14","60.16","60.85","35921.28"
"07/11/2006","61.14","61.14","60.9","61.09","73355.47"
"08/11/2006","61.14","61.87","61.14","61.19","153805.25"
"09/11/2006","61.19","61.19","58.7","58.7","28806.54"
"10/11/2006","56.25","58.7","56.25","56.35","18318.42"
"13/11/2006","57.77","59.72","57.77","58.94","39151.54"
"14/11/2006","60.75","60.75","59.67","60.65","18502.43"
"15/11/2006","59.67","59.67","59.67","59.67","88218.75"
"16/11/2006","59.43","59.72","59.28","59.67","25433.17"
"17/11/2006","60.55","60.55","59.67","59.67","2412.47"
"20/11/2006","58.94","59.92","58.94","58.94","1983.13"
"21/11/2006","59.18","59.18","59.18","59.18","3332.48"
"22/11/2006","59.18","60.65","59.18","60.41","23061.59"
"23/11/2006","59.67","61.14","59.67","61.14","46572.96"
"24/11/2006","61.19","62.27","61.19","62.27","66077.17"
"27/11/2006","61.39","64.56","61.39","63.83","83884.48"
"28/11/2006","64.32","64.32","63.83","64.08","62274.46"
"29/11/2006","64.12","66.03","64.12","66.03","124794.26"
"30/11/2006","66.03","69.46","66.03","69.46","27211.86"
"01/12/2006","68.53","71.66","68.53","71.66","49721.44"
"04/12/2006","68.77","72.39","68.77","70.24","56958.85"
"05/12/2006","70.04","70.43","69.75","70.43","62213.13"
"06/12/2006","70.43","71.9","70.19","71.9","85070.27"
"07/12/2006","72.39","75.33","69.94","73.42","79345.76"
"08/12/2006","75.77","77.82","75.77","77.82","71597.23"
"11/12/2006","82.47","82.47","80.71","82.47","73805.26"
"12/12/2006","87.31","87.41","85.11","87.41","179217.97"
"14/12/2006","98.17","98.17","92.93","92.93","304196.23"
"15/12/2006","92.93","95.38","89.51","92.93","177153.06"
"18/12/2006","89.31","90.49","89.07","89.51","134914.37"
"19/12/2006","88.04","88.04","84.18","87.06","28704.32"
"20/12/2006","81.88","85.6","81.88","85.6","62233.57"
"21/12/2006","80.75","83.64","80.75","83.15","31525.68"
"22/12/2006","83.44","85.74","83.44","85.74","63562.48"
"25/12/2006","87.06","90.88","87.06","90.88","139125.97"
"26/12/2006","95.38","95.38","90.98","91.08","76360.84"
"27/12/2006","90.88","92.4","88.14","92.3","13207.26"
"28/12/2006","92.3","92.3","92.3","92.3","3925.38"
"29/12/2006","92.44","92.44","91.47","91.47","16969.08"
"02/01/2007","86.62","91.96","86.62","91.42","6276.51"
"03/01/2007","88.53","90.98","88.53","90.98","2269.36"
"04/01/2007","89.46","92.35","89.46","92.35","34101.71"
"05/01/2007","92.49","97.87","92.49","97.87","263797.57"
"08/01/2007","98.31","98.31","97.34","97.34","37597.75"
"09/01/2007","97.34","98.31","96.46","98.31","58062.86"
"10/01/2007","95.38","97.34","95.38","96.11","35001.27"
"12/01/2007","94.65","97.34","94.65","97.34","38681.31"
"15/01/2007","95.43","97.78","95.43","97.78","12205.47"
"16/01/2007","97.78","98.27","97.78","97.87","51827.24"
"17/01/2007","96.36","98.8","96.36","97.97","30973.67"
"18/01/2007","96.41","97.83","96.41","97.83","19565.55"
"19/01/2007","95.38","97.29","95.38","97.29","9363.66"
"22/01/2007","96.6","96.6","96.11","96.11","11735.24"
"23/01/2007","96.21","97.78","96.21","97.34","6787.63"
"24/01/2007","96.41","98.31","96.41","98.31","71576.79"
"25/01/2007","97.83","98.31","97.83","98.31","12389.47"
"26/01/2007","98.31","102.13","98.31","100.76","34531.05"
"29/01/2007","99.83","102.72","99.83","102.67","59739.32"
"30/01/2007","100.91","103.21","100.91","103.21","75992.84"
"31/01/2007","102.08","105.06","102.08","105.06","18277.53"
"01/02/2007","102.37","102.37","98.8","102.23","54648.6"
"02/02/2007","100.27","101.98","100.27","101.25","90263.21"
"05/02/2007","100.86","102.08","100.86","102.08","11735.24"
"06/02/2007","101.05","104.18","101.05","104.18","64584.71"
"07/02/2007","104.62","104.67","102.37","102.37","17848.2"
"08/02/2007","104.67","105.16","104.67","105.16","64134.93"
"09/02/2007","105.16","107.51","105.16","107.51","37699.97"
"12/02/2007","105.7","107.12","105.7","107.12","29256.32"
"13/02/2007","106.19","110.05","106.19","110","43342.7"
"14/02/2007","109.56","110.05","107.85","110.05","60250.44"
"15/02/2007","110.05","116.66","110.05","113.72","105760.27"
"16/02/2007","113.77","117.39","113.77","116.61","53585.48"
"19/02/2007","117.68","123.6","117.68","121.3","88709.42"
"20/02/2007","122.82","123.6","117.88","122.13","166072.05"
"21/02/2007","119.84","119.84","118.12","118.12","41952.46"
"22/02/2007","117.39","117.39","111.28","111.28","127124.95"
"23/02/2007","109.07","110.05","105.21","105.9","74500.37"
"26/02/2007","104.18","110.05","104.18","108.83","22305.13"
"27/02/2007","109.56","112.5","107.61","108.1","400633.74"
"28/02/2007","105.9","112.5","105.9","112.5","95558.38"
"01/03/2007","108.83","111.47","108","108","221293.1"
"02/03/2007","107.85","112.45","107.85","111.52","62151.79"
"05/03/2007","112.5","114.75","110.15","114.75","52031.68"
"06/03/2007","112.6","117.39","112.6","116.41","140250.43"
"07/03/2007","113.48","119.88","113.48","119.88","217735.73"
"08/03/2007","120.32","120.81","119.59","119.59","30851.01"
"09/03/2007","118.61","118.86","114.94","115.24","18236.64"
"12/03/2007","115.43","117.39","114.85","114.94","29665.22"
"13/03/2007","114.94","118.81","114.94","118.81","13554.82"
"14/03/2007","118.81","118.81","117.39","118.37","9690.77"
"15/03/2007","115.48","118.32","115.48","116.02","24308.71"
"16/03/2007","115.68","116.17","115.68","116.17","26046.51"
"19/03/2007","116.17","116.9","116.17","116.27","5785.84"
"20/03/2007","116.22","118.76","116.22","118.76","55834.39"
"21/03/2007","117.63","118.81","117.63","118.81","10917.45"
"22/03/2007","116.41","118.37","116.41","117.44","42300.02"
"23/03/2007","117.73","122.23","117.73","121.3","69450.54"
"26/03/2007","121.3","121.99","120.81","121.79","156749.28"
"27/03/2007","121.79","121.79","119.84","120.32","53769.48"
"28/03/2007","119.84","119.84","118.61","119.84","27682.08"
"29/03/2007","119.1","119.84","118.47","118.47","14188.6"
"30/03/2007","119.79","119.79","118.52","118.52","68039.86"
"03/04/2007","115.19","117.39","115.19","115.38","9261.44"
"04/04/2007","115.38","115.38","115.24","115.24","23143.36"
"05/04/2007","115.14","115.48","114.94","114.94","31791.46"
"06/04/2007","113.57","114.94","113.57","114.94","2862.25"
"09/04/2007","114.94","115.68","114.94","115.04","9179.66"
"10/04/2007","115.09","117.39","115.04","117.39","12471.25"
"11/04/2007","116.22","117.39","116.22","117.39","51765.9"
"12/04/2007","116.8","118.07","116.8","118.07","4681.83"
"13/04/2007","118.07","119.1","118.07","118.91","28520.31"
"16/04/2007","120.37","121.69","120.37","121.35","19606.44"
"17/04/2007","121.21","121.5","120.86","121.5","31914.13"
"18/04/2007","121.4","121.79","121.4","121.79","87237.4"
"19/04/2007","121.6","122.23","121.6","121.79","37659.08"
"20/04/2007","121.84","125.95","121.84","122.97","83639.14"
"23/04/2007","125.22","130.3","125.22","130.3","292726.77"
"24/04/2007","135.98","135.98","132.55","135.39","232742.11"
"25/04/2007","135.39","135.39","128.2","135.24","165090.7"
"26/04/2007","133.09","135.73","133.04","135","95435.72"
"27/04/2007","132.06","134.46","132.06","133.04","28540.76"
"30/04/2007","134.26","135.73","134.17","134.51","57878.86"
"02/05/2007","134.02","136.96","134.02","136.96","57429.08"
"03/05/2007","138.42","140.87","137.69","138.03","82821.36"
"04/05/2007","139.4","141.7","137.54","139.4","78875.53"
"07/05/2007","138.47","141.11","138.47","141.11","44732.94"
"08/05/2007","141.11","143.8","141.11","141.75","135752.6"
"09/05/2007","142.82","142.82","133.43","137.44","71965.24"
"10/05/2007","139.4","139.4","129.23","129.23","227753.61"
"11/05/2007","127.42","129.08","121.5","121.5","260853.53"
"14/05/2007","114.26","114.5","114.21","114.21","272568.33"
"15/05/2007","107.61","121.06","107.61","115.19","211275.21"
"16/05/2007","118.12","122.09","118.12","118.86","494760.99"
"17/05/2007","123.75","124.97","119.84","123.26","249670.3"
"18/05/2007","126.19","126.19","122.28","123.75","60209.55"
"21/05/2007","125.22","129.62","124.73","129.62","198272.4"
"22/05/2007","132.06","134.51","124.73","125.31","2378532.8"
"23/05/2007","124.73","125.02","119.88","122.28","140332.21"
"24/05/2007","122.28","123.7","121.69","122.28","71024.78"
"25/05/2007","121.45","122.28","120.32","120.32","23347.81"
"28/05/2007","119.93","120.81","119.84","120.81","55425.5"
"29/05/2007","121.55","121.55","118.86","118.86","86112.95"
"30/05/2007","118.61","121.65","118.61","119.1","32956.81"
"31/05/2007","118.86","123.26","118.61","121.3","1817633.3"
"01/06/2007","122.28","123.75","122.04","122.28","178543.3"
"04/06/2007","122.28","123.01","122.28","122.67","20076.66"
"05/06/2007","122.28","123.75","122.28","122.77","188520.29"
"06/06/2007","122.62","123.26","122.53","122.77","33038.58"
"07/06/2007","122.57","123.01","119.88","121.69","158446.19"
"08/06/2007","121.06","121.06","120.32","120.81","27089.19"
"11/06/2007","120.81","122.23","120.81","122.23","1104.01"
"12/06/2007","121.06","121.06","120.32","120.32","33120.36"
"13/06/2007","120.28","120.28","118.61","118.76","121686.67"
"14/06/2007","118.56","119.69","118.56","118.61","37597.75"
"15/06/2007","118.61","118.86","118.56","118.56","14945.05"
"18/06/2007","118.56","120.28","118.22","118.61","13411.7"
"19/06/2007","118.56","119.79","117.39","119.79","7319.19"
"20/06/2007","117.59","119.3","117.15","117.15","39212.88"
"21/06/2007","117.39","117.44","116.71","116.75","35307.94"
"22/06/2007","116.51","119.64","116.51","119.2","4232.05"
"25/06/2007","116.8","119.79","116.8","117.05","5622.28"
"26/06/2007","116.9","118.12","116.71","118.12","30442.11"
"27/06/2007","117.39","117.39","116.41","117.39","39171.99"
"28/06/2007","115.04","117.34","114.94","116.9","5724.51"
"29/06/2007","115.68","117.29","115.53","117.29","6092.51"
"02/07/2007","114.99","115.43","113.97","113.97","10324.56"
"03/07/2007","112.74","113.72","112.74","113.72","12655.25"
"04/07/2007","113.04","115.43","113.04","115.43","1574.24"
"05/07/2007","115.43","115.43","113.23","113.97","2903.14"
"06/07/2007","113.48","117.34","113.48","115.43","68694.09"
"09/07/2007","113.72","116.17","113.72","116.17","23572.7"
"10/07/2007","113.43","113.97","113.43","113.43","88423.19"
"11/07/2007","114.94","114.94","113.43","113.97","3250.7"
"12/07/2007","113.97","113.97","113.23","113.97","49660.1"
"13/07/2007","113.57","114.9","113.48","114.7","42177.35"
"16/07/2007","114.7","118.37","114.7","118.37","78037.3"
"17/07/2007","115.04","118.32","115.04","117.68","62867.36"
"18/07/2007","118.22","121.3","118.22","118.27","42811.14"
"19/07/2007","118.27","118.27","118.22","118.27","30401.22"
"20/07/2007","118.32","118.32","117.39","118.07","31259.9"
"23/07/2007","116.95","118.86","116.95","117.93","28090.98"
"24/07/2007","117.93","117.93","117.63","117.88","30585.22"
"25/07/2007","115.58","119.59","115.58","117.88","20608.23"
"26/07/2007","115.82","119.79","115.82","118.86","159345.75"
"27/07/2007","119.84","120.32","119.84","119.84","121482.22"
"31/07/2007","119.84","120.57","119.84","120.57","40500.89"
"01/08/2007","118.17","121.01","118.17","121.01","12798.36"
"02/08/2007","119.84","125.71","119.84","125.22","265024.25"
"03/08/2007","125.71","127.12","125.36","126.19","238057.73"
"06/08/2007","126.19","126.19","125.22","125.22","18113.98"
"07/08/2007","124.29","128.15","124.29","127.12","107968.3"
"08/08/2007","125.22","126.68","125.22","126.68","15292.61"
"09/08/2007","126.49","128.64","126.49","128.64","106353.17"
"10/08/2007","127.96","128.88","127.22","127.22","38967.54"
"13/08/2007","125.75","126.63","124.73","126.63","44548.93"
"15/08/2007","126.49","126.49","123.75","123.75","43322.25"
"16/08/2007","123.99","124.24","123.26","123.26","18788.65"
"17/08/2007","122.28","123.7","122.28","123.7","40582.67"
"22/08/2007","120.37","123.99","120.37","122.33","86378.73"
"23/08/2007","123.16","123.21","123.16","123.21","6583.18"
"24/08/2007","123.26","124.19","123.26","123.5","5008.94"
"27/08/2007","123.99","124.38","123.99","124.14","17009.96"
"28/08/2007","124.78","127.17","124.78","126.19","45898.28"
"29/08/2007","127.12","127.12","125.95","125.95","4272.94"
"30/08/2007","125.95","126.68","125.02","125.71","63705.59"
"31/08/2007","124.73","125.71","124.73","124.73","26843.85"
"03/09/2007","125.71","125.71","124.68","125.71","84272.93"
"04/09/2007","125.22","125.95","124.73","125.46","81369.78"
"05/09/2007","125.95","132.46","125.95","131.82","692276.94"
"06/09/2007","135.93","135.93","123.94","123.94","256396.6"
"07/09/2007","123.99","126.44","123.99","125.22","79263.98"
"10/09/2007","124.73","126.44","124.73","125.66","53156.14"
"11/09/2007","125.9","125.9","122.38","122.38","52133.91"
"12/09/2007","122.28","122.77","121.79","122.38","37515.97"
"13/09/2007","122.28","122.77","121.3","122.77","219637.08"
"14/09/2007","120.86","124.24","120.86","123.85","28745.2"
"17/09/2007","124.68","124.68","122.23","122.23","24962.94"
"18/09/2007","121.3","123.01","120.32","122.77","35573.72"
"19/09/2007","123.5","123.5","122.28","122.28","52236.13"
"20/09/2007","122.28","123.94","121.79","123.26","55364.16"
"21/09/2007","123.26","123.26","122.28","122.28","12614.36"
"24/09/2007","122.28","122.28","121.3","121.3","4784.05"
"25/09/2007","120.37","121.3","120.32","121.3","11898.8"
"26/09/2007","120.03","121.3","120.03","120.08","22243.8"
"27/09/2007","120.08","121.25","120.08","120.32","8300.54"
"28/09/2007","120.32","121.3","120.32","120.57","197331.95"
"01/10/2007","120.37","120.37","120.32","120.32","40766.67"
"02/10/2007","120.32","121.3","120.32","121.01","32220.8"
"03/10/2007","118.56","120.81","118.56","120.81","15108.61"
"04/10/2007","118.66","119.84","118.66","119.84","14249.93"
"05/10/2007","117.88","119.35","117.88","118.76","63092.25"
"08/10/2007","118.76","119.84","118.76","119.84","19197.54"
"09/10/2007","120.32","120.32","119.1","119.1","20322"
"10/10/2007","117.98","119.59","117.98","118.12","18441.09"
"11/10/2007","118.03","119.79","117.88","118.17","218901.07"
"12/10/2007","118.86","118.86","117.98","118.17","24145.15"
"15/10/2007","118.07","119.74","117.98","118.22","93534.36"
"16/10/2007","118.22","119.59","118.22","118.37","57981.08"
"17/10/2007","118.37","119.15","118.07","118.12","21078.45"
"18/10/2007","118.12","118.61","118.12","118.37","14352.16"
"19/10/2007","117.98","118.37","117.98","118.32","40010.22"
"22/10/2007","117.98","119.35","117.98","118.61","13268.59"
"23/10/2007","118.12","119.35","118.12","119.35","105964.72"
"24/10/2007","118.12","119.25","118.12","118.86","36105.29"
"25/10/2007","118.37","119.2","116.22","116.22","40235.11"
"26/10/2007","117.39","118.86","116.17","117.39","85254.27"
"29/10/2007","117.63","117.73","117.39","117.39","12450.8"
"30/10/2007","117.39","117.83","117.34","117.34","90672.11"
"31/10/2007","116.9","117.15","114.7","115.87","44487.6"
"01/11/2007","112.74","115.87","112.74","114.94","82616.91"
"02/11/2007","116.41","117.63","114.94","117.63","50314.33"
"05/11/2007","115.92","117.39","115.92","115.92","71413.23"
"07/11/2007","115.97","115.97","115.53","115.53","10365.45"
"08/11/2007","112.74","114.6","112.74","114.6","7257.86"
"09/11/2007","114.94","116.41","114.31","115.73","20833.12"
"12/11/2007","114.46","114.94","114.46","114.94","4456.94"
"13/11/2007","114.94","114.94","114.21","114.21","4947.61"
"14/11/2007","113.72","113.72","112.99","113.48","27988.75"
"15/11/2007","112.74","113.48","112.01","112.74","144134.92"
"16/11/2007","112.74","113.87","112.74","112.84","43465.37"
"19/11/2007","112.55","113.48","112.5","113.18","39171.99"
"20/11/2007","112.5","112.94","112.5","112.5","27559.41"
"23/11/2007","115.92","115.92","112.5","114.41","154275.47"
"26/11/2007","113.48","113.48","110.05","112.45","7196.52"
"27/11/2007","110.05","112.3","110.05","110.74","189767.42"
"28/11/2007","110.79","112.4","110.79","111.03","46245.84"
"29/11/2007","110.79","111.28","110.79","111.08","48474.31"
"30/11/2007","110.79","112.25","110.79","112.01","67303.85"
"03/12/2007","110.1","110.1","110.05","110.05","10467.67"
"04/12/2007","107.85","110.05","107.66","110.05","17582.42"
"05/12/2007","108.15","109.96","105.7","109.56","48433.42"
"06/12/2007","105.8","109.37","104.67","104.67","51009.45"
"07/12/2007","105.7","107.61","105.21","105.21","103531.8"
"10/12/2007","105.16","106.14","104.72","105.16","53789.92"
"11/12/2007","103.21","105.16","103.21","104.92","181610"
"12/12/2007","102.72","104.18","102.72","103.01","438333.71"
"13/12/2007","102.23","105.16","102.23","103.01","73805.26"
"14/12/2007","100.03","102.72","100.03","102.23","140843.33"
"17/12/2007","102.47","102.62","102.23","102.62","709654.91"
"18/12/2007","102.23","105.16","102.23","105.16","200296.42"
"19/12/2007","107.66","109.56","107.12","107.61","227835.39"
"20/12/2007","107.61","107.61","107.12","107.12","227733.17"
"24/12/2007","106.14","106.87","104.67","105.16","475113.67"
"25/12/2007","105.16","110.05","105.16","105.5","746025.98"
"26/12/2007","105.46","106.87","105.46","106.63","1412215.5"
"27/12/2007","105.41","108.59","105.41","108.59","410774.29"
"28/12/2007","111.91","112.99","110.1","111.72","379514.39"
"31/12/2007","113.97","113.97","112.25","112.45","395215.9"
"02/01/2008","114.46","116.41","114.46","114.94","237035.49"
"03/01/2008","116.9","117.29","116.41","116.41","226874.49"
"04/01/2008","116.46","118.76","116.46","117.29","309205.18"
"07/01/2008","117.88","118.81","114.99","115.82","92021.46"
"08/01/2008","115.43","116.41","115.19","116.41","105658.05"
"09/01/2008","116.41","117.88","116.41","117.88","179074.86"
"14/01/2008","118.37","120.32","116.41","116.41","196698.16"
"15/01/2008","116.71","117.39","116.71","117.39","23143.36"
"16/01/2008","118.37","119.35","117.88","118.61","79713.76"
"17/01/2008","118.86","119.84","118.86","119.35","93166.36"
"18/01/2008","119.84","119.84","117.88","118.81","79243.54"
"21/01/2008","116.9","117.39","116.41","116.41","46225.4"
"22/01/2008","112.11","115.92","112.11","115.92","111525.67"
"23/01/2008","114.94","117.88","114.94","117.44","44896.49"
"24/01/2008","117","117.88","117","117.39","37291.08"
"25/01/2008","115.68","117.39","115.68","117.39","42075.13"
"28/01/2008","116.9","117.29","116.41","116.41","25392.28"
"29/01/2008","116.17","118.47","116.17","118.47","80960.89"
"30/01/2008","118.37","120.86","118.37","120.08","196739.05"
"31/01/2008","119.84","119.84","118.61","118.61","57326.85"
"01/02/2008","117.98","118.81","117.98","118.81","31259.9"
"04/02/2008","117.78","119.1","117.78","118.61","10917.45"
"05/02/2008","117.88","119.79","117.88","119.3","12491.69"
"06/02/2008","118.27","119.35","118.27","118.37","19054.43"
"07/02/2008","118.37","118.42","118.27","118.37","31300.79"
"08/02/2008","117.49","118.37","117.49","118.37","8423.2"
"11/02/2008","119.05","119.05","117.93","118.42","19340.66"
"12/02/2008","118.27","119.1","118.27","119.1","209619.19"
"13/02/2008","118.91","119.3","118.81","118.86","48780.98"
"14/02/2008","118.47","119.1","118.42","118.86","76319.95"
"15/02/2008","118.37","118.81","117.88","117.88","95047.27"
"18/02/2008","118.12","123.26","118.12","122.77","528760.48"
"19/02/2008","123.99","125.71","123.99","125.22","732593.83"
"20/02/2008","124.97","125.12","123.26","124.73","238241.73"
"21/02/2008","124.73","125.46","124.73","125.22","108724.75"
"22/02/2008","125.46","129.03","125.46","128.88","281952.43"
"25/02/2008","129.57","129.57","128.15","128.15","242269.33"
"26/02/2008","128.88","128.88","127.17","128.15","213176.56"
"27/02/2008","127.71","128.64","127.71","127.91","67937.64"
"28/02/2008","127.91","128.64","127.91","127.91","62806.02"
"29/02/2008","127.76","128.15","127.17","128.15","80388.44"
"03/03/2008","125.26","126.68","123.8","123.8","7094.3"
"04/03/2008","121.35","122.67","119.84","119.84","72108.35"
"05/03/2008","119.84","121.69","119.84","120.81","9977"
"06/03/2008","121.74","122.92","121.55","121.55","91796.56"
"07/03/2008","121.55","121.84","121.55","121.6","16928.19"
"10/03/2008","121.6","121.6","119.84","119.84","94638.37"
"11/03/2008","118.91","120.57","118.91","119.84","17766.42"
"12/03/2008","118.91","121.79","118.91","121.79","38558.65"
"13/03/2008","122.28","122.28","121.11","121.3","79182.2"
"14/03/2008","121.79","121.79","120.32","121.3","202749.78"
"17/03/2008","120.37","121.25","119.98","120.32","12593.92"
"18/03/2008","120.08","120.08","117.63","119.25","19279.32"
"19/03/2008","117.98","119.1","117.98","118.22","20465.11"
"24/03/2008","118.37","118.37","117.93","118.37","10794.78"
"25/03/2008","117.88","118.12","117.63","117.63","29828.77"
"26/03/2008","118.37","118.37","117.39","117.44","23429.59"
"27/03/2008","115.19","117.39","115.19","117.39","5949.4"
"28/03/2008","115.92","115.92","114.94","114.94","30115"
"31/03/2008","113.04","114.94","112.6","113.48","27743.42"
"01/04/2008","113.04","113.09","113.04","113.09","26741.63"
"02/04/2008","112.5","112.5","110.54","110.54","10897.01"
"03/04/2008","108.1","114.36","108.1","112.5","8627.65"
"04/04/2008","114.36","114.46","112.99","112.99","9261.44"
"07/04/2008","116.02","116.02","114.11","115.43","5152.06"
"08/04/2008","116.95","117.88","115.87","117.39","84947.6"
"09/04/2008","117.39","117.39","117.1","117.1","75727.05"
"10/04/2008","116.41","117.1","116.41","117.1","511.12"
"11/04/2008","115.92","115.92","115.92","115.92","633.78"
"14/04/2008","114.99","114.99","114.94","114.94","4088.93"
"15/04/2008","113.97","114.94","109.61","114.94","3925.38"
"16/04/2008","112.5","116.36","112.5","115.87","38640.42"
"17/04/2008","113.57","113.57","112.99","113.23","2555.58"
"18/04/2008","113.97","114.02","113.48","113.48","23102.48"
"21/04/2008","113.04","114.9","113.04","114.9","9915.66"
"22/04/2008","112.74","113.04","112.74","113.04","1615.13"
"23/04/2008","113.09","113.13","113.09","113.13","2780.48"
"24/04/2008","113.04","113.04","111.77","111.77","34387.93"
"25/04/2008","111.37","112.01","111.37","111.37","6235.62"
"28/04/2008","111.32","111.32","108.59","110.74","32915.92"
"29/04/2008","108.78","111.03","108.68","110.98","50477.89"
"30/04/2008","110.05","110.05","109.56","109.56","20751.34"
"02/05/2008","110.05","110.1","110.05","110.1","2657.81"
"05/05/2008","110.1","111.52","110.1","110.54","32793.25"
"06/05/2008","111.77","111.77","110.59","111.28","35267.05"
"07/05/2008","110.59","110.74","110.59","110.69","115164.82"
"08/05/2008","110.59","112.45","110.59","112.45","35819.06"
"09/05/2008","112.01","112.5","110.59","112.5","21855.35"
"12/05/2008","111.03","114.46","111.03","114.46","5969.84"
"13/05/2008","111.18","114.46","111.18","114.46","48372.09"
"14/05/2008","112.6","114.46","112.6","112.65","4824.94"
"15/05/2008","112.06","112.5","112.06","112.5","7135.19"
"16/05/2008","111.28","115.29","110.84","114.94","16437.51"
"19/05/2008","115.92","115.92","111.57","111.57","2187.58"
"20/05/2008","113.48","118.22","113.48","117.39","420035.73"
"21/05/2008","117.68","121.74","117.68","118.86","74786.6"
"22/05/2008","118.37","118.86","115.19","115.19","50907.23"
"23/05/2008","115.19","117.34","115.19","116.9","127758.74"
"26/05/2008","117.39","117.39","114.94","114.94","776.9"
"27/05/2008","116.17","121.84","116.17","121.25","305054.91"
"28/05/2008","121.06","126.19","121.06","123.5","258625.06"
"29/05/2008","122.43","122.43","122.28","122.28","83312.03"
"30/05/2008","122.28","123.46","122.28","122.28","32466.14"
"02/06/2008","120.32","122.38","120.32","122.28","50539.22"
"03/06/2008","122.28","122.48","121.3","121.3","8832.1"
"04/06/2008","121.3","122.04","121.06","121.3","8157.42"
"05/06/2008","122.23","123.75","122.23","123.26","292910.77"
"06/06/2008","122.33","127.12","122.33","125.95","285898.25"
"09/06/2008","125.31","129.62","125.31","128.64","812736.93"
"10/06/2008","128.25","130.11","128.25","129.13","264635.8"
"11/06/2008","128.88","129.13","127.17","127.17","112997.69"
"12/06/2008","126.19","126.93","124.73","126.19","108193.19"
"13/06/2008","123.5","126.19","123.5","124.82","121768.45"
"16/06/2008","124.53","124.53","122.77","122.77","35573.72"
"17/06/2008","122.82","124.73","122.77","123.01","17684.64"
"18/06/2008","122.53","123.5","122.53","122.53","12144.13"
"19/06/2008","124.63","124.63","122.57","124.19","6133.4"
"20/06/2008","123.11","124.73","123.11","124.73","34919.5"
"23/06/2008","122.77","123.01","120.86","120.86","23818.04"
"24/06/2008","121.16","121.79","121.16","121.21","10794.78"
"25/06/2008","120.08","121.3","120.08","121.3","15231.28"
"26/06/2008","120.08","121.79","120.08","120.67","48269.86"
"27/06/2008","120.37","120.47","119.93","120.37","38640.42"
"30/06/2008","119.93","120.76","119.64","120.76","44855.6"
"01/07/2008","120.72","121.25","119.98","121.25","8648.1"
"02/07/2008","120.08","121.25","120.08","121.25","148019.4"
"03/07/2008","120.08","124.68","120.08","124.24","38088.42"
"04/07/2008","122.28","124.24","122.28","124.24","15926.4"
"07/07/2008","121.11","121.6","121.11","121.6","6992.08"
"08/07/2008","120.76","125.41","120.76","125.41","25453.61"
"09/07/2008","122.53","125.95","122.53","125.9","13043.7"
"10/07/2008","124.24","130.11","124.24","129.86","366777.36"
"11/07/2008","129.86","132.8","129.86","131.18","1034070.9"
"14/07/2008","130.06","131.13","130.06","131.13","112895.46"
"15/07/2008","131.13","131.57","130.6","131.18","63276.25"
"16/07/2008","131.33","132.06","130.84","130.84","238936.85"
"17/07/2008","131.13","131.13","130.11","130.11","57142.85"
"18/07/2008","130.06","131.09","130.06","131.09","11755.68"
"21/07/2008","130.6","130.84","130.45","130.6","5438.28"
"22/07/2008","130.35","130.4","130.25","130.25","65770.5"
"23/07/2008","131.04","131.43","131.04","131.43","45141.83"
"24/07/2008","130.69","134.26","130.69","134.22","458655.71"
"25/07/2008","132.8","136.96","132.8","136.96","247789.39"
"28/07/2008","135.78","136.96","135.73","135.73","26087.4"
"29/07/2008","132.85","135.44","132.85","132.85","16498.85"
"31/07/2008","130.11","132.06","130.11","132.06","44937.38"
"01/08/2008","134.02","134.02","131.09","132.06","17970.86"
"04/08/2008","131.33","132.06","131.33","132.06","2392.03"
"05/08/2008","131.09","131.13","131.09","131.09","19831.33"
"06/08/2008","129.86","130.84","129.86","129.91","40705.34"
"07/08/2008","129.86","130.01","129.86","130.01","27661.64"
"08/08/2008","130.11","130.25","130.11","130.25","13554.82"
"11/08/2008","130.21","130.79","130.21","130.35","3393.82"
"12/08/2008","129.67","130.69","129.67","130.25","39417.32"
"13/08/2008","130.21","130.6","130.21","130.6","9506.77"
"15/08/2008","130.25","130.74","130.21","130.21","3639.15"
"18/08/2008","130.79","130.79","130.21","130.74","3680.04"
"19/08/2008","129.86","129.86","129.86","129.86","1042.68"
"22/08/2008","129.91","130.74","129.91","130.74","32016.35"
"25/08/2008","129.76","130.16","129.76","130.16","23000.25"
"26/08/2008","131.57","132.06","130.4","130.4","329302.29"
"27/08/2008","130.16","130.16","130.16","130.16","6460.52"
"28/08/2008","130.16","131.28","130.16","131.28","12655.25"
"29/08/2008","130.65","132.06","130.65","132.06","74541.26"
"01/09/2008","131.57","132.06","130.94","130.94","4640.94"
"02/09/2008","131.04","132.06","131.04","132.06","3659.6"
"03/09/2008","131.13","132.06","131.09","131.13","48331.2"
"04/09/2008","131.13","131.18","131.13","131.18","2944.03"
"05/09/2008","131.18","131.23","130.11","130.11","72864.8"
"08/09/2008","128.64","128.64","124.73","127.17","7871.2"
"09/09/2008","124.78","125.07","124.78","125.07","8116.53"
"10/09/2008","124.97","124.97","120.32","120.32","42811.14"
"11/09/2008","120.62","121.3","120.57","121.3","21978.02"
"12/09/2008","120.32","121.3","120.32","120.37","17643.75"
"15/09/2008","117.78","121.99","114.94","117.39","218062.84"
"16/09/2008","110.35","113.92","110.35","110.35","359621.73"
"17/09/2008","108.59","116.9","108.59","114.94","162412.45"
"18/09/2008","117.93","121.79","117.93","118.37","43772.04"
"19/09/2008","125.22","125.46","125.22","125.46","69941.21"
"22/09/2008","127.17","129.08","127.17","127.47","10794.78"
"23/09/2008","124.78","125.22","122.28","124.73","41380.01"
"24/09/2008","125.95","125.95","121.3","125.46","8096.09"
"25/09/2008","122.28","122.33","122.28","122.28","25903.4"
"26/09/2008","125.22","126.68","124.73","126.68","28745.2"
"29/09/2008","126.83","126.83","126.68","126.78","4191.16"
"30/09/2008","122.33","122.33","119.2","121.25","23736.26"
"03/10/2008","114.21","122.23","114.21","117.63","45223.61"
"06/10/2008","117.93","122.77","115.19","115.19","33324.81"
"07/10/2008","113.23","116.41","110.54","112.5","319018.62"
"08/10/2008","112.6","114.85","112.6","112.99","136672.61"
"09/10/2008","114.94","114.94","112.5","112.5","79059.54"
"10/10/2008","107.71","114.94","105.75","114.94","417786.81"
"13/10/2008","115.04","121.84","115.04","121.06","90406.33"
"14/10/2008","121.06","122.28","119.35","121.01","115573.71"
"15/10/2008","119.35","121.01","115.92","119.84","117945.3"
"16/10/2008","114.94","117.39","114.94","116.46","23306.92"
"17/10/2008","117.39","119.3","116.9","117.39","63112.69"
"20/10/2008","117.88","117.88","117.88","117.88","408.89"
"21/10/2008","116.07","117.39","116.07","117.39","408.89"
"22/10/2008","115.09","116.9","114.94","114.94","7380.53"
"23/10/2008","113.23","114.9","112.74","112.84","4109.38"
"24/10/2008","112.84","114.7","111.08","114.41","27906.97"
"27/10/2008","110.1","110.4","107.56","107.56","151556.33"
"28/10/2008","107.61","109.56","105.16","107.95","68285.2"
"03/11/2008","108.78","112.5","108.78","112.01","4088.93"
"04/11/2008","112.01","115.92","112.01","113.48","36841.29"
"05/11/2008","116.41","117.39","113.48","114.7","17009.96"
"07/11/2008","112.5","114.46","111.62","114.46","17418.86"
"10/11/2008","112.5","114.21","112.25","113.97","3496.04"
"11/11/2008","112.01","112.35","111.77","111.77","9670.33"
"12/11/2008","111.52","112.5","110.05","110.05","32956.81"
"13/11/2008","105.7","112.4","105.7","107.41","21323.79"
"14/11/2008","107.95","111.52","107.61","111.52","31934.57"
"17/11/2008","112.5","112.5","112.5","112.5","102.22"
"19/11/2008","112.45","112.45","107.07","111.52","22080.24"
"20/11/2008","107.17","110.93","107.12","108.83","35267.05"
"21/11/2008","106.73","108.73","103.69","103.69","37086.63"
"24/11/2008","103.69","109.56","97.48","100.27","48535.64"
"25/11/2008","98.36","102.47","98.36","98.8","58839.76"
"26/11/2008","99.29","100.81","99.29","100.81","36268.84"
"27/11/2008","100.32","102.13","100.32","101.79","5008.94"
"28/11/2008","102.47","102.47","101.25","101.25","23347.81"
"01/12/2008","100.27","102.72","100.27","100.76","34203.93"
"02/12/2008","100.27","101.25","97.83","101.25","33651.92"
"03/12/2008","101.25","101.25","98.41","98.41","1022.23"
"04/12/2008","100.66","101.25","98.8","101.25","136202.39"
"05/12/2008","99.44","101","99.44","100.47","46920.52"
"08/12/2008","100.47","106.09","100.47","106.09","31852.79"
"11/12/2008","106.09","110","106.09","110","72987.47"
"12/12/2008","110.1","110.79","107.61","109.56","48617.42"
"15/12/2008","109.56","109.56","104.92","109.22","24104.26"
"16/12/2008","109.07","109.07","106.68","108.83","47349.85"
"17/12/2008","108.59","108.59","107.61","108.1","57101.96"
"18/12/2008","107.61","109.56","107.61","109.56","155951.94"
"19/12/2008","107.85","109.07","107.85","108.63","49210.32"
"22/12/2008","109.07","112.25","109.07","112.01","70513.66"
"23/12/2008","112.5","112.5","112.11","112.16","156728.83"
"24/12/2008","112.4","112.4","109.61","109.61","32629.69"
"25/12/2008","105.85","111.72","105.85","109.56","49476.1"
"26/12/2008","109.61","111.03","108.34","110.05","236238.15"
"30/12/2008","110.05","113.97","108.15","113.97","931172.9"
"31/12/2008","112.5","117.49","112.5","117.39","1340618.3"
"02/01/2009","110.44","110.44","110.35","110.35","23286.48"
"05/01/2009","107.61","107.61","107.61","107.61","368"
"06/01/2009","105.5","110.4","105.16","108.59","59759.77"
"14/01/2009","110","112.5","110","112.5","48106.31"
"15/01/2009","110.44","113.97","110.44","112.55","155890.6"
"16/01/2009","112.55","114.94","112.5","112.99","79325.32"
"19/01/2009","114.46","114.94","112.99","113.23","4763.61"
"20/01/2009","113.97","115.82","113.97","115.82","59821.1"
"21/01/2009","113.72","116.17","113.72","116.17","12593.92"
"22/01/2009","114.99","119.35","114.99","119.35","71372.34"
"23/01/2009","119.84","123.01","116.51","122.28","292276.99"
"26/01/2009","118.86","121.79","118.86","119.84","1140.81"
"27/01/2009","119.35","121.65","119.35","121.3","14638.38"
"28/01/2009","120.32","123.75","120.32","123.75","129169.42"
"29/01/2009","123.75","124.73","122.77","124.73","9463.84"
"30/01/2009","125.22","125.22","124.29","125.22","57461.79"
"02/02/2009","122.28","124.73","118.61","124.73","2774.34"
"03/02/2009","122.38","124.58","122.38","122.77","9958.6"
"04/02/2009","119.84","123.85","119.84","122.28","19383.59"
"05/02/2009","119.98","122.28","119.84","119.84","1512.91"
"06/02/2009","119.84","122.23","119.84","122.23","226.94"
"09/02/2009","119.84","121.74","118.42","118.86","38194.73"
"10/02/2009","121.16","121.16","119.84","119.84","20240.22"
"11/02/2009","118.44","119.84","118.44","119.84","30018.91"
"12/02/2009","118.37","119.76","118.37","119.76","21141.83"
"13/02/2009","119.84","120.52","119.84","120.52","32760.54"
"16/02/2009","118.86","119.59","118.86","119.35","14331.71"
"17/02/2009","119.35","119.84","118.96","119.84","18461.54"
"18/02/2009","119.35","122.28","119.35","122.28","11336.57"
"19/02/2009","122.28","127.66","120.32","124.73","171878.33"
"20/02/2009","122.77","126.93","122.77","123.53","9310.5"
"23/02/2009","123.77","124.24","123.75","123.82","6184.51"
"24/02/2009","123.75","125.22","122.28","124.48","16116.53"
"25/02/2009","122.77","127.12","122.77","126.68","172712.48"
"26/02/2009","122.77","128.64","122.77","127.25","140256.56"
"27/02/2009","125.71","128.4","125.71","128.15","29221.57"
"02/03/2009","127.17","132.06","127.17","127.66","226073.06"
"03/03/2009","130.35","130.35","128.64","128.69","17977"
"04/03/2009","128.62","128.62","124.73","128.15","26210.07"
"05/03/2009","127.17","127.42","127.17","127.17","7912.09"
"06/03/2009","127.17","129.13","127.17","129.1","40864.8"
"09/03/2009","129.62","129.62","127.27","127.27","2788.65"
"12/03/2009","127.22","127.27","127.22","127.22","52747.25"
"13/03/2009","127.17","127.17","126.24","126.24","12921.03"
"16/03/2009","128.64","128.64","126.71","128.54","4538.72"
"17/03/2009","128.57","128.59","127.25","128.2","31501.15"
"18/03/2009","127.27","128.62","127.27","128.15","14797.85"
"19/03/2009","127.32","128.15","127.32","128.15","31832.35"
"20/03/2009","128.15","128.15","127.42","127.44","114870.42"
"23/03/2009","127.17","127.17","124.97","127.12","28017.38"
"24/03/2009","122.77","127.07","122.77","124.73","946.59"
"25/03/2009","122.28","127.17","122.28","127.1","104560.17"
"26/03/2009","123.8","127.17","123.8","127.17","226269.33"
"27/03/2009","124.82","128.15","124.82","127.91","59686.17"
"31/03/2009","125.22","125.26","124.73","125.26","7674.93"
"01/04/2009","121.3","125.95","121.3","125.95","14863.27"
"02/04/2009","125.22","126.19","125.22","126.19","3790.44"
"03/04/2009","125.22","125.71","125.22","125.22","4158.45"
"06/04/2009","124.97","124.97","124.73","124.73","8051.11"
"07/04/2009","122.28","124.73","122.28","124.73","6480.96"
"08/04/2009","124.73","124.73","124.73","124.73","67.47"
"09/04/2009","124.73","126.68","124.73","126.68","3146.43"
"10/04/2009","122.28","122.62","122.28","122.62","817.79"
"13/04/2009","122.67","122.82","122.67","122.82","1431.13"
"14/04/2009","123.26","126.63","123.26","126.63","3015.59"
"15/04/2009","123.26","123.26","123.26","123.26","224.89"
"16/04/2009","123.8","127.17","123.8","127.17","132133.9"
"17/04/2009","125.22","127.17","125.22","127.17","49884.99"
"20/04/2009","127.17","128.15","125.22","125.22","36880.14"
"21/04/2009","126.68","127.17","126.68","127.17","27260.92"
"22/04/2009","125.26","125.26","125.26","125.26","40.89"
"23/04/2009","125.71","126.19","125.71","126.19","1553.79"
"24/04/2009","125.71","126.19","125.71","125.8","8509.07"
"27/04/2009","125.49","125.95","124.73","124.73","6133.4"
"04/05/2009","122.77","127.12","122.77","127.12","238628.13"
"05/05/2009","123.99","127.03","123.99","127.03","717.61"
"06/05/2009","124.24","127","124.24","126.98","2432.92"
"07/05/2009","126.68","126.68","119.84","126.63","66762.07"
"08/05/2009","126.61","126.61","125.02","125.02","3772.04"
"11/05/2009","126.68","126.68","125.71","125.71","2351.14"
"12/05/2009","126.19","126.19","124.97","125.46","6859.19"
"13/05/2009","126.19","126.19","125.71","125.71","1668.28"
"14/05/2009","124.78","125.22","124.78","124.85","24639.92"
"15/05/2009","122.77","125.71","122.77","125.71","6174.29"
"18/05/2009","125.95","125.95","122.77","122.77","29086.63"
"19/05/2009","124.97","124.97","123.75","124.73","226.94"
"20/05/2009","124.73","124.73","124.73","124.73","603.12"
"21/05/2009","124.73","125.68","123.75","125.68","3168.92"
"22/05/2009","125.66","125.66","123.26","123.55","21652.95"
"25/05/2009","123.55","125.71","123.55","124.73","105813.43"
"26/05/2009","124.04","124.04","124.04","124.04","922.05"
"27/05/2009","124.04","125.22","124.04","125.22","54536.16"
"28/05/2009","124.73","124.73","124.73","124.73","3659.6"
"29/05/2009","124.97","125.71","124.97","125","9557.88"
"01/06/2009","125.95","125.95","124.73","125.66","1625.35"
"02/06/2009","125.22","126.68","123.26","126.19","26201.89"
"03/06/2009","123.75","127.2","123.75","127.17","73261.43"
"04/06/2009","127.17","129.13","127.17","128.15","20583.69"
"05/06/2009","129.62","129.62","126.71","129.37","11559.42"
"08/06/2009","126.68","129.13","126.68","129.13","27710.7"
"09/06/2009","129.62","129.62","127.66","127.69","17786.86"
"10/06/2009","127.76","127.78","127.66","127.66","23386.66"
"11/06/2009","122.77","127.17","122.77","127.07","23014.56"
"12/06/2009","124.78","127.74","124.78","127.74","66506.51"
"15/06/2009","125.78","127.17","125.78","127.17","77771.52"
"16/06/2009","127.17","129.13","127.17","129.13","57588.54"
"17/06/2009","128.15","131.57","128.15","129.2","34694.6"
"18/06/2009","129.23","130.11","128.64","128.64","23558.39"
"19/06/2009","128.15","130.6","127.66","127.69","35622.79"
"22/06/2009","127.71","127.74","127.71","127.74","981.34"
"23/06/2009","128.64","128.69","128.15","128.15","6530.03"
"24/06/2009","128.15","129.62","128.15","129.62","14615.89"
"25/06/2009","126.68","129.62","126.68","127.66","73232.8"
"26/06/2009","127.66","127.69","127.66","127.66","18962.43"
"29/06/2009","126.68","128.88","126.68","128.64","17036.54"
"30/06/2009","128.64","128.64","128.64","128.64","19796.57"
"01/07/2009","125.75","129.13","125.75","129.13","23374.39"
"02/07/2009","129.1","129.1","125.8","128.62","11516.48"
"03/07/2009","125.71","125.73","125.71","125.71","4119.6"
"06/07/2009","125.71","125.71","125.71","125.71","13289.04"
"07/07/2009","123.75","124.02","123.75","124.02","4211.6"
"08/07/2009","124.24","126.68","124.04","124.04","2582.16"
"09/07/2009","123.75","123.75","123.6","123.6","14781.5"
"10/07/2009","123.55","126.15","123.55","126.15","500.89"
"13/07/2009","123.77","124.73","123.77","124.73","14311.27"
"14/07/2009","123.99","123.99","123.75","123.75","1880.91"
"15/07/2009","123.75","123.75","123.26","123.26","10921.54"
"16/07/2009","123.26","123.26","122.77","122.77","5111.17"
"17/07/2009","122.77","123.75","122.77","122.77","2698.7"
"20/07/2009","122.28","122.4","120.81","121.3","20710.45"
"21/07/2009","123.24","123.24","121.33","121.33","20446.71"
"22/07/2009","123.01","123.01","118.86","118.86","10095.58"
"23/07/2009","122.23","122.48","119.84","120.81","196213.62"
"24/07/2009","123.21","123.21","119.84","122.28","19972.4"
"27/07/2009","120.08","122.31","120.08","122.31","21742.91"
"28/07/2009","120.47","120.96","120.47","120.96","16744.18"
"29/07/2009","122.26","122.26","121.3","121.3","224.89"
"31/07/2009","121.3","121.3","121.3","121.3","204.45"
"03/08/2009","126.19","126.19","122.35","122.35","8709.43"
"04/08/2009","124.73","124.73","122.53","122.53","5315.61"
"05/08/2009","122.33","124.24","122.33","124.24","2625.1"
"06/08/2009","124.24","124.24","122.33","122.82","3332.48"
"07/08/2009","122.4","124.68","122.4","123.5","10019.93"
"10/08/2009","122.77","125.22","122.77","125.22","10222.34"
"11/08/2009","123.01","125.17","123.01","125.17","23766.93"
"12/08/2009","122.43","124.73","122.43","122.87","3849.73"
"13/08/2009","122.92","124.73","122.92","124.24","425.25"
"17/08/2009","123.09","123.09","122.77","122.77","9322.77"
"18/08/2009","122.94","123.75","122.94","123.75","63603.37"
"19/08/2009","123.26","125.41","123.26","125.22","371622.75"
"24/08/2009","125.46","125.71","123.41","124.73","4806.54"
"25/08/2009","123.5","127.17","123.5","127.17","134685.39"
"26/08/2009","125.46","129.62","125.46","129.62","101280.85"
"27/08/2009","128.64","128.64","127.91","128.64","2571.94"
"28/08/2009","127.96","134.51","127.96","134.51","386457.4"
"31/08/2009","133.53","139.4","133.53","135.49","290312.26"
"01/09/2009","132.55","136.96","132.55","134.07","19361.1"
"02/09/2009","132.16","133.04","129.62","129.62","12824.94"
"03/09/2009","128.64","129.62","126.93","126.93","51240.47"
"04/09/2009","129.37","129.62","126.19","129.62","5172.5"
"07/09/2009","129.62","129.62","129.62","129.62","4391.51"
"08/09/2009","128.64","129.13","128.64","129.13","288.27"
"09/09/2009","131.09","133.78","131.09","133.78","1737.8"
"10/09/2009","132.06","133.53","132.06","133.53","26183.49"
"11/09/2009","133.51","133.51","131.09","131.57","9500.64"
"14/09/2009","128.4","132.06","128.4","132.06","5010.99"
"15/09/2009","129.18","131.57","129.18","131.57","6178.38"
"16/09/2009","132.06","132.06","129.23","129.23","4369.03"
"17/09/2009","131.97","131.97","129.23","129.62","212579.58"
"18/09/2009","128.64","131.09","128.64","131.09","40153.33"
"23/09/2009","134.51","134.51","129.72","131.09","99352.91"
"24/09/2009","129.62","132.5","129.62","131.04","195720.91"
"25/09/2009","128.66","131.04","128.66","129.64","165544.57"
"28/09/2009","129.64","131.04","129.64","131.04","848.45"
"29/09/2009","129.62","131.09","128.4","128.4","15131.1"
"30/09/2009","127.76","131.57","127.71","131.09","621716.25"
"01/10/2009","130.11","131.57","129.86","129.86","118808.06"
"02/10/2009","130.84","131.09","128.69","130.6","382466.6"
"05/10/2009","129.72","131.06","129.62","130.11","82357.26"
"06/10/2009","129.69","130.6","129.69","130.11","9447.48"
"07/10/2009","129.72","131.04","129.67","131.04","55163.81"
"08/10/2009","131.04","131.04","129.89","130.6","15098.39"
"09/10/2009","130.11","130.6","129.86","130.55","15306.92"
"12/10/2009","130.6","130.6","130.11","130.6","3021.72"
"13/10/2009","131.04","131.04","129.62","129.62","286280.57"
"14/10/2009","127.66","130.5","127.66","129.62","4070.53"
"15/10/2009","130.5","131.04","130.5","130.6","474.32"
"16/10/2009","128.2","130.6","128.2","130.6","685605.84"
"19/10/2009","131.04","131.04","130.84","130.84","13902.38"
"20/10/2009","130.13","131.09","130.13","131.09","26770.25"
"21/10/2009","130.11","130.18","125.71","127.17","380702.23"
"22/10/2009","131.09","131.09","127.44","130.84","39701.5"
"23/10/2009","128.18","129.62","128.18","129.57","65850.24"
"26/10/2009","128.27","129.62","128.27","128.3","46233.58"
"27/10/2009","128.27","129.57","128.27","129.57","108.36"
"28/10/2009","126.93","129.57","126.93","129.57","10316.38"
"29/10/2009","127.44","129.62","127.17","129.62","830.05"
"30/10/2009","127.91","131.13","127.91","131.13","17337.08"
"02/11/2009","131.33","131.33","131.06","131.06","7744.44"
"03/11/2009","127.66","129.62","127.66","129.62","1457.7"
"04/11/2009","128.15","130.6","128.15","130.6","10293.89"
"05/11/2009","127.66","127.78","127.17","127.66","25543.57"
"09/11/2009","127.17","129.62","127.17","129.62","3506.26"
"10/11/2009","127.22","129.13","127.22","129.13","938.41"
"11/11/2009","127.71","128.4","127.71","128.4","6617.94"
"12/11/2009","127.2","128.57","127.17","127.17","20659.34"
"13/11/2009","128.52","128.52","126.19","126.19","15466.39"
"16/11/2009","125.85","126.19","125.71","125.71","4563.25"
"17/11/2009","127.17","127.17","124.97","124.97","891.39"
"19/11/2009","125","125.24","125","125.02","11046.26"
"20/11/2009","124.73","126.9","124.73","126.59","244520.29"
"23/11/2009","126.19","126.19","126.19","126.19","145.16"
"24/11/2009","124.29","124.29","123.31","123.31","1073.35"
"25/11/2009","123.36","123.36","122.33","122.33","623.56"
"26/11/2009","122.33","125.68","122.33","125.68","214.67"
"27/11/2009","120.57","121.4","120.57","121.18","24533.6"
"30/11/2009","121.89","122.28","121.3","121.3","11569.64"
"01/12/2009","123.24","123.26","121.3","121.3","8484.54"
"02/12/2009","123.75","123.75","122.28","122.77","10306.16"
"03/12/2009","122.7","122.7","120.81","122.16","16962.94"
"04/12/2009","120.57","121.3","118.91","118.91","8809.61"
"07/12/2009","121.79","121.79","115.92","117.39","30848.96"
"08/12/2009","117.88","117.88","116.41","117.88","2169.18"
"09/12/2009","116.95","118.86","116.95","117.73","22513.67"
"10/12/2009","118.37","121.74","118.03","118.91","28475.34"
"11/12/2009","120.32","121.3","119.35","119.84","14601.58"
"14/12/2009","119.88","121.28","118.86","118.96","5646.82"
"15/12/2009","119.13","120.06","118.42","118.86","10056.73"
"16/12/2009","119.84","119.84","117.39","117.39","10054.69"
"17/12/2009","117.88","119.74","117.39","119.74","44518.27"
"21/12/2009","119.35","119.35","117.88","119.18","9292.1"
"22/12/2009","117.49","119.35","117.39","117.59","20947.61"
"23/12/2009","117.88","119.84","117.88","119.84","18469.71"
"24/12/2009","120.81","120.81","119.35","120.32","770.76"
"25/12/2009","119.84","119.84","119.84","119.84","204.45"
"28/12/2009","118.37","118.37","118.37","118.37","45387.16"
"29/12/2009","119.59","119.74","118.37","118.37","63820.08"
"30/12/2009","118.42","119.57","117.39","117.39","35391.77"
"31/12/2009","117.39","119.35","116.41","118.86","119053.4"
"04/01/2010","119.35","119.35","115.92","115.92","1390.24"
"05/01/2010","116.41","119.1","115.97","117.88","3608.48"
"06/01/2010","117.63","122.28","117.63","121.3","50371.58"
"07/01/2010","122.28","125.66","122.28","124.68","112419.1"
"08/01/2010","125.56","125.71","124.68","124.97","29857.4"
"12/01/2010","124.24","125.17","124.24","124.24","1384.1"
"13/01/2010","124.26","124.95","124.26","124.48","55405.05"
"14/01/2010","124.73","125.22","124.48","125.19","43453.1"
"15/01/2010","125.19","125.66","125.12","125.66","32725.78"
"18/01/2010","124.78","125.68","124.78","125.14","46059.8"
"19/01/2010","124.24","125.12","124.24","124.73","31746.48"
"20/01/2010","124.48","125.19","124.48","125.17","21162.28"
"21/01/2010","124.73","124.78","124.73","124.73","44583.69"
"22/01/2010","124.73","124.73","122.28","123.04","3788.4"
"25/01/2010","122.31","124.24","122.31","124.24","2921.54"
"26/01/2010","124.24","124.24","122.87","124.24","5454.64"
"27/01/2010","123.55","124.97","123.55","124.8","83179.14"
"28/01/2010","124.24","129.08","124.24","126.73","91643.23"
"29/01/2010","127.17","127.17","125.26","125.71","7403.01"
"01/02/2010","125.71","125.75","125.71","125.75","836.19"
"02/02/2010","124.73","126.66","124.73","126.66","22421.67"
"03/02/2010","125.73","126.44","124.73","125.22","32774.85"
"04/02/2010","125.24","125.46","125.24","125.24","13192.94"
"05/02/2010","124.73","125.71","124.73","125.22","31940.71"
"08/02/2010","123.75","125.71","123.5","125.71","43117.81"
"09/02/2010","126.39","127.17","125.49","127.17","46615.89"
"10/02/2010","127.17","128.57","127.17","128.15","78793.76"
"11/02/2010","128.15","129.57","127.66","128.15","12109.38"
"12/02/2010","128.22","129.62","128.18","129.62","102002.54"
"15/02/2010","129.13","130.6","122.77","129.57","82872.47"
"16/02/2010","128.2","128.49","128.2","128.49","2968.57"
"17/02/2010","129.59","129.59","128.15","129.13","24194.22"
"18/02/2010","129.13","129.13","127.49","129.13","15779.2"
"19/02/2010","127.91","130.3","127.91","129.62","116078.7"
"22/02/2010","128.64","130.52","128.64","130.52","12779.96"
"23/02/2010","129.13","129.86","129.13","129.23","113108.09"
"24/02/2010","129.23","129.62","129.1","129.18","10218.25"
"25/02/2010","128.74","129.13","127.86","127.86","1870.69"
"26/02/2010","129.37","129.37","127.22","129.37","4961.92"
"01/03/2010","129.37","129.37","128.15","128.15","2541.27"
"02/03/2010","127.66","127.91","127.66","127.69","6399.18"
"03/03/2010","127.69","127.69","127.69","127.69","1531.31"
"04/03/2010","127.71","127.81","127.71","127.74","12685.92"
"05/03/2010","127.74","128.64","127.74","127.91","4191.16"
"08/03/2010","127.91","128.15","127.91","128.03","2044.47"
"09/03/2010","127.96","128.15","127.96","128.15","1835.93"
"10/03/2010","127.96","129.37","127.66","127.66","30405.31"
"11/03/2010","127.91","127.91","127.91","127.91","12.27"
"12/03/2010","127.69","128.64","127.69","128.64","1737.8"
"15/03/2010","127.66","127.91","127.66","127.91","4824.94"
"16/03/2010","127.66","128.15","127.66","128.15","9369.79"
"17/03/2010","127.22","128.88","127.22","128.15","7002.3"
"18/03/2010","123.26","127.17","123.26","125.36","26257.09"
"19/03/2010","125.39","127.17","125.36","125.71","33682.59"
"24/03/2010","124.24","125.68","123.26","125.68","10618.96"
"25/03/2010","126.68","126.68","126.15","126.68","24560.18"
"26/03/2010","126.68","133.97","126.68","127.17","286284.66"
"29/03/2010","130.11","134.8","130.11","134.8","295932.5"
"30/03/2010","136.47","139.4","135.02","139.35","427874.21"
"31/03/2010","135.54","138.37","135.54","137.03","165865.56"
"01/04/2010","135.24","136.47","135.24","135.49","25240.99"
"02/04/2010","135","138.47","134.75","138.47","94605.66"
"05/04/2010","138.76","143.22","138.76","141.85","163514.42"
"06/04/2010","141.8","142.29","140.13","140.38","11134.17"
"07/04/2010","140.62","141.36","139.4","139.4","187060.54"
"08/04/2010","138.01","139.4","138.01","139.4","37710.19"
"09/04/2010","139.4","141.85","139.4","139.89","167654.46"
"12/04/2010","140.87","146.74","139.89","145.76","97611.03"
"13/04/2010","145.76","146.74","144.29","146.74","158317.38"
"14/04/2010","144.39","145.76","144.39","145.76","20698.18"
"15/04/2010","145.76","149.18","145.76","149.18","42304.11"
"16/04/2010","147.25","151.56","147.25","149.18","118264.23"
"19/04/2010","147.96","156.52","147.96","154.07","32153.33"
"20/04/2010","152.44","155.15","152.44","153.59","28003.06"
"21/04/2010","153.39","153.39","146.74","146.74","56141.06"
"22/04/2010","150.65","150.65","146.76","149.16","22605.67"
"23/04/2010","149.18","149.67","147.47","147.47","7069.77"
"26/04/2010","147.52","147.52","147.23","147.23","4170.71"
"27/04/2010","146.98","150.41","146.98","148.69","74661.89"
"28/04/2010","147.5","149.65","147.5","148.2","3939.69"
"29/04/2010","149.18","150.65","148.2","150.16","83217.98"
"30/04/2010","149.18","150.36","149.18","150.16","6902.12"
"03/05/2010","148.45","150.65","148.45","150.19","21143.88"
"04/05/2010","149.28","151.09","149.28","151.09","50518.78"
"05/05/2010","150.16","152.12","150.16","151.63","125632.49"
"06/05/2010","150.65","152.61","149.23","152.61","170257.07"
"07/05/2010","150.65","151.63","150.65","151.38","24455.91"
"10/05/2010","151.53","151.63","150.19","150.19","2048.56"
"11/05/2010","150.65","158.97","150.65","156.03","63593.14"
"12/05/2010","153.05","155.49","153.05","153.83","8979.3"
"13/05/2010","153.12","155.54","153.12","155.03","17056.99"
"14/05/2010","154.07","158.97","154.07","157.99","106484.01"
"17/05/2010","157.99","158.97","157.99","158.97","2862.25"
"18/05/2010","158.97","161.41","155.3","160.43","82263.22"
"19/05/2010","160.43","162.39","158.97","161.41","9979.04"
"20/05/2010","161.41","161.9","159.94","161.9","6151.8"
"21/05/2010","164.84","164.84","162.39","162.39","39707.64"
"24/05/2010","160.24","160.24","156.52","159.89","15325.32"
"25/05/2010","158.97","159.45","154.07","158.97","163514.42"
"26/05/2010","157.52","158.97","154.34","158.97","7754.66"
"27/05/2010","157.01","161.41","157.01","157.52","22763.1"
"28/05/2010","161.39","161.39","158.97","161.36","42935.85"
"31/05/2010","158.97","160.9","158.97","160.43","42156.91"
"01/06/2010","160.43","160.43","160.34","160.41","29644.77"
"02/06/2010","157.06","161.02","157.06","160.82","11465.37"
"03/06/2010","157.74","160.78","157.74","160.73","15803.73"
"04/06/2010","158.04","161.41","158.04","161.41","217983.11"
"07/06/2010","159.11","161.36","159.11","161.36","16457.96"
"08/06/2010","160.92","160.92","159.21","160.92","29385.12"
"09/06/2010","159.31","160.87","159.31","159.45","1698.95"
"10/06/2010","159.45","160.43","159.45","160.43","7955.02"
"11/06/2010","159.45","159.94","158.97","158.97","69115.25"
"14/06/2010","157.99","158.94","157.08","157.5","31112.7"
"15/06/2010","156.76","157.99","156.76","157.99","11812.93"
"16/06/2010","157.99","157.99","154.81","155.05","14542.29"
"17/06/2010","154.56","156.96","149.18","156.03","111253.76"
"18/06/2010","154.07","155.03","151.63","151.63","180074.6"
"21/06/2010","151.63","152.51","149.67","151.63","40684.89"
"22/06/2010","151.63","153.83","150.7","151.63","11843.6"
"23/06/2010","150.7","151.63","150.7","151.63","5898.29"
"24/06/2010","151.63","152.12","151.63","151.65","2185.54"
"25/06/2010","151.75","151.75","149.84","149.84","15762.84"
"28/06/2010","150.67","153.1","150.67","153.1","635.83"
"29/06/2010","150.26","150.65","149.84","149.84","29556.86"
"30/06/2010","149.23","151.95","146.74","146.74","27412.21"
"01/07/2010","146.74","148.69","144.29","146.74","54378.73"
"02/07/2010","146.25","148.69","146.25","148.69","26870.43"
"05/07/2010","147.23","148.69","147.23","148.2","5540.51"
"06/07/2010","146.86","150.58","146.86","147.23","5818.55"
"07/07/2010","150.65","150.65","147.23","147.96","15437.77"
"08/07/2010","147.23","149.67","147.23","147.47","25821.62"
"09/07/2010","147.72","148.69","147.72","147.76","2612.83"
"12/07/2010","147.47","150.5","147.47","147.52","33551.75"
"13/07/2010","147.72","151.63","147.72","150.16","54166.11"
"14/07/2010","149.18","151.63","147.98","148.77","17144.9"
"15/07/2010","148.74","149.18","148.2","148.69","53470.99"
"16/07/2010","147.23","148.69","147.23","148.67","184329.14"
"19/07/2010","150.9","150.9","147.79","148.06","23345.77"
"20/07/2010","148.2","148.69","148.2","148.69","13125.48"
"21/07/2010","148.2","150.65","148.2","148.69","13006.9"
"22/07/2010","149.65","149.65","148.23","149.13","19056.48"
"23/07/2010","148.72","150.65","148.72","150.16","11162.79"
"26/07/2010","149.18","150.16","149.18","150.16","7850.75"
"27/07/2010","149.67","150.65","148.2","148.3","13019.16"
"28/07/2010","150.16","150.65","148.69","150.16","13378.99"
"29/07/2010","150.99","150.99","150.99","150.99","1778.69"
"02/08/2010","150.65","151.14","150.65","151.14","264750.29"
"03/08/2010","151.12","151.14","148.69","148.69","18038.33"
"04/08/2010","149.67","150.65","149.67","150.65","75514.43"
"05/08/2010","150.63","151.14","149.7","151.14","132512.12"
"06/08/2010","151.6","153.54","151.6","151.63","17872.73"
"09/08/2010","151.7","154.07","151.7","154.07","150881.66"
"10/08/2010","152.12","154.07","152.12","154.07","6709.94"
"11/08/2010","153.98","154.1","153.98","154.1","25566.06"
"12/08/2010","152.31","152.61","152.24","152.26","15466.39"
"13/08/2010","152.24","152.61","152.24","152.26","2986.97"
"16/08/2010","153.59","153.59","152.31","152.31","449.78"
"17/08/2010","152.31","152.53","151.63","152.36","17386.15"
"18/08/2010","150.33","152.26","150.33","152.26","2408.38"
"19/08/2010","152.02","152.36","152.02","152.12","29924.86"
"23/08/2010","152.61","156.52","152.34","156.52","134685.39"
"24/08/2010","156.5","156.54","156.5","156.52","48114.48"
"25/08/2010","156.5","158.97","156.47","158.97","22388.96"
"26/08/2010","158.92","159.94","156.52","158.97","90805"
"27/08/2010","155.54","158.97","155.54","158.97","8648.1"
"30/08/2010","154.83","154.83","154.83","154.83","1451.57"
"31/08/2010","155.08","159.75","155.05","159.45","48560.18"
"01/09/2010","156.52","159.21","156.52","158.97","27334.52"
"02/09/2010","158.97","158.97","157.25","158.97","17566.06"
"03/09/2010","157.65","158.97","157.65","158.97","93953.48"
"06/09/2010","157.99","159.94","157.99","159.94","12587.78"
"07/09/2010","158.97","160.43","158.48","160.43","370.05"
"08/09/2010","158.01","161.9","158.01","161.41","149853.29"
"09/09/2010","161.9","162.39","161.41","161.41","39298.74"
"13/09/2010","161.44","161.9","161.41","161.51","11058.52"
"14/09/2010","160.43","161.41","160.43","161.41","47744.44"
"15/09/2010","163.37","166.3","162.88","162.88","22450.29"
"16/09/2010","165.81","165.81","161.92","161.92","52414"
"17/09/2010","161.48","163.37","161.48","163.37","20019.42"
"20/09/2010","161.9","163.37","161.9","162.88","26377.71"
"21/09/2010","161.41","162.63","161.41","161.41","19027.85"
"22/09/2010","161.41","163.37","161.41","161.46","37791.97"
"28/09/2010","162.39","171.14","162.39","171.14","416834.09"
"29/09/2010","176.09","178.04","172.66","176.82","189945.29"
"30/09/2010","180.49","186.85","180.49","182.44","628037.75"
"01/10/2010","182.44","182.93","178.53","179.51","80365.95"
"04/10/2010","178.92","179.02","176.09","176.09","26719.14"
"05/10/2010","173.64","179.51","173.64","176.09","31219.01"
"06/10/2010","175.11","178.56","175.11","178.56","6853.05"
"07/10/2010","180.44","185.38","177.06","181.07","124105.27"
"08/10/2010","179.02","182.44","178.04","180.98","396743.12"
"11/10/2010","180.98","181.95","180.98","181.49","207178.1"
"12/10/2010","182.69","185.38","182.1","184.89","149820.58"
"13/10/2010","183.47","188.31","183.47","185.62","125158.18"
"14/10/2010","185.89","186.85","185.89","185.99","59134.16"
"15/10/2010","185.87","186.36","184.99","186.36","88049.06"
"18/10/2010","185.87","185.94","185.28","185.94","108473.28"
"19/10/2010","185.87","186.36","185.87","186.11","50193.71"
"20/10/2010","186.85","190.17","186.85","189.78","49005.87"
"21/10/2010","188.63","193.2","188.63","193.16","387023.72"
"22/10/2010","191.74","195.16","191.74","194.18","72603.11"
"25/10/2010","194.18","200.54","193.94","198.1","180248.38"
"26/10/2010","198.1","200.05","193.6","193.69","60581.64"
"27/10/2010","193.2","195.65","192.76","192.91","24852.54"
"28/10/2010","192.23","196.63","192.23","194.21","21201.12"
"29/10/2010","193.2","195.65","193.2","195.65","13329.92"
"01/11/2010","193.2","196.63","193.2","195.65","273103.98"
"02/11/2010","193.25","195.65","193.25","195.63","8008.18"
"03/11/2010","193.25","195.11","193.25","193.79","12138"
"04/11/2010","193.74","195.65","193.74","195.65","25680.55"
"05/11/2010","193.79","195.65","193.79","193.79","16457.96"
"08/11/2010","192.72","195.63","192.72","195.63","22174.29"
"09/11/2010","193.74","194.18","193.74","193.79","7799.64"
"10/11/2010","193.82","194.18","193.82","193.94","16079.73"
"11/11/2010","193.84","195.41","193.84","193.89","4943.52"
"12/11/2010","192.28","193.69","191.57","193.69","16257.6"
"15/11/2010","190.76","193.2","190.76","193.2","3283.41"
"16/11/2010","190.81","191.74","190.81","191.25","6016.87"
"19/11/2010","191.1","192.59","191.1","192.59","8421.16"
"22/11/2010","191.25","192.72","191.25","192.45","2434.96"
"23/11/2010","191.3","193.2","191.3","193.2","18269.36"
"24/11/2010","191.3","193.2","191.3","193.2","15196.52"
"25/11/2010","191.3","192.72","191.3","191.74","5716.33"
"26/11/2010","190.76","190.76","186.63","189.78","14556.6"
"29/11/2010","186.85","190.27","186.6","190.27","50338.86"
"30/11/2010","186.6","191.74","186.6","190.32","10371.58"
"01/12/2010","190.51","191.74","190.51","190.76","12021.46"
"02/12/2010","191","196.38","191","193.69","221497.55"
"03/12/2010","193.2","194.67","193.2","194.67","8071.56"
"06/12/2010","189.05","195.65","189.05","195.36","32259.64"
"08/12/2010","193.45","195.65","193.45","195.65","36003.06"
"09/12/2010","194.67","200.05","194.67","199.07","134779.44"
"10/12/2010","198.83","200.05","194.67","195.65","506712.95"
"13/12/2010","194.18","196.63","194.18","195.65","111889.59"
"14/12/2010","194.18","195.16","193.2","193.2","19003.32"
"15/12/2010","191.27","195.14","191.27","192.76","25950.42"
"16/12/2010","191.83","195.16","191.83","193.3","31075.9"
"17/12/2010","193.79","196.63","193.72","196.63","179594.15"
"20/12/2010","198.1","205.43","198.1","205.43","296476.32"
"21/12/2010","202.99","210.18","202.99","210.18","93771.52"
"22/12/2010","210.32","213.28","208.42","208.42","647756.63"
"23/12/2010","208.86","210.32","203.77","203.77","402694.56"
"24/12/2010","202.99","204.45","201.76","204.41","19547.15"
"27/12/2010","203.5","205.38","201.47","201.47","24715.56"
"28/12/2010","198.1","200.54","196.65","197.61","104699.19"
"29/12/2010","198.1","198.58","196.63","197.61","62564.78"
"30/12/2010","196.21","204.85","193.69","202.99","243559.39"
"31/12/2010","201.52","207.14","201.52","205.43","205043.68"
"03/01/2011","198.1","204.94","198.1","204.94","2271.4"
"04/01/2011","202.25","206.36","202.25","205.92","16276"
"05/01/2011","208.39","214.68","208.39","209.59","189109.1"
"06/01/2011","211.79","214.7","209.83","212.77","220411.93"
"07/01/2011","213.26","216.1","213.26","215.22","63901.86"
"10/01/2011","215.22","218.64","215.22","217.71","134648.59"
"12/01/2011","220.11","229.89","220.11","227.44","96132.88"
"13/01/2011","225.49","228.91","223.58","225","41083.56"
"14/01/2011","224.85","225","222.55","224.02","76058.26"
"17/01/2011","220.16","220.16","212.77","217.66","137175.55"
"18/01/2011","215.7","220.11","215.7","220.11","34017.88"
"19/01/2011","218.15","221.57","217.91","217.91","20579.6"
"20/01/2011","217.71","220.11","217.71","218.64","26962.43"
"21/01/2011","218.15","224.97","218.15","220.11","319407.07"
"24/01/2011","223.04","224.31","223.04","223.04","7593.15"
"25/01/2011","223.07","229.89","223.07","228.91","213503.68"
"26/01/2011","228.42","234.29","227.98","231.85","224985.41"
"27/01/2011","234.29","237.23","229.89","229.89","169263.46"
"28/01/2011","229.89","229.89","222.55","222.55","124221.81"
"31/01/2011","213.75","218.59","209.83","214.24","218496.27"
"01/02/2011","213.75","215.26","205.43","205.43","220943.49"
"02/02/2011","212.28","214.73","202.01","211.79","77227.69"
"03/02/2011","212.77","214.19","199.1","199.1","211158.68"
"04/02/2011","207.78","209.3","205.92","206.41","81989.26"
"07/02/2011","207.93","217.17","207.93","217.17","108297.46"
"08/02/2011","218.25","223.29","218.25","222.21","73285.96"
"09/02/2011","222.06","222.06","218.15","220.11","62967.54"
"10/02/2011","217.66","217.66","210.86","211.3","82062.86"
"11/02/2011","211.3","216.19","208.37","208.37","20966.01"
"14/02/2011","214.73","215.19","212.77","214.73","13984.15"
"15/02/2011","211.55","214.73","211.55","213.26","54143.62"
"18/02/2011","208.37","214.19","205.43","209.83","16022.49"
"21/02/2011","206.9","210.32","198.34","200.05","459352.87"
"22/02/2011","194.18","203.97","193.69","198.1","106807.04"
"23/02/2011","203.97","203.97","198.1","198.1","25690.77"
"24/02/2011","199.32","202.01","199.32","199.56","40862.76"
"25/02/2011","202.01","204.89","200.57","203.97","48251.46"
"28/02/2011","204.55","207.83","204.55","207.34","33862.5"
"01/03/2011","207.39","217.66","207.39","215.26","194539.2"
"02/03/2011","216.68","220.11","216.68","218.39","222787.6"
"03/03/2011","215.22","218.25","212.77","212.79","11062.61"
"04/03/2011","215.22","215.22","212.77","215.22","9412.73"
"07/03/2011","211.3","215.17","207.88","207.88","31963.2"
"08/03/2011","212.52","214.19","210.84","213.5","4209.56"
"09/03/2011","212.77","212.77","210.32","212.28","7208.79"
"10/03/2011","215.22","217.17","212.82","212.82","31366.21"
"11/03/2011","212.77","215.22","212.77","215.22","30041.4"
"14/03/2011","211.3","214.73","210.72","214.73","5053.92"
"15/03/2011","215.22","215.7","210.32","210.32","56715.56"
"16/03/2011","213.72","213.72","210.32","211.3","56110.39"
"17/03/2011","212.77","212.77","211.3","211.3","35722.97"
"18/03/2011","212.28","212.28","210.32","210.32","29722.46"
"21/03/2011","212.77","212.77","210.57","211.3","7591.11"
"22/03/2011","209.83","212.28","209.83","211.79","11690.26"
"23/03/2011","212.28","212.28","210.37","211.79","491688.16"
"24/03/2011","212.28","212.28","210.32","210.32","11181.19"
"25/03/2011","210.32","211.79","205.92","205.92","21066.19"
"28/03/2011","212.23","212.23","206.41","206.9","7490.93"
"29/03/2011","210.32","210.32","203.5","203.5","20285.2"
"30/03/2011","203.97","206.41","203.72","203.72","2594.43"
"31/03/2011","200.54","202.5","194.67","194.67","64126.75"
"01/04/2011","194.67","194.67","187.33","188.31","102286.72"
"04/04/2011","188.31","188.8","180.98","180.98","246912.31"
"05/04/2011","180.93","190.27","179.02","183.47","147673.89"
"06/04/2011","187.33","192.64","185.87","188.8","142480.94"
"07/04/2011","193.2","197.12","190.76","196.53","117511.87"
"08/04/2011","198.07","200.54","190.76","190.76","103092.24"
"11/04/2011","195.65","196.14","190.76","190.76","25240.99"
"12/04/2011","188.8","195.11","188.31","188.31","17852.28"
"13/04/2011","188.31","190.76","184.4","185.87","156530.52"
"14/04/2011","184.89","185.87","184.4","184.4","33823.66"
"15/04/2011","185.87","188.31","185.87","185.87","196775.85"
"18/04/2011","190.76","190.76","185.87","185.87","17570.15"
"19/04/2011","185.87","185.87","185.38","185.87","21340.15"
"20/04/2011","190.22","190.22","190.22","190.22","4.09"
"21/04/2011","189.29","189.73","186.85","189.73","38593.4"
"22/04/2011","190.73","193.3","189.78","193.3","57666.23"
"25/04/2011","191","200.05","191","195.65","65271.65"
"26/04/2011","195.65","197.12","195.65","195.75","180127.76"
"27/04/2011","196.63","199.07","196.63","196.65","34232.55"
"28/04/2011","196.63","197.19","185.87","196.63","559402.95"
"29/04/2011","192.23","195.65","192.23","193.2","182724.23"
"02/05/2011","190.03","195.65","189.8","195.65","32596.98"
"03/05/2011","195.65","198.1","193.47","195.72","102162.01"
"04/05/2011","195.65","195.77","195.65","195.77","4947.61"
"05/05/2011","195.65","197.8","195.65","196.14","33878.86"
"06/05/2011","195.89","197.61","195.89","196.14","7010.48"
"09/05/2011","196.63","197.85","196.63","197.85","8470.23"
"10/05/2011","196.68","197.97","196.68","197.85","12546.89"
"11/05/2011","196.68","198.1","196.68","197.61","2107.85"
"12/05/2011","198.61","200.54","198.14","199.07","11001.28"
"13/05/2011","200.54","201.01","199.07","200.54","63094.29"
"16/05/2011","202.01","202.99","198.58","199.32","5470.99"
"17/05/2011","201.52","201.52","199.34","201.47","3786.35"
"18/05/2011","199.32","200.79","199.32","200.79","15595.19"
"19/05/2011","199.59","201.52","199.56","201.03","32731.92"
"25/05/2011","205.46","210.32","204.45","205.33","108454.88"
"26/05/2011","204.94","207.39","202.5","205.31","21084.59"
"27/05/2011","202.99","205.43","202.99","204.94","23323.28"
"30/05/2011","204.6","205.43","204.6","204.94","3759.77"
"31/05/2011","204.94","206.9","202.99","202.99","28773.83"
"01/06/2011","204.85","204.85","202.5","202.99","39646.3"
"02/06/2011","202.08","202.99","202.01","202.99","10009.71"
"03/06/2011","202.01","204.94","202.01","202.01","8259.65"
"06/06/2011","201.52","204.45","201.52","202.11","3005.37"
"07/06/2011","201.54","202.96","201.54","201.81","2802.96"
"08/06/2011","202.99","202.99","202.25","202.25","1846.15"
"09/06/2011","202.01","202.06","201.79","201.79","2561.72"
"10/06/2011","201.67","202.25","201.52","201.57","2809.1"
"13/06/2011","201.76","202.5","198.73","198.73","2071.04"
"14/06/2011","199.07","199.07","198.73","198.78","8361.87"
"17/06/2011","198.58","198.58","196.9","198.58","31188.34"
"20/06/2011","198.1","198.58","197.12","197.12","6235.62"
"21/06/2011","196.63","197.12","196.16","196.16","5800.15"
"22/06/2011","192.72","198.1","192.72","195.65","9780.73"
"23/06/2011","193.2","195.67","193.2","195.67","8531.56"
"24/06/2011","195.65","200.54","195.65","195.94","110049.56"
"27/06/2011","196.14","205.43","196.14","202.99","20567.34"
"28/06/2011","200.54","202.67","200.54","202.67","21264.5"
"29/06/2011","200.54","202.5","195.65","200.54","87270.12"
"30/06/2011","195.75","196.63","195.65","195.65","52428.31"
"01/07/2011","195.65","198.07","195.65","195.65","1717.35"
"04/07/2011","196.14","199.07","196.14","196.41","4160.49"
"05/07/2011","196.14","196.63","193.69","193.69","4606.18"
"06/07/2011","194.18","195.65","194.18","195.65","725.79"
"07/07/2011","196.63","197.61","196.63","197.61","6348.07"
"08/07/2011","195.65","198.1","195.65","198.1","4753.39"
"11/07/2011","195.89","199.05","195.65","199.05","1459.75"
"12/07/2011","195.65","195.65","195.65","195.65","5244.06"
"13/07/2011","195.67","195.67","195.16","195.21","1803.22"
"14/07/2011","194.67","195.65","194.67","194.7","920.01"
"15/07/2011","194.67","195.16","194.67","194.7","1576.28"
"18/07/2011","194.18","194.72","194.18","194.72","2504.47"
"19/07/2011","193.2","195.6","193.2","194.67","12671.61"
"20/07/2011","193.25","195.58","193.25","195.58","2177.36"
"21/07/2011","194.18","196.87","194.18","196.87","9711.22"
"22/07/2011","195.65","195.65","195.65","195.65","5125.48"
"25/07/2011","195.65","195.65","195.65","195.65","8153.33"
"26/07/2011","195.65","195.7","194.67","195.7","11389.72"
"27/07/2011","195.7","196.87","195.65","195.67","5785.84"
"28/07/2011","195.65","200.54","195.65","195.75","22180.42"
"29/07/2011","195.65","196.14","195.65","195.65","13587.53"
"01/08/2011","195.67","195.67","195.65","195.65","1502.68"
"02/08/2011","195.65","195.67","195.65","195.65","14190.64"
"03/08/2011","195.65","195.7","195.65","195.7","2222.34"
"04/08/2011","195.7","197.12","195.65","195.65","96412.97"
"05/08/2011","195.65","195.65","195.65","195.65","77013.02"
"08/08/2011","194.18","195.65","194.18","195.65","40658.31"
"09/08/2011","195.65","195.65","194.21","195.65","190534.09"
"10/08/2011","195.65","195.65","194.72","195.16","70953.22"
"11/08/2011","195.16","195.65","193.94","195.65","181019.14"
"12/08/2011","194.43","200.05","194.43","196.95","106576.02"
"15/08/2011","196.58","196.78","196.24","196.24","2328.65"
"16/08/2011","194.67","195.7","194.67","195.65","10285.71"
"17/08/2011","195.16","195.65","195.16","195.65","1245.08"
"18/08/2011","196.63","197.61","195.65","195.65","36782"
"19/08/2011","195.65","195.65","194.82","195.65","29638.64"
"22/08/2011","194.23","195.65","194.23","195.65","38810.12"
"23/08/2011","195.65","195.65","193.74","195.65","4283.16"
"24/08/2011","193.79","195.65","193.79","195.65","14072.07"
"25/08/2011","194.72","195.65","194.72","195.65","2357.27"
"26/08/2011","193.94","195.65","193.94","195.65","19886.53"
"29/08/2011","194.72","195.65","194.72","195.65","4528.49"
"30/08/2011","195.65","197.61","195.65","197.61","639.92"
"02/09/2011","197.58","197.61","194.67","195.65","53536.41"
"05/09/2011","195.65","196.14","195.09","195.65","42273.44"
"06/09/2011","195.65","197.12","195.65","195.65","26066.95"
"07/09/2011","195.65","198.1","195.65","195.65","23648.35"
"08/09/2011","198.1","198.1","195.75","197.61","1778.69"
"09/09/2011","194.67","196.87","194.67","195.65","87687.19"
"12/09/2011","195.65","197.09","195.65","195.65","6920.52"
"13/09/2011","195.65","195.65","195.65","195.65","11021.72"
"14/09/2011","196.63","199.32","194.77","195.65","654581.06"
"15/09/2011","193.2","195.65","193.2","193.45","223601.3"
"16/09/2011","188.9","195.65","188.9","195.65","215163.79"
"19/09/2011","193.79","195.65","193.79","195.65","77740.85"
"20/09/2011","195.65","195.65","194.67","195.65","41809.35"
"21/09/2011","193.2","195.6","193.2","194.67","4612.32"
"22/09/2011","193.2","195.65","193.2","195.65","92413.99"
"23/09/2011","193.25","195.65","193.25","195.65","128776.88"
"26/09/2011","192.76","195.63","192.76","193.2","10668.03"
"27/09/2011","192.72","195.65","192.72","195.65","21753.13"
"28/09/2011","193.2","193.2","193.2","193.2","1860.46"
"29/09/2011","195.6","195.6","192.25","193.25","1588.55"
"30/09/2011","195.6","195.6","194.43","194.67","6695.63"
"03/10/2011","193.3","193.3","189.78","190.76","16288.27"
"04/10/2011","190.76","190.86","190.76","190.76","6018.91"
"05/10/2011","193.2","194.16","188.31","188.31","1453.62"
"06/10/2011","188.31","193.69","188.31","193.69","2567.85"
"07/10/2011","190.76","193.2","190.76","193.16","1067.21"
"10/10/2011","190.76","190.91","190.76","190.76","232020.42"
"11/10/2011","189.78","190.76","189.78","190.76","360631.7"
"12/10/2011","185.87","190.76","185.87","190.76","160349.58"
"13/10/2011","189.78","190.76","188.85","190.73","144186.03"
"14/10/2011","188.31","190.73","188.31","190.73","49516.99"
"17/10/2011","188.8","190.51","188.8","190.27","44898.54"
"18/10/2011","188.83","190.73","188.8","190.73","67322.25"
"19/10/2011","189.29","190.27","188.85","190.27","42907.23"
"20/10/2011","189.54","190.27","189.54","190.27","23129.05"
"21/10/2011","189.29","190.27","189.29","190.25","56016.35"
"24/10/2011","189.78","190.25","189.78","190.25","12266.8"
"25/10/2011","189.78","190.03","189.39","190.03","24736"
"26/10/2011","189.29","189.78","188.31","189.78","20213.64"
"27/10/2011","189.29","190.76","189.29","190.73","17478.15"
"28/10/2011","190.03","192.72","190.03","191.25","51545.1"
"31/10/2011","190.76","192.72","190.76","192.72","17950.42"
"01/11/2011","191.25","192.72","191.25","192.72","22485.05"
"02/11/2011","193.2","203.38","193.2","195.65","23574.75"
"03/11/2011","197.7","197.7","193.69","193.69","32453.87"
"04/11/2011","192.23","194.67","192.23","193.69","2873.5"
"09/11/2011","192.72","195.16","192.72","195.16","12681.83"
"10/11/2011","195.16","195.16","193.2","194.67","6553.54"
"11/11/2011","192.72","193.69","192.72","193.69","15221.06"
"14/11/2011","192.72","193.2","192.72","193.2","4520.32"
"15/11/2011","192.72","192.72","192.72","192.72","23978.53"
"16/11/2011","192.23","192.23","191.74","192.23","21115.25"
"17/11/2011","192.72","192.72","189.83","192.13","18852.03"
"21/11/2011","192.13","192.13","189.78","191.74","24498.85"
"22/11/2011","190.76","190.76","188.8","190.66","22965.5"
"23/11/2011","186.85","190.66","186.85","188.8","19876.31"
"24/11/2011","186.85","188.8","186.55","188.8","16056.22"
"25/11/2011","187.14","188.8","187.14","187.24","18455.4"
"28/11/2011","186.36","189.58","186.36","189.58","5457.7"
"29/11/2011","189.29","189.78","187.82","188.61","17782.77"
"30/11/2011","189.78","190.76","189.78","190.76","39222.08"
"01/12/2011","189.78","191.64","189.78","190.47","14075.13"
"02/12/2011","190.76","190.76","190.56","190.76","88413.99"
"05/12/2011","190.76","190.76","188.8","190.56","18315.36"
"06/12/2011","190.56","191.25","188.8","190.56","21154.1"
"07/12/2011","190.56","190.66","190.56","190.56","16041.91"
"08/12/2011","190.56","190.66","188.36","190.66","57213.38"
"09/12/2011","190.27","190.27","189.78","189.78","7851.78"
"12/12/2011","189.78","189.83","188.8","189.78","22725.27"
"13/12/2011","189.78","190.66","189.58","190.66","12941.48"
"14/12/2011","189.29","189.58","189.29","189.58","8287.25"
"15/12/2011","189.58","190.76","188.8","190.76","34983.9"
"16/12/2011","189.58","189.58","188.8","189","26286.73"
"19/12/2011","189","189","188.02","188.8","21759.26"
"20/12/2011","188.8","189.78","188.41","189.29","50120.11"
"21/12/2011","189.29","190.76","189.29","190.76","1649204"
"22/12/2011","190.27","191.74","190.27","191.69","39407.1"
"23/12/2011","190.27","191.74","188.9","191.74","40981.34"
"26/12/2011","188.8","192.23","188.8","192.23","51716.84"
"27/12/2011","189.29","192.23","189.29","192.23","48213.64"
"28/12/2011","190.76","193.11","189.83","193.11","48084.84"
"29/12/2011","192.23","195.16","192.23","195.16","137654.98"
"30/12/2011","193.69","195.45","193.69","194.18","133960.63"
"02/01/2012","189.78","192.72","189.78","192.72","13470.99"
"03/01/2012","188.85","188.9","188.85","188.9","2328.65"
"04/01/2012","189.78","192.23","189.78","192.23","6481.98"
"05/01/2012","191.74","192.72","191.74","192.72","7281.37"
"06/01/2012","191.74","192.72","191.74","191.74","9969.84"
"09/01/2012","191.74","191.74","191.74","191.74","4626.63"
"10/01/2012","191.74","191.93","190.27","191.74","15834.4"
"12/01/2012","190.47","192.52","190.47","192.52","7862"
"13/01/2012","191.74","192.18","191.74","191.83","18537.18"
"16/01/2012","191.74","192.23","191.74","191.74","3017.63"
"17/01/2012","191.79","191.83","191.79","191.79","7566.57"
"18/01/2012","191.83","192.18","191.83","191.83","12217.73"
"19/01/2012","191.83","192.37","191.83","192.37","20132.89"
"20/01/2012","191.98","192.72","191.98","192.72","24347.56"
"23/01/2012","191.74","192.47","191.74","192.47","13432.15"
"24/01/2012","191","191.74","191","191.74","8416.05"
"25/01/2012","191.79","192.72","191.79","192.32","18786.61"
"26/01/2012","191.88","191.98","191.88","191.98","8561.21"
"27/01/2012","192.13","192.42","192.13","192.42","14484.03"
"30/01/2012","192.28","192.37","192.03","192.37","10777.41"
"31/01/2012","192.03","192.76","192.03","192.76","17556.86"
"01/02/2012","192.76","193.69","192.76","193.69","24891.38"
"02/02/2012","193.4","194.57","193.4","194.57","6244.82"
"03/02/2012","194.18","199.56","194.18","199.56","35238.43"
"07/02/2012","194.77","199.47","194.77","197.61","69993.35"
"08/02/2012","197.22","200.54","197.22","198.58","53578.32"
"09/02/2012","198.58","199.07","198.14","198.14","39376.43"
"10/02/2012","197.26","197.61","197.26","197.31","25229.74"
"13/02/2012","196.73","196.73","196.63","196.63","3411.19"
"14/02/2012","195.65","196.82","195.65","195.65","31818.04"
"15/02/2012","195.75","197.61","195.75","197.61","5896.24"
"16/02/2012","195.8","197.51","195.8","196.63","9836.95"
"17/02/2012","196.63","197.61","196.63","197.61","32056.22"
"20/02/2012","197.51","199.51","197.51","199.51","26955.27"
"21/02/2012","197.75","199.51","197.75","198.78","35611.55"
"22/02/2012","198.1","198.58","198.1","198.58","11266.04"
"23/02/2012","197.85","198.58","197.85","198.58","52958.85"
"24/02/2012","196.92","197.61","196.92","197.61","10979.81"
"27/02/2012","195.65","196.63","195.65","195.7","3599.28"
"28/02/2012","195.75","197.61","195.75","197.61","4636.85"
"29/02/2012","195.65","197.61","195.65","197.61","19507.28"
"01/03/2012","197.61","198.44","197.61","198.44","7629.95"
"02/03/2012","197.75","197.75","197.17","197.17","6395.09"
"05/03/2012","195.94","197.61","195.94","197.61","6186.56"
"06/03/2012","197.12","197.61","195.85","195.85","9129.57"
"07/03/2012","196.24","196.63","196.24","196.24","7702.53"
"08/03/2012","196.14","197.12","196.14","197.12","1495.53"
"09/03/2012","196.73","197.56","196.29","196.38","9066.19"
"12/03/2012","196.24","196.63","196.24","196.53","7380.53"
"13/03/2012","196.43","196.43","195.36","196.04","15385.64"
"14/03/2012","195.65","195.65","192.76","195.55","26295.93"
"15/03/2012","194.97","195.65","194.67","194.67","31894.71"
"16/03/2012","194.77","195.41","193.64","193.64","13897.26"
"19/03/2012","195.16","195.16","191.93","195.16","18190.64"
"20/03/2012","195.55","195.55","195.11","195.16","26270.38"
"21/03/2012","195.65","195.65","195.16","195.65","73488.36"
"22/03/2012","195.16","195.65","195.16","195.55","11827.24"
"23/03/2012","195.36","195.6","195.01","195.16","65101.96"
"26/03/2012","195.36","195.6","195.36","195.6","75088.16"
"27/03/2012","195.6","195.6","195.16","195.5","75171.98"
"28/03/2012","195.16","195.16","194.67","195.16","55509.32"
"29/03/2012","195.36","195.36","194.67","194.67","72376.17"
"30/03/2012","194.67","194.67","194.67","194.67","91469.45"
"02/04/2012","194.67","194.67","190.76","194.67","21769.48"
"03/04/2012","194.67","194.67","191.74","194.57","59007.4"
"04/04/2012","194.67","195.11","193.2","193.79","197834.88"
"05/04/2012","194.53","194.53","194.38","194.43","116937.37"
"06/04/2012","194.33","194.33","193.69","193.69","213318.65"
"09/04/2012","193.79","194.48","191.83","193.69","78149.75"
"10/04/2012","193.89","193.89","190.86","193.64","109860.45"
"11/04/2012","193.5","193.5","186.85","191.74","395731.1"
"12/04/2012","189.88","192.62","189.78","192.23","144192.16"
"18/04/2012","186.01","186.94","185.87","185.87","37928.95"
"19/04/2012","185.87","190.47","185.87","185.87","5802.2"
"20/04/2012","185.92","186.85","185.87","186.85","20955.79"
"23/04/2012","185.87","186.85","184.89","186.85","6792.74"
"24/04/2012","186.85","186.85","185.87","186.85","7862"
"25/04/2012","186.85","186.85","186.85","186.85","11755.68"
"26/04/2012","186.85","188.7","186.85","188.7","4877.08"
"27/04/2012","188.8","188.8","185.87","188.75","26445.18"
"30/04/2012","189.78","189.78","188.8","189.78","8925.12"
"02/05/2012","188.8","189.78","188.8","189.78","12439.56"
"03/05/2012","189.78","189.78","189.78","189.78","7084.08"
"04/05/2012","191.74","191.74","188.36","191.44","10307.18"
"07/05/2012","190.76","193.6","190.76","193.6","4400.72"
"08/05/2012","191.74","191.74","189.1","191.74","29470.99"
"09/05/2012","191.74","191.74","189","191.59","11042.17"
"10/05/2012","191.25","191.25","190.76","191.25","6341.94"
"11/05/2012","190.76","191.25","190.76","191.25","19105.54"
"14/05/2012","191.2","191.25","191.2","191.25","9264.5"
"15/05/2012","191.25","191.25","191.15","191.25","71687.19"
"16/05/2012","191.25","191.25","188.8","191.15","78973.67"
"17/05/2012","190.27","190.27","189.78","189.78","126859.17"
"18/05/2012","189.29","189.29","185.87","185.87","155110.64"
"21/05/2012","189.68","189.68","188.8","188.8","3128.03"
"22/05/2012","188.31","188.7","188.31","188.7","21454.64"
"23/05/2012","188.51","189.68","188.31","189.68","19195.5"
"24/05/2012","189.68","189.68","187.82","187.82","30326.6"
"25/05/2012","187.82","189.24","187.82","189.24","22384.87"
"28/05/2012","188.8","189.24","188.8","189","7249.68"
"29/05/2012","188.8","191.74","188.8","191.74","40312.8"
"30/05/2012","190.95","191.74","190.76","190.76","6158.96"
"31/05/2012","190.76","190.81","190.76","190.76","12054.18"
"01/06/2012","190.76","190.76","189.78","190.27","15375.41"
"04/06/2012","190.27","190.76","190.27","190.76","12122.67"
"05/06/2012","190.76","191.74","190.76","191.74","19084.08"
"06/06/2012","191.74","194.48","191.74","193.69","43451.06"
"11/06/2012","197.61","198.58","197.61","197.61","34848.96"
"12/06/2012","197.61","198.1","197.61","197.61","24659.34"
"13/06/2012","197.61","197.7","197.61","197.61","34283.66"
"14/06/2012","197.61","197.61","194.67","197.61","45954.5"
"15/06/2012","197.61","197.61","197.61","197.61","48185.02"
"18/06/2012","197.61","197.61","195.65","197.61","8927.16"
"19/06/2012","197.61","197.61","197.61","197.61","21783.8"
"20/06/2012","197.61","197.66","197.61","197.61","18606.69"
"21/06/2012","197.75","197.75","197.7","197.75","31049.32"
"22/06/2012","197.7","197.7","195.65","197.61","4335.29"
"25/06/2012","197.61","197.9","195.65","197.9","66818.29"
"26/06/2012","197.5","199.95","197.5","197.6","898706"
"27/06/2012","197.65","199.5","197.6","199.5","4633"
"28/06/2012","197.75","198","197.75","197.9","5824"
"29/06/2012","197.7","199.85","197.7","198","491583"
"02/07/2012","194","200","194","200","7362"
"03/07/2012","198","199.9","198","199.9","2346"
"04/07/2012","198","199.9","198","198","1340"
"05/07/2012","196","198","196","198","31894"
"06/07/2012","198","199.9","195","199.9","42189"
"09/07/2012","198","199.8","198","198","43535"
"10/07/2012","198","198.6","198","198.6","515644"
"11/07/2012","198.05","198.85","198.05","198.85","38665"
"12/07/2012","198","198.5","196.05","198.5","2772"
"13/07/2012","198","198.1","198","198.1","7134"
"16/07/2012","198","198.85","198","198.85","9209"
"17/07/2012","198","199.95","198","199.95","18935"
"18/07/2012","199.5","200","199.5","200","27248"
"19/07/2012","198.1","199.95","198.1","199.95","18384"
"20/07/2012","199.6","199.6","198.25","199","3996"
"23/07/2012","198.6","198.6","198.6","198.6","716"
"24/07/2012","198.2","198.7","198","198.2","4657"
"25/07/2012","198.2","199.5","198.2","199.5","4159"
"26/07/2012","198.3","198.3","198","198","3154"
"27/07/2012","199.5","199.5","198","198","3579"
"31/07/2012","198","199","198","199","6746"
"01/08/2012","199","199.5","199","199.4","24137"
"02/08/2012","198.25","198.25","198.25","198.25","2040"
"03/08/2012","198","199","198","199","7408"
"06/08/2012","199","199.55","199","199.55","17210"
"07/08/2012","199.6","200.05","199.1","199.1","49011"
"08/08/2012","198.05","198.05","198","198.05","13337"
"09/08/2012","198.05","198.15","198.05","198.15","7296"
"10/08/2012","199","200","199","200","28174"
"13/08/2012","198","198","198","198","1200"
"15/08/2012","198","198","198","198","3395"
"16/08/2012","198","198","198","198","1996"
"17/08/2012","198.05","200","198","200","7660"
"22/08/2012","198","198","198","198","3228"
"23/08/2012","198.1","198.2","198.1","198.1","1417"
"24/08/2012","198.15","198.15","198.15","198.15","17798"
"27/08/2012","198.1","198.1","198.1","198.1","660"
"28/08/2012","188","198.5","188","198.5","4808"
"29/08/2012","199","199","198.95","199","12765"
"30/08/2012","199.7","200","199.5","200","54031"
"31/08/2012","200","200","198.5","198.5","6088"
"03/09/2012","199.55","199.55","199.5","199.5","2220"
"04/09/2012","199.5","199.7","199.5","199.7","22391"
"05/09/2012","199.8","200","199.8","200","2960"
"06/09/2012","199.8","200","199.8","200","3570"
"07/09/2012","200","200","199.85","200","8033"
"10/09/2012","200","200","199.8","200","18408"
"11/09/2012","200","200","199.8","200","14399"
"12/09/2012","200","200","200","200","15127"
"13/09/2012","200","203","200","200.05","22725"
"14/09/2012","201.1","201.1","201","201","11474"
"17/09/2012","201","201","200.15","200.15","7210"
"18/09/2012","200.5","200.5","200.25","200.25","11879"
"19/09/2012","200.7","202","200.7","202","104766"
"20/09/2012","202","204","201","202.5","30813"
"21/09/2012","200.5","202","200.5","202","42839"
"24/09/2012","201.5","201.8","201.5","201.8","25479"
"25/09/2012","200.95","200.95","199","200.2","114567"
"26/09/2012","199.8","201","199.8","201","17115"
"27/09/2012","200","201","200","200","4853"
"28/09/2012","200","200.95","199.8","200","17666"
"01/10/2012","200","200.5","200","200.5","18228"
"02/10/2012","200","200","199.5","199.5","14149"
"03/10/2012","200","200","199.5","199.5","15708"
"04/10/2012","199.3","199.3","199.3","199.3","13643"
"05/10/2012","198.7","199.45","198.7","199.3","32297"
"08/10/2012","199.6","199.6","199.2","199.2","81871"
"09/10/2012","197.8","198","197","198","126118"
"10/10/2012","197.2","198","197.2","198","64531"
"11/10/2012","197.35","197.4","197.35","197.4","25773"
"12/10/2012","197.2","197.4","197.2","197.4","23137"
"15/10/2012","197","197","197","197","26010"
"16/10/2012","197.1","199","197","197","85387"
"17/10/2012","197.5","198","197.5","198","22383"
"18/10/2012","197.2","197.75","197.2","197.7","786078"
"19/10/2012","197","197","196","196","45037"
"22/10/2012","196","197","196","197","25986"
"23/10/2012","197.9","197.9","197","197.9","15584"
"24/10/2012","197","197.9","197","197.9","7668"
"25/10/2012","197","197.95","196.85","197.95","25746"
"29/10/2012","198","198","197.9","197.9","10200"
"30/10/2012","198","198","196.9","196.9","46076"
"31/10/2012","197.5","197.5","197","197.5","6135"
"01/11/2012","197.4","198","197","198","14485"
"02/11/2012","198","198","197.95","198","7000"
"05/11/2012","198","199","198","199","8181"
"07/11/2012","199","199.95","199","199.95","21585"
"08/11/2012","199","199.95","198.1","199.95","6535"
"09/11/2012","199","199","199","199","16879"
"12/11/2012","199","199","198","199","2656"
"13/11/2012","199","199.95","199","199.95","11143"
"14/11/2012","199","199","198.95","199","9000"
"15/11/2012","199","200","198.95","200","34542"
"19/11/2012","199","200","198.5","199","38803"
"20/11/2012","198","198.5","197.05","198.5","12913"
"21/11/2012","198","199","198","199","12188"
"22/11/2012","198.2","198.2","198.2","198.2","9353"
"23/11/2012","198","198","197","197.8","9351"
"26/11/2012","197.5","197.5","196","196","97600"
"27/11/2012","196","197.95","196","197","9963"
"28/11/2012","197","197.9","197","197","27500"
"29/11/2012","196.2","197.9","196.2","197","18423"
"30/11/2012","197","197.9","196.3","197","12702"
"03/12/2012","197","197","196.35","197","146948"
"04/12/2012","197","198.5","197","198.4","5020"
"05/12/2012","198","199","198","198.95","7375"
"06/12/2012","198","198","198","198","3128"
"07/12/2012","198","198.15","198","198","4315"
"10/12/2012","198","198","197.9","197.9","6011"
"11/12/2012","198","198","197.5","197.5","27418"
"12/12/2012","197","197","197","197","4769"
"13/12/2012","197","198","196.8","198","12330"
"14/12/2012","197","197.8","197","197.8","17164"
"17/12/2012","197.5","197.5","197","197","42504"
"18/12/2012","197","197","197","197","16564"
"19/12/2012","197","197","196.5","197","3479"
"20/12/2012","197","197","196","196","33171"
"21/12/2012","196","196.8","195.5","195.5","91276"
"24/12/2012","196","196","195.5","195.95","1151741"
"25/12/2012","195.9","197","195.5","197","194638"
"26/12/2012","197","197","197","197","23305"
"27/12/2012","197","197","196.05","196.2","75930"
"28/12/2012","197","197.9","197","197.7","108099"
"31/12/2012","196","196.9","196","196.9","124960"
"02/01/2013","196.7","196.7","196","196","13775"
"03/01/2013","196","197","196","197","5163"
"04/01/2013","196","197","196","197","7057"
"07/01/2013","196.4","197","196.4","197","5406"
"08/01/2013","197","197","196.45","197","9962"
"09/01/2013","197","197","197","197","26527"
"10/01/2013","197","197","196","196","37105"
"14/01/2013","196","196.95","195.5","196","19649"
"15/01/2013","195","195.5","190.1","190.15","66334"
"16/01/2013","182","182.6","178.75","178.75","29725"
"17/01/2013","173.55","182","173.55","182","4927"
"18/01/2013","182","185.9","181","185.5","31196"
"21/01/2013","182","185.9","179","185.9","2647"
"22/01/2013","182.15","186","182.15","186","1931"
"23/01/2013","185.8","186","182","186","22268"
"28/01/2013","187","195","186","195","33800"
"29/01/2013","190","195","190","194","62107"
"30/01/2013","190.05","194","187","187","3225"
"31/01/2013","190","190","187.1","187.1","5586"
"01/02/2013","188","193.9","188","188.5","1680"
"04/02/2013","189","189","189","189","1434"
"05/02/2013","187.5","193.8","187.5","193.8","872"
"06/02/2013","190","193.8","190","193.8","3533"
"07/02/2013","191","193.8","189.05","190","12154"
"08/02/2013","190","193.8","190","190","8631"
"11/02/2013","190","194.9","190","194","810"
"12/02/2013","190","194","190","194","17658"
"13/02/2013","193","193.2","192","193.2","11019"
"14/02/2013","193","193.9","193","193.9","38050"
"15/02/2013","193","193","191","192.1","64239"
"18/02/2013","190","192.9","190","192.9","2620"
"19/02/2013","192","192","191","191","3868"
"20/02/2013","191","192.5","191","192.5","28076"
"21/02/2013","190","191.5","190","191.5","22909"
"22/02/2013","191.5","191.5","191.5","191.5","64091"
"25/02/2013","191.5","193","191.5","191.5","22589"
"26/02/2013","191.5","191.5","191.5","191.5","6000"
"27/02/2013","191.5","191.5","190","191.3","12731"
"28/02/2013","191.3","191.3","191","191","22023"
"01/03/2013","191","191","189","190.5","20870"
"04/03/2013","190.5","190.95","190.5","190.5","8230"
"05/03/2013","190.5","191.5","190.5","191.3","20930"
"06/03/2013","191.3","191.3","191","191","19295"
"07/03/2013","191","191","191","191","9746"
"08/03/2013","191","191.5","191","191","37785"
"11/03/2013","191","191.5","183","191.5","11135"
"12/03/2013","191","191.5","191","191.5","1789"
"13/03/2013","191","191.5","191","191.5","13000"
"14/03/2013","191","191.45","191","191.45","72826"
"15/03/2013","191","191.4","191","191.4","11086"
"18/03/2013","191","191","191","191","2664"
"19/03/2013","191","191.5","191","191.5","26318"
"20/03/2013","191","191.5","191","191.5","4363"
"21/03/2013","191","191.5","187.25","191.5","16469"
"22/03/2013","191","191","191","191","4368"
"25/03/2013","190","190","189.9","189.9","31073"
"26/03/2013","190","190","186.05","188.9","26785"
"27/03/2013","188.9","190","188.9","190","4521"
"28/03/2013","190","192","188","192","4530"
"29/03/2013","191.5","192","191.5","192","17184"
"01/04/2013","191.2","191.2","191.2","191.2","840"
"02/04/2013","191","192","190","192","1199"
"03/04/2013","192","193","192","193","3892"
"04/04/2013","191.5","191.9","191.5","191.5","20568"
"05/04/2013","191.5","191.5","191.5","191.5","4996"
"08/04/2013","192","193","191","191.55","31624"
"09/04/2013","191.5","193","191.5","193","38172"
"10/04/2013","191.65","195","191.65","193","13208"
"11/04/2013","193.1","193.1","191.8","193","19137"
"12/04/2013","193","198","193","193.25","12218"
"15/04/2013","193","195","193","193.25","16284"
"16/04/2013","193","193","193","193","629"
"17/04/2013","193","193.05","193","193.05","6240"
"18/04/2013","193","193.6","193","193.05","145655"
"19/04/2013","193","193.6","193","193.6","10810"
"22/04/2013","193","193.6","192","192.5","37050"
"23/04/2013","192.5","192.5","190.15","190.3","26390"
"24/04/2013","192.5","192.5","192","192","12659"
"25/04/2013","191.5","191.5","188","188","86146"
"26/04/2013","189","191","189","189","15586"
"29/04/2013","189","190","188","189","33311"
"30/04/2013","188","188","184","187","64010"
"02/05/2013","187","187.2","187","187.2","789"
"03/05/2013","187","187.1","187","187.1","1804"
"06/05/2013","187","187","187","187","710"
"07/05/2013","187","188.15","187","188.15","844"
"08/05/2013","188","190","186","190","7912"
"09/05/2013","190","193","190","193","2204"
"10/05/2013","190","190","190","190","2892"
"13/05/2013","190","192.5","190","192.5","5900"
"14/05/2013","190","190.15","190","190","4254"
"15/05/2013","191","191","191","191","10000"
"16/05/2013","191","194","191","194","30831"
"17/05/2013","191","192","191","191","29432"
"20/05/2013","191","192","191","192","2700"
"21/05/2013","191","192.9","191","191","4592"
"22/05/2013","191","191","191","191","2220"
"23/05/2013","191","192","191","192","2198"
"24/05/2013","191","192","191","191","9469"
"27/05/2013","191","192.9","191","192.9","3600"
"28/05/2013","191","192","191","191.2","4960"
"29/05/2013","191.15","192","191.15","192","30972"
"30/05/2013","191","191.1","191","191","14061"
"31/05/2013","191","192","191","192","31871"
"03/06/2013","191","192","191","191","36278"
"04/06/2013","192","192","192","192","16532"
"05/06/2013","191","191","191","191","3264"
"06/06/2013","191","191.5","190","191.5","1674"
"07/06/2013","191","191","190","190","4117"
"10/06/2013","189","192","189","192","17115"
"11/06/2013","190","192","189.1","191.5","7395"
"12/06/2013","190","191.5","190","191","26481"
"13/06/2013","190","190","190","190","1528"
"14/06/2013","190","190","190","190","2355"
"17/06/2013","192","192","190","190","3625"
"18/06/2013","190","193","190","193","6659"
"19/06/2013","192","193.5","192","193.5","23252"
"20/06/2013","191.5","192","191.5","192","1968"
"21/06/2013","192","194.45","191.3","194.45","14807"
"24/06/2013","190","190","188","188","11882"
"25/06/2013","188","191.95","188","191.95","14860"
"26/06/2013","188.1","188.1","188","188","680"
"27/06/2013","188.05","191.75","188.05","191.75","7085"
"28/06/2013","190","192","188.05","191","1218156"
"02/07/2013","188.15","188.3","188.15","188.3","1559"
"03/07/2013","188","192","188","192","19740"
"04/07/2013","189","189","189","189","1386"
"05/07/2013","188.35","189.5","188.35","189.15","10281"
"08/07/2013","188.55","190","188.55","190","12667"
"09/07/2013","189.15","191.8","189.15","191.8","4350"
"10/07/2013","190","191.8","190","190","1728"
"11/07/2013","189","191.85","189","191.85","280"
"12/07/2013","190","191.8","190","191.8","18741"
"15/07/2013","191.8","191.95","191.8","191.95","4340"
"16/07/2013","191","191.25","191","191","114709"
"17/07/2013","191","191.05","191","191.05","1106"
"18/07/2013","191.1","191.9","191.1","191.9","3326"
"19/07/2013","191.9","191.9","191.9","191.9","3142"
"22/07/2013","191","191","191","191","700"
"24/07/2013","192","193","192","193","1149125"
"25/07/2013","191.1","193","191.1","193","24712"
"26/07/2013","191.1","193.95","191.1","193.95","25855"
"29/07/2013","194","194","193.95","194","64850"
"31/07/2013","191.15","191.25","190.25","191","17796"
"01/08/2013","191","191","191","191","2710"
"02/08/2013","190.05","191.9","190.05","191.9","9194"
"05/08/2013","186","189.15","186","189.15","3144"
"06/08/2013","190","192","190","192","1304"
"07/08/2013","190","191.95","190","191.95","1146"
"08/08/2013","190","190","190","190","1724"
"12/08/2013","190","190","189.05","190","2172"
"13/08/2013","189.3","191","189.3","191","1580"
"15/08/2013","190.5","190.55","189.1","189.1","19890"
"16/08/2013","189","189","187.2","187.2","11225"
"19/08/2013","187.2","190.5","187.2","187.2","22410"
"22/08/2013","187.5","187.5","187.3","187.3","25244"
"23/08/2013","188","188","188","188","807"
"26/08/2013","188","190","188","190","1301"
"27/08/2013","190","190","190","190","5424"
"28/08/2013","190","191.5","190","191.5","3527"
"29/08/2013","190","190","190","190","2722"
"30/08/2013","190","190","190","190","1640"
"02/09/2013","190","191","190","191","19385"
"03/09/2013","190","191","190","191","932"
"04/09/2013","190","191.5","190","191.5","24901"
"05/09/2013","190","190","190","190","2232"
"06/09/2013","190","190","190","190","7388"
"09/09/2013","190","190","190","190","8000"
"10/09/2013","190","190","188","188","12000"
"11/09/2013","188","188.05","188","188","26506"
"12/09/2013","190","190","189","189","30700"
"13/09/2013","189","189","188.1","189","35651"
"16/09/2013","190","190","188.1","189.9","20873"
"17/09/2013","189.9","190","188.1","190","8400"
"18/09/2013","189","190","189","190","10680"
"19/09/2013","190","190","188","189.5","32158"
"20/09/2013","189.5","189.9","189.5","189.5","8748"
"23/09/2013","189","189","187","187","246101"
"24/09/2013","187","187","187","187","196734"
"25/09/2013","187","188","187","188","78284"
"26/09/2013","188","189","188","189","52559"
"27/09/2013","189","189.95","189","189.25","35726"
"30/09/2013","189.25","189.3","189.25","189.3","37633"
"01/10/2013","189","189.25","188","189","47272"
"02/10/2013","189","189","189","189","32134"
"03/10/2013","189","189","189","189","45994"
"04/10/2013","189","189","189","189","25616"
"07/10/2013","189","189.2","189","189","76282"
"08/10/2013","189","189.95","189","189.6","57703"
"09/10/2013","189","189","189","189","50641"
"10/10/2013","189","189.5","189","189","35043"
"11/10/2013","189","189","189","189","24856"
"14/10/2013","189.5","189.5","189.5","189.5","18741"
"15/10/2013","189.5","189.5","189.5","189.5","25323"
"21/10/2013","189","189.95","189","189.95","18225"
"22/10/2013","189","189.1","189","189.1","10986"
"23/10/2013","189","189","189","189","33764"
"24/10/2013","189","189.5","189","189.5","16108"
"25/10/2013","189","192","189","192","317548"
"28/10/2013","191","198","191","196","180477"
"29/10/2013","194","197","194","195","121837"
"30/10/2013","194.95","195","194.95","195","105294"
"31/10/2013","194.1","195","194.1","195","44663"
"01/11/2013","194.5","194.5","193","193","51761"
"04/11/2013","190","190.25","190","190.05","15549"
"07/11/2013","190.5","190.5","190.05","190.5","7902"
"08/11/2013","190.05","193.5","190.05","192.05","20508"
"11/11/2013","192.55","194","192.35","194","11328"
"12/11/2013","194.1","195","194.1","195","35837"
"13/11/2013","195","198","195","197.5","102953"
"14/11/2013","196","198","196","197","57195"
"15/11/2013","196","197","196","196.5","82684"
"19/11/2013","195.1","197","195.1","197","53079"
"20/11/2013","197","197","196.8","197","26773"
"21/11/2013","197","197","196.05","196.05","22100"
"22/11/2013","196","196.85","194.1","194.1","39976"
"25/11/2013","195","195.2","195","195.2","23036"
"26/11/2013","196","196","195","196","104739"
"27/11/2013","196","196.8","196","196","80433"
"28/11/2013","194.5","195.9","194.5","195.9","5641"
"29/11/2013","194.5","195.9","194.5","195.9","78552"
"02/12/2013","195.85","196","195.15","196","47303"
"03/12/2013","194.5","196","194.5","196","5838"
"04/12/2013","194.5","196","194.5","196","19102"
"05/12/2013","195","195.25","194.9","195.25","12070"
"06/12/2013","195.55","195.6","195.1","195.1","42654"
"09/12/2013","195.2","195.8","195.2","195.8","32434"
"10/12/2013","195.7","195.9","194.5","195.9","22136"
"11/12/2013","195","195.9","193.9","195.9","10598"
"12/12/2013","195.75","195.9","195.75","195.9","16623"
"13/12/2013","195.5","195.9","195.5","195.5","25306"
"16/12/2013","195.55","195.85","195","195.85","7764"
"17/12/2013","195.6","195.6","195.6","195.6","10057"
"18/12/2013","195.85","195.85","195.75","195.75","20166"
"19/12/2013","193.5","195.8","193.5","195.8","14463"
"20/12/2013","194","195.05","194","195.05","20683"
"23/12/2013","195.5","195.5","195","195","17546"
"24/12/2013","194","195.5","194","195.5","7084"
"25/12/2013","194.25","194.3","194.25","194.3","10165"
"26/12/2013","194","195","194","195","3419"
"27/12/2013","194","195","194","194","15724"
"30/12/2013","194","195","193","194","19486"
"31/12/2013","194","194.7","192","193.5","18533"
"02/01/2014","193","193.05","193","193","5463"
"03/01/2014","193","193","193","193","5072"
"06/01/2014","193","194.75","193","194.75","4918"
"07/01/2014","193","194.45","193","194.45","13065"
"08/01/2014","193.15","194","193","193","18154"
"09/01/2014","193.25","194","193.25","194","26828"
"10/01/2014","193.25","194","191.65","191.65","24833"
"13/01/2014","192","194","192","194","7452"
"16/01/2014","192.05","192.05","192","192","34456"
"17/01/2014","192","192.05","192","192.05","15369"
"20/01/2014","192.5","193","192.5","193","4335"
"21/01/2014","193","193.5","193","193.5","51065"
"22/01/2014","193.5","193.5","192","192","46757"
"23/01/2014","192","193.5","192","193.5","3912"
"24/01/2014","192.5","193.45","192.45","192.5","34263"
"27/01/2014","192.5","192.5","191","191","7324"
"28/01/2014","191.5","191.5","191.5","191.5","49123"
"29/01/2014","191.55","193","191.55","191.6","5252"
"30/01/2014","191.05","191.85","191.05","191.1","35351"
"31/01/2014","191.5","191.5","191.1","191.1","44658"
"03/02/2014","191.1","192","191.1","192","3866"
"04/02/2014","191.5","192","190.3","192","17617"
"05/02/2014","191.5","191.5","191.5","191.5","632"
"06/02/2014","191.5","191.5","191.5","191.5","1976"
"07/02/2014","191.5","191.7","191.5","191.7","56240"
"10/02/2014","192","192","192","192","8084"
"11/02/2014","192","192","191.6","191.6","16148"
"12/02/2014","191.6","193.6","191.6","193.6","7359"
"13/02/2014","192","192","192","192","2438"
"14/02/2014","192","192.1","192","192.1","2309"
"17/02/2014","192","193","192","193","3141"
"18/02/2014","193","193.7","193","193.7","2475"
"19/02/2014","193","193","193","193","3979"
"20/02/2014","193.2","193.7","193.05","193.7","6477"
"21/02/2014","193","193.7","193","193.7","1600"
"24/02/2014","192.55","193.9","192.55","193.9","49217"
"25/02/2014","193","193","191.5","191.5","372967"
"26/02/2014","191.5","191.55","191.5","191.55","12313"
"27/02/2014","191.5","191.5","191.5","191.5","3141"
"28/02/2014","192.5","193.5","192","192.9","92373"
"03/03/2014","191.5","192","191","191","50929"
"04/03/2014","191","193.5","190.1","193.5","7589"
"05/03/2014","191.55","191.8","191.55","191.8","4333"
"06/03/2014","192","192","191.5","192","81182"
"07/03/2014","191.7","192","191.5","192","30809"
"10/03/2014","191","191","191","191","320"
"11/03/2014","191.15","193.5","191.15","193.5","27216"
"12/03/2014","191.3","192.2","191.3","191.3","168692"
"13/03/2014","191.3","193","191.3","193","16364"
"14/03/2014","191.3","192","191.3","192","9347"
"17/03/2014","191.15","192.9","191.15","192.9","13023"
"18/03/2014","191.15","192","190.1","192","24052"
"19/03/2014","191.15","192","191.15","192","4770"
"20/03/2014","191.5","193","191.5","192","6420"
"21/03/2014","191.5","191.55","191.5","191.55","1026"
"24/03/2014","191.15","191.8","191.15","191.8","3931"
"25/03/2014","191.9","191.9","191.5","191.75","19327"
"26/03/2014","191.15","191.9","191.15","191.9","5015"
"27/03/2014","191.5","191.95","191.15","191.9","27493"
"28/03/2014","191.2","191.2","191.15","191.15","3225"
"31/03/2014","191.15","191.5","191.15","191.5","2510"
"01/04/2014","191.5","193","191.5","193","3706"
"02/04/2014","191.5","193","191.5","193","6297"
"03/04/2014","191.15","192","191.15","192","5322"
"04/04/2014","191.15","191.5","191.15","191.5","7336"
"07/04/2014","191.15","192","191.15","192","10043"
"08/04/2014","191.5","192","191.2","191.2","6015"
"09/04/2014","191.3","192","191.3","192","3528"
"10/04/2014","191.3","192","191.3","191.3","34385"
"11/04/2014","191.3","192","191.3","191.3","1136"
"14/04/2014","191.3","191.3","191.3","191.3","1061"
"15/04/2014","191.3","192","191.3","192","33219"
"16/04/2014","191.3","192","191.3","192","4403"
"17/04/2014","192","192","191.3","191.3","31000"
"18/04/2014","190","190","190","190","463"
"21/04/2014","189","191.9","189","191.9","998"
"22/04/2014","191","191.05","190.1","191.05","39851"
"23/04/2014","190","191.4","190","191.4","3359"
"24/04/2014","190","191.95","190","191.95","7434"
"25/04/2014","189","189","189","189","1659"
"28/04/2014","189","189.05","187","189","96339"
"29/04/2014","188","188.5","187","188.5","129188"
"30/04/2014","188.5","188.5","188.5","188.5","77653"
"02/05/2014","189.95","189.95","189.95","189.95","15000"
"05/05/2014","190","190","190","190","36069"
"06/05/2014","188.5","188.5","188.5","188.5","1527"
"07/05/2014","188.5","188.6","188.5","188.5","2517"
"08/05/2014","189","189.95","189","189.5","20320"
"09/05/2014","189.6","189.6","189.5","189.5","5700"
"12/05/2014","189.95","189.95","189.95","189.95","2070"
"13/05/2014","190","190.5","190","190.5","23133"
"14/05/2014","190","190.5","190","190.5","2424"
"15/05/2014","189.5","189.5","189.5","189.5","35000"
"16/05/2014","189","189.5","189","189","53468"
"19/05/2014","188.5","189.5","188.5","189.5","6315"
"20/05/2014","188.5","190","188.5","188.5","167"
"21/05/2014","188.5","189.5","188.5","189","31281"
"22/05/2014","188.6","189","188.6","189","15392"
"23/05/2014","189","190","189","190","3450"
"26/05/2014","188.7","188.7","188.7","188.7","11600"
"27/05/2014","188.5","188.5","188.5","188.5","22835"
"28/05/2014","189","189","188.5","189","62284"
"29/05/2014","188.7","189.5","188.7","189.5","50606"
"30/05/2014","188.7","189.5","188.7","189.5","27032"
"02/06/2014","189.45","189.5","189.45","189.5","11350"
"03/06/2014","189.5","189.5","189.45","189.45","6740"
"04/06/2014","189.5","189.5","189.05","189.05","4515"
"05/06/2014","189.1","189.1","188.95","188.95","21300"
"06/06/2014","189","189","189","189","6200"
"09/06/2014","189","189.05","189","189","10087"
"10/06/2014","189","189","189","189","11837"
"11/06/2014","189","190","189","189.95","25417"
"12/06/2014","189","189.1","188","189","26686"
"13/06/2014","189","189","189","189","13295"
"16/06/2014","189.05","189.05","189.05","189.05","3991"
"17/06/2014","189","190","189","189","5916"
"18/06/2014","189","189.95","189","189.5","28077"
"19/06/2014","188.5","189.5","188.5","189.5","24958"
"20/06/2014","189","190","189","189.9","23333"
"23/06/2014","189","189","189","189","314"
"24/06/2014","184.3","186","184.3","186","23398"
"25/06/2014","186","186","186","186","5246"
"26/06/2014","185","185","185","185","1055"
"27/06/2014","185","185.05","185","185","4527"
"30/06/2014","185","189","185","187.8","17694"
"01/07/2014","185","188.9","185","188.9","3973"
"03/07/2014","185.15","190","185.15","190","6174"
"04/07/2014","190","190","190","190","4000"
"07/07/2014","186.3","194","186.3","194","52116"
"08/07/2014","189","190","188","190","5258"
"09/07/2014","188.5","188.5","188.5","188.5","2489"
"10/07/2014","188.55","190","187.05","187.05","24308"
"11/07/2014","187.05","187.05","187.05","187.05","1704"
"14/07/2014","188.1","191","188.1","191","17189"
"15/07/2014","188.2","188.55","188.2","188.55","2981"
"16/07/2014","188.6","189.95","188.6","189.95","1674"
"17/07/2014","188.6","188.6","188.6","188.6","870"
"18/07/2014","188.6","188.6","188.6","188.6","242"
"21/07/2014","188.6","188.6","188.6","188.6","70"
"22/07/2014","188.6","188.65","188.6","188.65","985"
"23/07/2014","188.65","188.65","188.65","188.65","776"
"24/07/2014","188.7","189.95","188.7","189.95","12157"
"25/07/2014","188.7","190","188.7","190","7654"
"31/07/2014","190","194","190","193.45","165403"
"01/08/2014","190.55","193","190.55","192.8","3589"
"04/08/2014","192","192","192","192","2970"
"05/08/2014","190.5","193","190.5","193","3899"
"06/08/2014","191","193","191","193","1687"
"07/08/2014","191.1","191.15","191","191.15","5904"
"08/08/2014","192.5","193","192.5","193","6912"
"11/08/2014","191.5","193","191.5","193","1221"
"12/08/2014","191.2","191.2","191.2","191.2","940"
"13/08/2014","191.3","193","191.3","193","5041"
"15/08/2014","191","192","191","192","16193"
"18/08/2014","191.9","193","191.9","193","1724"
"19/08/2014","193","194","192","194","4500"
"22/08/2014","192","194","192","194","8915"
"25/08/2014","191","191.1","191","191.1","995"
"26/08/2014","192","193","192","193","83541"
"27/08/2014","192.55","194","192.55","194","20336"
"28/08/2014","193","194","193","194","1928"
"29/08/2014","193.15","194","193.15","194","15582"
"01/09/2014","193.5","193.5","193.05","193.05","4726"
"02/09/2014","193.5","195","193.5","195","7535"
"03/09/2014","193.15","195","193.15","195","3225"
"04/09/2014","193.5","193.5","193.05","193.15","4548"
"05/09/2014","192.5","192.5","192.5","192.5","4706"
"08/09/2014","193.5","193.5","193.5","193.5","597"
"09/09/2014","193.5","195","193.5","195","8579"
"10/09/2014","195","199.95","195","196.7","108036"
"11/09/2014","195.2","196","195.2","196","26496"
"12/09/2014","194.5","196","194.5","196","3126"
"15/09/2014","194","195","194","195","7111"
"16/09/2014","194.3","195","194.3","195","3558"
"17/09/2014","195","196","195","195.25","7242"
"18/09/2014","195","195.05","195","195","8149"
"19/09/2014","195","196","193.55","193.55","43204"
"22/09/2014","193.8","194","193.8","194","379668"
"23/09/2014","193.95","193.95","193","193","255848"
"24/09/2014","193.1","193.1","192.5","192.6","132667"
"25/09/2014","192.5","193","192.5","193","50573"
"26/09/2014","193","193.95","192.55","193.95","70179"
"29/09/2014","192.6","193.25","192.6","193","28448"
"30/09/2014","193.05","194","193.05","194","68103"
"01/10/2014","193.9","195","193.9","195","140809"
"02/10/2014","194.1","195","194.1","194.15","101967"
"03/10/2014","194.8","196","194.8","195","143313"
"07/10/2014","195","195","194.35","195","26607"
"08/10/2014","195.1","195.1","195.1","195.1","33327"
"09/10/2014","195.5","195.5","195.5","195.5","51670"
"10/10/2014","195.5","195.5","195.5","195.5","29918"
"13/10/2014","195.6","201","195.6","201","253080"
"14/10/2014","200","201","200","200.15","255810"
"15/10/2014","199","200.5","199","200.5","142500"
"16/10/2014","200.95","200.95","199.05","199.25","65620"
"17/10/2014","199","199.95","198.05","199.9","41071"
"20/10/2014","199.9","200","199.9","199.9","35098"
"21/10/2014","200","203","200","202.95","297283"
"22/10/2014","203.1","209.8","202.55","209.1","148431"
"23/10/2014","215","221.6","215","221.6","292305"
"24/10/2014","227","243","227","228","595697"
"27/10/2014","225","228","222.25","226","61037"
"28/10/2014","226","231","226","228.1","188035"
"29/10/2014","228","240","228","235.15","137393"
"30/10/2014","236","239.85","236","239.85","132264"
"31/10/2014","236.2","237","236.2","236.5","70150"
"03/11/2014","235","235","231.6","232.65","38002"
"04/11/2014","231.05","233.4","230.05","230.05","47417"
"05/11/2014","230","230.1","229.15","230.1","43871"
"07/11/2014","230","230.85","229","229","71900"
"10/11/2014","225","228.9","223.05","225","33702"
"11/11/2014","220.5","223.9","220.15","223.9","30777"
"12/11/2014","221.1","222","220.15","220.3","28476"
"13/11/2014","220.35","223","220.15","220.15","40223"
"14/11/2014","220","222.5","218.1","220.15","15701"
"17/11/2014","220","222.5","219","222.5","8200"
"19/11/2014","222.5","222.5","218.15","220","10254"
"20/11/2014","218.15","220","217.55","217.55","24946"
"21/11/2014","218.5","220","217.65","217.65","13322"
"24/11/2014","217","219.5","217","217","4426"
"25/11/2014","217.1","220","217.1","220","8387"
"26/11/2014","215.1","219.9","215.1","218","28041"
"27/11/2014","215.6","220","215.6","217","9127"
"28/11/2014","215.6","219","215.6","215.65","11915"
"01/12/2014","215.15","218","212","218","7698"
"02/12/2014","215","217","214.15","215","19662"
"03/12/2014","214.5","216","212","212","46786"
"04/12/2014","210","214.95","207.2","207.7","21918"
"05/12/2014","205","217","205","217","28996"
"08/12/2014","209","216.8","209","215","6952"
"09/12/2014","210","215","210","210.9","2585"
"10/12/2014","212","215","209.15","209.15","3570"
"11/12/2014","205.05","214.8","205.05","205.2","24571"
"12/12/2014","206.15","210","206.15","210","9935"
"15/12/2014","207","209.95","207","207","11140"
"16/12/2014","207.5","217.9","207.5","217.9","41545"
"17/12/2014","215","222","212","212","74760"
"18/12/2014","212.1","217","212.1","212.6","12103"
"19/12/2014","212.6","217","210","210","38216"
"22/12/2014","210","214","208.5","212","7554"
"23/12/2014","206.05","207","206.05","207","4800"
"24/12/2014","208","214","207.5","209","3701"
"25/12/2014","208.75","210","208.75","209.1","3699"
"26/12/2014","209.05","211.9","209.05","210","175626"
"29/12/2014","210","212","210","212","2332"
"30/12/2014","210.5","212","210.2","211.9","2699"
"31/12/2014","212","214","210.5","213.3","43692"
"02/01/2015","210.05","211.5","210.05","211.5","865"
"06/01/2015","210","214.5","210","214.5","13087"
"07/01/2015","212.6","217","212.6","217","6833"
"08/01/2015","217.45","227.9","217.45","224.95","46239"
"09/01/2015","222","228","222","226","49145"
"12/01/2015","222","229","221.05","229","15508"
"13/01/2015","226.1","234.9","226.1","234.9","61312"
"14/01/2015","234.9","237.95","232.5","234.85","100434"
"15/01/2015","232.5","233","229.85","229.85","103683"
"16/01/2015","230","233","230","233","338393"
"19/01/2015","231.75","236","231.75","234.95","60308"
"20/01/2015","233","234.5","233","234.5","81839"
"21/01/2015","233","233.2","231.05","233.2","12579"
"22/01/2015","233","233","232.1","232.5","52374"
"23/01/2015","230.5","234.95","230.5","234.95","27895"
"26/01/2015","230.5","231","230.5","231","15785"
"27/01/2015","230","230.5","229.5","229.5","24503"
"28/01/2015","226","230","226","229.5","6079"
"29/01/2015","227","230","227","230","7926"
"30/01/2015","229","230","226.05","230","21189"
"02/02/2015","229.95","230","229.95","230","3554"
"03/02/2015","229.9","230","228","230","10443"
"04/02/2015","230","234","230","233.9","15545"
"05/02/2015","234.4","238","234.4","234.9","79037"
"06/02/2015","232.05","236","232.05","236","12533"
"09/02/2015","235","235","232","232","25399"
"10/02/2015","230.5","233.9","230.5","233.9","4123"
"11/02/2015","234","234.05","234","234","25496"
"12/02/2015","232.1","234","232","232","49409"
"13/02/2015","232.1","233.05","232.1","233.05","20975"
"16/02/2015","233.05","233.05","232.8","232.85","11380"
"17/02/2015","232","232.05","232","232.05","2715"
"18/02/2015","230.1","232.05","230","232.05","8691"
"19/02/2015","231","237.95","231","236","79360"
"20/02/2015","235","235.9","233.05","235.9","39216"
"23/02/2015","233.6","236","233.6","236","17532"
"24/02/2015","234.55","236","234.5","234.5","33961"
"25/02/2015","234.6","236","234.55","236","5035"
"26/02/2015","235.2","236.5","235.2","235.3","16186"
"27/02/2015","235.55","236","235.55","236","18730"
"02/03/2015","235","236","235","236","2126"
"03/03/2015","236","236","235","236","30081"
"04/03/2015","234.05","237","234.05","237","17839"
"05/03/2015","236","236","235.15","235.15","4210"
"06/03/2015","237.6","238","235.3","238","191231"
"09/03/2015","237","238.95","237","237","17104"
"10/03/2015","235","236","235","236","35633"
"11/03/2015","236","236","236","236","15512"
"12/03/2015","235","236.8","235","236.65","68164"
"13/03/2015","236.65","237","236.65","236.65","23199"
"16/03/2015","236.65","237","236.55","236.55","17012"
"17/03/2015","236.6","236.9","236.6","236.7","24230"
"18/03/2015","236","236.1","235.5","236","33200"
"19/03/2015","233.05","234","233.05","234","15406"
"20/03/2015","232.05","234.9","232.05","234.9","6131"
"23/03/2015","233","234.8","233","233.25","51372"
"24/03/2015","233","235","233","234.5","7490"
"25/03/2015","233","233","232.9","232.9","44156"
"26/03/2015","230","233","228","228","17054"
"27/03/2015","227","232.95","227","230","27154"
"30/03/2015","227","227.5","227","227.5","4746"
"31/03/2015","227.1","227.5","227","227","10725"
"01/04/2015","223","226.9","222","222","139470"
"02/04/2015","222","222","212.2","218","85165"
"03/04/2015","220","220","213.2","216.5","10123"
"06/04/2015","220","220","220","220","7100"
"07/04/2015","215.5","220","215.5","220","14668"
"08/04/2015","218","220","218","218.05","11500"
"09/04/2015","220","220","220","220","1053"
"10/04/2015","217","218","216.6","218","2911"
"13/04/2015","217.15","219","217","217","1113"
"14/04/2015","217.1","217.35","217.1","217.35","9797"
"15/04/2015","218.15","218.15","218.15","218.15","6018"
"16/04/2015","218.2","218.2","218.05","218.05","1218"
"17/04/2015","220","220.05","220","220.05","12351"
"20/04/2015","220.05","221","220","220","5040"
"21/04/2015","220","220.25","220","220.25","6394"
"22/04/2015","220","228","220","221.5","10552"
"23/04/2015","222.1","227.9","222.1","222.5","3878"
"24/04/2015","222.5","222.55","222.5","222.55","5590"
"27/04/2015","220.2","223.9","220.2","223.9","1656"
"28/04/2015","220.8","223.9","220.8","221","3208"
"29/04/2015","221.5","227.75","221.5","227.75","35875"
"30/04/2015","223","225.5","223","223.5","2574"
"04/05/2015","223.3","227","223.3","226","5402"
"05/05/2015","226.85","227.75","225.05","227","17402"
"06/05/2015","229.5","229.5","225.05","225.05","535"
"07/05/2015","226.5","227","225","225.1","3030"
"08/05/2015","225","226.85","225","226.85","32434"
"11/05/2015","225","225","221.3","224.95","11712"
"12/05/2015","225","226.75","221.75","226.75","56891"
"13/05/2015","223.2","223.2","223.2","223.2","23"
"14/05/2015","223.25","225","223.25","225","400"
"15/05/2015","223.3","226.1","223.3","225.1","24925"
"18/05/2015","223.75","226","223.75","226","2143"
"19/05/2015","223.7","224.85","223.25","224.85","9270"
"20/05/2015","223.25","223.25","223.25","223.25","460"
"21/05/2015","223.5","225","223.5","223.8","2190"
"25/05/2015","223.65","223.9","223.65","223.9","13917"
"26/05/2015","223.8","225","223.8","224","16390"
"27/05/2015","224","224","224","224","4940"
"28/05/2015","224.05","225.05","224.05","225.05","10770"
"29/05/2015","212","226","212","226","21867"
"01/06/2015","226","226","223","223","5558"
"02/06/2015","220.1","223","220.1","223","1272"
"03/06/2015","220.3","220.4","220.3","220.4","675"
"04/06/2015","222.05","225","222.05","225","2377"
"05/06/2015","224","226.4","224","226","11916"
"08/06/2015","225","225","225","225","2000"
"09/06/2015","223.55","225.5","223.55","225.35","13568"
"10/06/2015","225.5","226","223.25","223.3","7767"
"11/06/2015","226","226","225","225","150"
"12/06/2015","223.25","225.15","223.25","225.15","4140"
"15/06/2015","226","226.4","226","226.4","1517"
"16/06/2015","225","225","221.1","225","2144"
"17/06/2015","221.6","221.6","221.6","221.6","1495"
"18/06/2015","222","224.7","221.5","224.7","7302"
"19/06/2015","224.95","225.1","222.25","225.1","30917"
"22/06/2015","226","226","226","226","24505"
"23/06/2015","220.75","220.75","218","220","56344"
"24/06/2015","220.05","220.5","220","220.5","5799"
"25/06/2015","221","224.9","221","221.05","2949"
"26/06/2015","221","221.5","221","221.5","26498"
"29/06/2015","221.6","221.6","221.5","221.5","2220"
"30/06/2015","221.05","225","221.05","225","1750"
"01/07/2015","221.5","224","221.5","221.7","10101"
"02/07/2015","221.05","221.6","221.05","221.6","9111"
"03/07/2015","222","223.95","222","223.95","543"
"06/07/2015","221.1","221.2","221.1","221.2","4558"
"07/07/2015","221.25","221.25","221.25","221.25","150"
"08/07/2015","221.25","221.35","221.25","221.35","4900"
"09/07/2015","221.4","221.65","221.4","221.6","5254"
"10/07/2015","224","224","221.7","224","1670"
"13/07/2015","224","224","224","224","24"
"14/07/2015","222.6","223.1","222.6","223.1","27862"
"15/07/2015","223.05","223.5","223","223.05","12172"
"16/07/2015","223.05","223.05","223.05","223.05","25000"
"20/07/2015","224","224.95","222.45","224.95","22232"
"21/07/2015","225","225","223.65","225","45403"
"22/07/2015","224.1","225.2","224.1","225.2","53300"
"23/07/2015","225.1","226.05","225.1","226","14862"
"24/07/2015","226.05","227.05","226","227.05","45223"
"27/07/2015","223.5","227.1","223.5","227.1","12178"
"28/07/2015","223.05","227.05","223.05","226.5","22881"
"03/08/2015","235","238","229","232.8","72942"
"04/08/2015","233","235.4","232","234.9","101710"
"05/08/2015","232.75","234","232.75","233","136003"
"06/08/2015","234","234","221.05","229.95","47203"
"07/08/2015","223.1","227.5","223","226.55","14759"
"10/08/2015","226.5","226.5","223.1","224.25","12722"
"11/08/2015","223.15","229.9","223.15","225","4078"
"12/08/2015","229.4","229.4","229.4","229.4","12"
"13/08/2015","226","226","223.85","223.85","8350"
"17/08/2015","223.5","223.5","214.05","218.5","20001"
"18/08/2015","218.5","222.4","216.2","218","2437"
"19/08/2015","216.45","222.5","216.45","218.05","675"
"24/08/2015","218","219","216","216","32817"
"25/08/2015","216","216","210","210","141603"
"26/08/2015","208.1","210","208.1","208.3","9300"
"27/08/2015","208.45","214.95","208.45","210.05","1430"
"28/08/2015","211","211","210","210","6125"
"31/08/2015","210.5","215","210.5","215","13068"
"01/09/2015","210.7","210.7","210","210","11493"
"02/09/2015","210","213","208.5","210","26020"
"03/09/2015","209","213","208.5","212","61581"
"04/09/2015","209.5","214","209.5","214","161372"
"07/09/2015","215","219.4","214.9","219.4","53505"
"08/09/2015","211.2","216","211.15","213.5","1046"
"09/09/2015","215","218.9","213.65","214","9473"
"10/09/2015","210.55","214","210.5","214","13151"
"11/09/2015","214","217.9","213.15","215","12077"
"14/09/2015","214.1","219.9","214.1","216","9178"
"15/09/2015","214","215.25","214","215.25","34890"
"16/09/2015","215.3","216.95","215","216.95","7650"
"17/09/2015","216","216","215.1","215.2","29980"
"18/09/2015","215","215","214.75","215","140375"
"21/09/2015","210.55","214.8","210.55","213","6023"
"22/09/2015","210.5","215.05","210.5","215.05","106202"
"23/09/2015","213","217","213","216.2","88748"
"28/09/2015","212.5","216.7","212.5","216.7","85915"
"29/09/2015","214","217.05","213.6","217.05","38157"
"30/09/2015","217","217.5","215.05","217.5","31938"
"01/10/2015","214","215.5","214","215","21193"
"02/10/2015","217","221","215","220","85899"
"05/10/2015","217","217.05","215.3","217","769085"
"06/10/2015","215.05","217","211","213","42733"
"07/10/2015","211","211.2","210","210.1","33008"
"08/10/2015","214.5","214.5","210.5","211","486385"
"09/10/2015","210.05","213.95","210.05","213.95","7163"
"12/10/2015","210.05","213.75","210","213.75","9517"
"13/10/2015","210.1","212","210.1","212","54813"
"14/10/2015","213.75","213.75","210.1","212.95","9311"
"16/10/2015","210.15","216","210.15","213.85","944700"
"19/10/2015","210.2","215","210","215","13308"
"20/10/2015","211.25","212.9","211.25","212","10661"
"21/10/2015","212","212","211.1","212","6572"
"22/10/2015","211.5","216.95","211.5","215","65828"
"23/10/2015","212.1","215.05","212","215.05","8173"
"26/10/2015","212.5","216.95","212.2","215.9","8952"
"27/10/2015","213.05","214.5","213.05","214","24829"
"28/10/2015","213","214","212.05","212.05","5836"
"29/10/2015","212.5","213","211.6","213","15086"
"30/10/2015","211.6","213.9","211.6","213.2","17000"
"02/11/2015","212","212.5","212","212.5","2959"
"03/11/2015","212","212.5","211.55","211.7","2010"
"04/11/2015","211.5","215","211.5","211.7","37176"
"05/11/2015","212.05","215.9","212","215.9","18073"
"09/11/2015","212.1","214.95","212.1","212.6","14725"
"10/11/2015","212.5","215.1","212.1","215.1","327296"
"11/11/2015","214","215.9","213.15","215","10397"
"12/11/2015","214.5","221","214.1","216.5","859132"
"13/11/2015","219.9","220","214.15","215.05","26383"
"16/11/2015","215.05","215.05","215","215","4563"
"17/11/2015","220","220","215.1","216","42298"
"19/11/2015","219.35","219.35","213.3","216","15109"
"20/11/2015","216","216","214.7","216","2510"
"23/11/2015","215.2","216","215.2","216","13721"
"24/11/2015","215","216","214","216","125664"
"25/11/2015","214.05","217","214.05","217","10"
"26/11/2015","214.1","216","214.05","216","41996"
"27/11/2015","215.95","216.05","214.8","216.05","21663"
"30/11/2015","216","216","213.9","216","24570"
"01/12/2015","213.6","215.95","213.55","215","8992"
"02/12/2015","215","216","215","215.05","8181"
"03/12/2015","213.05","215.05","213.05","215","12352"
"04/12/2015","215","218","214","214","62390"
"07/12/2015","214","214","213.05","214","2203"
"08/12/2015","212.2","215","210","215","9647"
"09/12/2015","210","215","210","211","149669"
"10/12/2015","211.25","215","211.2","215","126001"
"11/12/2015","215","220","212","212","2055474"
"14/12/2015","215","217","212.1","212.1","7673"
"15/12/2015","215","215","212.4","215","9519"
"16/12/2015","215","215","212.25","215","6009"
"17/12/2015","215","215","212.55","215","39399"
"18/12/2015","215","215","213.05","215","162350"
"21/12/2015","215","215","213.2","215","11107"
"22/12/2015","215","215","213.25","215","10184"
"23/12/2015","215","215","215","215","525"
"28/12/2015","215","215","215","215","23140"
"29/12/2015","213.05","217.9","213","217.9","143827"
"30/12/2015","213.75","215","213.75","215","15237"
"31/12/2015","215","215","214","215","7668"
"04/01/2016","213","215.05","213","215","4941"
"05/01/2016","214","215","213.75","215","6898"
"06/01/2016","215","215","215","215","3296"
"07/01/2016","213.25","215","213.25","214.1","5136"
"08/01/2016","215","215","214.15","215","29848"
"12/01/2016","215","215.05","215","215.05","17624"
"13/01/2016","215.05","215.15","215.05","215.05","41654"
"14/01/2016","215.05","215.5","215","215.1","20038"
"15/01/2016","215.1","215.6","215.1","215.6","6363"
"18/01/2016","215.3","215.3","215.25","215.25","11022"
"19/01/2016","215.5","215.5","215.2","215.5","14226"
"20/01/2016","215.1","215.1","215.1","215.1","4253"
"21/01/2016","215.2","215.2","215.2","215.2","1759"
"22/01/2016","215.1","215.2","215.1","215.2","8123"
"25/01/2016","215.1","215.25","215.1","215.25","1707"
"26/01/2016","213.2","215","213.2","214.25","143277"
"27/01/2016","213.3","214.2","213.3","214.2","2566"
"28/01/2016","213.5","215","213.5","215","2887"
"29/01/2016","213.5","215","213.5","215","12975"
"01/02/2016","216","216","214","215","6615"
"02/02/2016","214","217","214","217","21151"
"03/02/2016","215","215.3","215","215.3","53145"
"04/02/2016","214.25","218","214.25","218","58272"
"05/02/2016","217","218","217","218","40781"
"08/02/2016","218.5","220","217.85","218","26109"
"09/02/2016","220","220","218.25","219.6","12133"
"10/02/2016","220","222","218.5","222","48313"
"11/02/2016","222","222","220.1","220.75","21918"
"12/02/2016","220.2","221.5","220.2","220.4","42863"
"15/02/2016","220.05","220.2","219.9","219.9","3020"
"16/02/2016","215.05","219.85","213.5","219.5","2744"
"17/02/2016","217","218","217","217","39006"
"18/02/2016","217","217","217","217","8316"
"19/02/2016","217.5","219.9","217","219.9","1612"
"22/02/2016","215","217.5","215","217.5","1521"
"23/02/2016","217.5","217.5","215","217","33195"
"24/02/2016","217","217","215.05","215.1","8417"
"25/02/2016","215.55","215.55","213.05","215","129860"
"26/02/2016","215","215","215","215","24293"
"29/02/2016","211","216","210.15","216","183177"
"01/03/2016","215","216","215","216","2463"
"02/03/2016","217","220","217","219.8","27458"
"03/03/2016","215","219.45","215","219.45","3495"
"07/03/2016","216","218.9","215.1","218.9","4001"
"08/03/2016","217","217.9","215.2","217.9","10532"
"09/03/2016","217.9","217.9","215.05","216","1554"
"10/03/2016","220","223","220","220.5","72554"
"11/03/2016","217","218.1","217","218.05","7344"
"14/03/2016","218","218.05","217","218","823"
"15/03/2016","215.05","218","215.05","215.5","4007"
"16/03/2016","217","218","214.5","218","3565"
"17/03/2016","215.5","217.5","215.5","217.5","14747"
"18/03/2016","215.5","220.5","215.5","220","119957"
"21/03/2016","216.05","220","216","220","85662"
"22/03/2016","217","222","217","221.9","75435"
"23/03/2016","221.95","221.95","220","221.8","53737"
"24/03/2016","222","222","219.1","220.05","10970"
"25/03/2016","221.8","221.8","220","220.05","31314"
"28/03/2016","220","220","219","220","1433"
"29/03/2016","220","220","216.25","220","25636"
"30/03/2016","216.35","219","216.35","217","9553"
"31/03/2016","219.5","219.5","219.5","219.5","10384"
"01/04/2016","219.9","219.9","215.5","218.95","10287"
"04/04/2016","218.95","219.8","218.95","219.8","20447"
"05/04/2016","219.95","220","219","220","7000"
"06/04/2016","219.8","219.8","219.8","219.8","5000"
"07/04/2016","217","219","217","217.9","50300"
"08/04/2016","218","218","215.65","217","3150"
"11/04/2016","215.65","218.95","215.65","218.95","68271"
"12/04/2016","216.5","220","216.5","219.5","50840"
"13/04/2016","219.9","219.9","219.9","219.9","50"
"14/04/2016","216.5","220","216.5","219.95","73923"
"15/04/2016","218.05","220","218","220","37519"
"18/04/2016","220","220.1","220","220.1","119561"
"20/04/2016","219","220","217.15","219","6932"
"21/04/2016","217.5","218.05","217.5","218.05","7499"
"22/04/2016","217.55","218.95","217.55","218.95","364"
"25/04/2016","217.05","218.5","217","218","13919"
"26/04/2016","218.05","219.9","218.05","219.9","20775"
"27/04/2016","219.9","223","219.9","223","106249"
"28/04/2016","220.15","227.9","220.15","227","32909"
"29/04/2016","227.9","229.9","227.6","229.9","70903"
"02/05/2016","229.95","229.95","225.5","225.5","5631"
"03/05/2016","227.85","228","227","228","13792"
"04/05/2016","227","227","227","227","662282"
"05/05/2016","228","234","228","234","50826"
"06/05/2016","230","230.05","230","230","14170"
"09/05/2016","230","230","230","230","4029"
"10/05/2016","230","231.5","230","230.05","7331"
"11/05/2016","229.95","231","229.95","231","15020"
"12/05/2016","230","230","230","230","1596"
"13/05/2016","230","230","229.5","229.5","3847"
"16/05/2016","225.05","225.1","225","225.05","4561"
"17/05/2016","225.15","229.35","225","225.1","31584"
"18/05/2016","225","227.85","224","227.85","31903"
"19/05/2016","228","229.4","225","226.6","14273"
"20/05/2016","228","228","225","226","51921"
"23/05/2016","227.5","227.5","225","227.5","27813"
"24/05/2016","228","228","226.1","226.1","1798"
"26/05/2016","225.2","226","225.2","226","3854"
"27/05/2016","226","226","225.5","226","7380"
"30/05/2016","225","225","225","225","1423"
"31/05/2016","225.05","225.9","225","225.9","16154"
"01/06/2016","225.05","228","225.05","228","3835"
"02/06/2016","225.5","226","225.5","225.5","79939"
"03/06/2016","226","226","226","226","2968"
"06/06/2016","225.5","226","225.5","226","12993"
"07/06/2016","226","227","226","227","28031"
"08/06/2016","228","228","225.55","226.05","9514"
"09/06/2016","226.5","226.5","226.05","226.05","50"
"10/06/2016","225","225","225","225","6937"
"13/06/2016","225","225","225","225","616"
"14/06/2016","225","228","225","227.5","3854"
"15/06/2016","220.2","225","220.2","225","1330"
"16/06/2016","227","227","225","225","23284"
"17/06/2016","225","227.4","225","227.4","22275"
"20/06/2016","224","224","224","224","1"
"21/06/2016","226.95","226.95","223.1","223.1","4142"
"22/06/2016","217.6","225","217.6","220.1","3993"
"23/06/2016","221","225","221","225","425"
"24/06/2016","218.5","226.95","218.5","226.95","9157"
"27/06/2016","219.7","219.75","219","219.75","1741862"
"28/06/2016","219","223","219","220","66401"
"29/06/2016","215.05","215.05","215.05","215.05","590"
"30/06/2016","215.2","219.75","215.2","219.75","6248316"
"01/07/2016","216.1","216.2","216.1","216.2","2232"
"04/07/2016","217","223","217","223","1654"
"05/07/2016","220.05","224","220.05","224","3318"
"11/07/2016","218","220","218","219.5","1971"
"12/07/2016","220","222.5","220","220","1325"
"13/07/2016","219.7","221","219.7","220.55","24340"
"14/07/2016","221","224.9","220.6","224.9","27145"
"15/07/2016","224.9","225","224","225","90762"
"18/07/2016","225","225","225","225","55610"
"19/07/2016","224","228.9","224","228.9","21212"
"20/07/2016","225.05","225.05","225.05","225.05","3947"
"22/07/2016","225","225","225","225","27843"
"25/07/2016","225.05","226","225.05","226","100889"
"26/07/2016","224","225.15","224","225.1","35492"
"27/07/2016","225","226.5","225","226.5","16951"
"28/07/2016","226.75","226.95","226.75","226.95","90213"
"29/07/2016","227","227.1","227","227.05","115862"
"02/08/2016","225.3","227.95","225.3","227.95","39765"
"03/08/2016","227","227.8","227","227.8","12932"
"04/08/2016","226.15","227.1","226.15","227.05","3815"
"05/08/2016","227","227.95","227","227.95","110282"
"08/08/2016","225.25","228","225.25","228","4743"
"09/08/2016","227","228","227","228","7604"
"10/08/2016","226","226","226","226","200"
"11/08/2016","227","228.1","227","228.05","33162"
"12/08/2016","228","228.5","228","228.5","21166"
"15/08/2016","228","228.05","228","228.05","4895"
"16/08/2016","228.5","229","228.5","229","10031"
"17/08/2016","228","228.1","228","228.05","19380"
"18/08/2016","228.05","228.05","228.05","228.05","498"
"19/08/2016","228.05","229","228.05","229","12154"
"22/08/2016","228.15","228.5","228.15","228.5","7278"
"23/08/2016","228.1","228.15","228.1","228.15","3362"
"24/08/2016","229","229","228.5","228.5","9705"
"25/08/2016","228.1","228.1","228","228","13460"
"26/08/2016","228.25","228.5","228.25","228.5","4130"
"29/08/2016","227.6","228","227.6","228","675"
"31/08/2016","228","228","226.6","226.6","7311"
"01/09/2016","226.6","226.8","226.6","226.8","355"
"02/09/2016","226.65","227.5","220","227.5","6878"
"05/09/2016","227.5","227.5","227.5","227.5","3641"
"06/09/2016","222.15","227.5","222.15","227.5","5304"
"07/09/2016","226.95","227","222.05","226","1063"
"08/09/2016","226","226","225.5","225.5","844"
"09/09/2016","224","228","224","227","11605"
"14/09/2016","228","228","227","227","26045"
"15/09/2016","227.5","230","227.5","228.1","129386"
"16/09/2016","228.15","228.5","227","227","62087"
"19/09/2016","228.3","229","227","229","6007"
"20/09/2016","229","229","227","229","90032"
"21/09/2016","227","229","227","229","23027"
"22/09/2016","228","229","227.25","229","43293"
"23/09/2016","228","228","227.15","228","17076"
"26/09/2016","227.2","228","227.2","228","16519"
"27/09/2016","227.25","228","227.25","228","17120"
"28/09/2016","228","228","227.25","227.75","17119"
"29/09/2016","227.95","228","227.25","227.9","8354"
"30/09/2016","227.4","228","227.4","227.45","67155"
"04/10/2016","227.45","228.9","227.45","228.9","32933"
"05/10/2016","228","230","227.4","229.5","699339"
"06/10/2016","230","230","227.6","228","11095"
"07/10/2016","228","228.5","228","228.05","57304"
"10/10/2016","227.5","228","227.5","228","2272"
"11/10/2016","228","228","227.5","228","189740"
"12/10/2016","228","228","227.5","227.5","50169"
"13/10/2016","228","228","227.5","227.5","8184"
"14/10/2016","227.5","227.6","227.5","227.6","1600"
"17/10/2016","227.6","227.95","227.6","227.95","3777"
"18/10/2016","227.6","228.5","227.6","228.5","4305"
"19/10/2016","228","228.6","228","228.05","7922"
"20/10/2016","228.05","228.05","228.05","228.05","5922"
"21/10/2016","228.45","229","228","229","14677"
"24/10/2016","229","229","228","228","31312"
"25/10/2016","228.05","228.05","227.55","227.55","36528"
"26/10/2016","227.6","227.6","227.55","227.6","273"
"27/10/2016","228","229","228","228","336454"
"28/10/2016","227.2","228","227.2","228","2199"
"31/10/2016","228.05","229.85","228.05","229.85","14924"
"01/11/2016","229.85","232","229.85","232","37490"
"02/11/2016","230.1","240","230.1","234.7","76361"
"03/11/2016","232.65","234","232.2","232.2","14367"
"04/11/2016","230.1","232","230.05","231","16086"
"07/11/2016","232","232","230","230.1","6949"
"08/11/2016","230","230.05","230","230","61262"
"09/11/2016","230","230","228.1","228.65","6506"
"10/11/2016","228.5","230","228.25","228.45","153545"
"11/11/2016","228.5","230","228.5","230","290697"
"14/11/2016","230","232","230","232","28776"
"15/11/2016","230","232","229.2","232","16129"
"16/11/2016","234","236","230.1","236","16198"
"17/11/2016","232.1","235.5","230.15","235.4","62143"
"21/11/2016","235.45","235.5","231.2","233","24365"
"22/11/2016","232","235","232","232.5","15613"
"23/11/2016","229.05","231.05","228.35","231","5790"
"24/11/2016","230.65","232.1","230.65","232.1","21796"
"25/11/2016","232.05","235","232.05","235","430"
"28/11/2016","234","235","232.6","235","391"
"29/11/2016","234","235.5","234","234","26435"
"30/11/2016","233","236","233","236","9333"
"01/12/2016","233.05","233.05","233.05","233.05","2500"
"02/12/2016","235","237","235","237","11726"
"05/12/2016","238","245","237.5","237.5","62270"
"06/12/2016","234.4","238","234.1","237","695"
"07/12/2016","235","237","235","237","596"
"08/12/2016","237","239","237","238","11425"
"09/12/2016","239","249","239","249","457559"
"14/12/2016","250","250","243","243","3180"
"15/12/2016","243.25","245","243.25","245","5586"
"16/12/2016","245","252","243","252","235480"
"19/12/2016","252","266","252","265","94828"
"20/12/2016","258","265","257","265","66796"
"21/12/2016","257.5","262.5","257.3","262.5","43926"
"22/12/2016","261","270","260.3","270","59664"
"23/12/2016","270","289.95","270","288.5","383566"
"26/12/2016","285","289","280.15","282","90486"
"27/12/2016","280.8","281.2","279.95","280","7971"
"28/12/2016","278","280","278","280","17201"
"29/12/2016","279.95","280","277","280","330003"
"30/12/2016","279","284.9","277","284.9","69771"
"02/01/2017","280","280","280","280","21"
"03/01/2017","278.2","280.05","278","280.05","13157"
"04/01/2017","280","291","280","289","44371"
"05/01/2017","285.05","300","285.05","300","270370"
"06/01/2017","310.45","329.95","310","310","237479"
"09/01/2017","328","328","315","320","22896"
"10/01/2017","330","332","323","330","270157"
"12/01/2017","325","332","325","332","90486"
"13/01/2017","331.9","338.9","326","330","269395"
"16/01/2017","326.7","327.05","325.05","326","15090"
"17/01/2017","325","325","314","314","23249"
"18/01/2017","311.1","314","302","309","84907"
"19/01/2017","310","315.05","303","311.15","154849"
"20/01/2017","310","312","310","312","251192"
"23/01/2017","312.05","313.95","310.15","310.15","90463"
"24/01/2017","308","310","307.2","309.4","330251"
"25/01/2017","310","313","310","313","195527"
"26/01/2017","313","313","309.6","309.9","349047"
"27/01/2017","309.4","310","308.3","310","107196"
"30/01/2017","309","310","308.65","308.65","8269"
"31/01/2017","308","308","277.8","280.1","348447"
"01/02/2017","282.5","289","280.15","288.9","21625"
"02/02/2017","298","309","291.5","300","30225"
"03/02/2017","307","309.85","300","305","47134"
"06/02/2017","305","305","301","303.8","1465"
"07/02/2017","300","303","295.05","302","31813"
"08/02/2017","302","309","302","305","48075"
"09/02/2017","308.75","308.75","303","307","805"
"10/02/2017","303.5","307","296.05","300","7274"
"13/02/2017","305","305","300","305","2879"
"14/02/2017","308.75","308.75","299.5","304.8","338"
"15/02/2017","299.6","303","299.6","303","3641"
"16/02/2017","306","306","301.15","304.95","21370"
"17/02/2017","301","305","301","301.55","10165"
"20/02/2017","302.5","303.5","300.05","300.25","3249"
"21/02/2017","300","300.25","300","300.25","1776"
"22/02/2017","300","300","288","288","13510"
"23/02/2017","288.45","291","270","270","97592"
"24/02/2017","270","282","265.1","280","26436"
"27/02/2017","280","282","277","280","1719"
"28/02/2017","281","281","274","280","8602"
"01/03/2017","285","285","275","276","18813"
"02/03/2017","280","280","275","279","5559"
"03/03/2017","279","279","275.5","278.7","441"
"06/03/2017","279","279","279","279","105"
"07/03/2017","275","277","271","271","17352"
"08/03/2017","270.05","271","267.35","269.75","12214"
"09/03/2017","270","270","267","267","17158"
"10/03/2017","270.65","270.65","269","270","19880"
"13/03/2017","267.25","271","267.25","271","9089"
"14/03/2017","269.6","276","269.6","272","10045"
"15/03/2017","274","274","270","274","68969"
"16/03/2017","270.05","270.05","267.1","270","30398"
"17/03/2017","267.7","274","267.1","274","9082"
"20/03/2017","277","277","277","277","2629"
"21/03/2017","277","277","270","276.85","9152"
"22/03/2017","270.15","274.8","270.1","274.8","36"
"23/03/2017","270.15","271","265","265","57054"
"24/03/2017","270","270","259.95","270","73575"
"27/03/2017","270","270","269","269","301"
"28/03/2017","270","270","261.4","270","10174"
"29/03/2017","275","275","266.8","269.9","127"
"30/03/2017","269.95","269.95","263.05","264","20680"
"31/03/2017","268.8","268.8","263.25","263.25","252"
"03/04/2017","263.2","264.5","263.2","263.5","1868"
"04/04/2017","263.5","263.5","263.5","263.5","4"
"05/04/2017","263.5","268.7","263.5","268.7","12"
"06/04/2017","268.65","268.65","261.5","261.9","1861"
"07/04/2017","261.5","261.5","255","260","7376"
"10/04/2017","262","262","255.2","260.9","710"
"11/04/2017","257","262","257","262","106"
"12/04/2017","257.25","260","257.25","260","110"
"13/04/2017","260","260","259","260","43"
"14/04/2017","257","260","257","260","3477"
"17/04/2017","260","261.5","257","257.1","276"
"18/04/2017","258.15","260","258","260","806"
"19/04/2017","256.1","260","256","260","8268"
"20/04/2017","260","260","256","260","2092"
"21/04/2017","256.1","259.45","256","256.5","10320"
"24/04/2017","257","258","256.1","257.1","9218"
"25/04/2017","259.2","259.2","256.6","257","28515"
"26/04/2017","258","260","256.05","260","8269"
"27/04/2017","256.15","262","256.15","262","13890"
"28/04/2017","266","275","266","275","95075"
"02/05/2017","277","285","277","285","24890"
"03/05/2017","285","298","281.15","289.9","125648"
"04/05/2017","284.15","289.9","284.15","287","15128"
"05/05/2017","286","288.95","282","283","34937"
"08/05/2017","284.5","284.5","276.95","277","55181"
"09/05/2017","272","277","272","272.1","9275"
"10/05/2017","272.1","278.9","272.1","273.55","38000"
"11/05/2017","272.55","276.1","270","270.6","1998505"
"12/05/2017","271.1","275","271","271.6","252754"
"15/05/2017","271.6","271.8","271.6","271.75","22271"
"16/05/2017","272.1","275","272","275","1738"
"17/05/2017","275","275","272.25","272.25","7755"
"18/05/2017","275","275","272.25","275","4259"
"19/05/2017","275","275","273.65","273.65","42045"
"22/05/2017","273","273.05","273","273.05","32952"
"23/05/2017","272.05","277.95","272.05","277.95","11"
"24/05/2017","273","273","272.75","272.75","41403"
"25/05/2017","272.5","273","271","271.65","19179"
"26/05/2017","271.1","273","271.1","273","18043"
"29/05/2017","273","273","272.3","272.3","313005"
"30/05/2017","271.5","271.7","271.5","271.7","7925"
"31/05/2017","272","273","272","272","7963"
"01/06/2017","272","273","272","272","5458"
"02/06/2017","271.6","272","270.6","271","37358"
"05/06/2017","271.5","272.15","270.6","272.15","112022"
"06/06/2017","276.9","280","272.3","280","64505"
"07/06/2017","285","295","285","292.1","471560"
"08/06/2017","290.2","295","286.15","291","37461"
"09/06/2017","282","292.7","282","291","86765"
"12/06/2017","285.15","290","283","287","6333"
"13/06/2017","285.1","288.4","277.05","288.4","3590"
"14/06/2017","287","287","286","286","14541"
"15/06/2017","287.9","287.9","283.15","284.5","9354"
"16/06/2017","287.9","287.9","280","287","2262"
"19/06/2017","285","290","280.55","290","76436"
"20/06/2017","290","294","290","292","53237"
"21/06/2017","294","294","290","291.5","102957"
"22/06/2017","291.55","295","291.5","295","17203"
"23/06/2017","295","300","295","297.5","112995"
"28/06/2017","300","302","297.55","299.8","49056"
"29/06/2017","295.65","298","295.05","295.05","18605"
"30/06/2017","295.5","298","290.05","290.05","18844"
"03/07/2017","290.4","297","290.4","292","2039"
"04/07/2017","297","297","294","296.95","1250"
"05/07/2017","295.5","301.5","295.5","301","7463"
"06/07/2017","298.5","300.3","298.5","300","114205"
"07/07/2017","300.05","303.9","300.05","303.9","37920"
"10/07/2017","305","305","300","301","31636"
"11/07/2017","301.5","303","301.5","303","7088"
"12/07/2017","301","303.9","301","303","12600"
"13/07/2017","303.9","306","302","302","24089"
"14/07/2017","301.1","302","298","298","18293"
"17/07/2017","299","302","298.5","298.5","22859"
"18/07/2017","301","301","298.15","298.6","39505"
"19/07/2017","298.3","298.35","295","295","8709"
"20/07/2017","291.2","291.2","290","290","21747"
"21/07/2017","290.1","290.5","288.1","288.6","61121"
"24/07/2017","288.5","293","288.5","290","15648"
"25/07/2017","297.4","298.45","291","292","1065"
"26/07/2017","297","297","296","296.5","383"
"27/07/2017","296.5","297","292","292","19111"
"28/07/2017","295.5","295.5","292","293","9507"
"31/07/2017","290","295","290","290","21659"
"01/08/2017","289","290","288","290","106957"
"02/08/2017","292.9","295","290","294","48945"
"03/08/2017","290","292","288.1","288.1","290"
"04/08/2017","291.9","291.9","288.1","290","8945"
"07/08/2017","290","291","290","291","9485"
"08/08/2017","291.4","291.4","291.35","291.4","13628"
"09/08/2017","288.4","291.4","288.4","291","104"
"10/08/2017","291","291","290.5","291","7393"
"11/08/2017","289.5","291","288.7","291","8143"
"15/08/2017","291","291","287.05","287.05","6792"
"16/08/2017","290.9","290.9","290.8","290.8","7"
"17/08/2017","287.25","289","287.25","289","4386"
"18/08/2017","287.1","287.15","287.1","287.1","107"
"22/08/2017","290.7","290.7","286.5","286.5","17645"
"24/08/2017","286.55","289.95","286.55","286.6","4331"
"25/08/2017","287.5","287.5","286","286.65","15450"
"28/08/2017","290","290","290","290","2"
"29/08/2017","286","290","286","286.1","1335"
"30/08/2017","286.15","290","286.15","290","9494"
"31/08/2017","287","293","286.7","293","11277"
"04/09/2017","286.7","290","286.7","290","14878"
"05/09/2017","290.5","290.5","290.5","290.5","100"
"06/09/2017","290.5","293","290.5","293","31610"
"07/09/2017","290.5","297.5","290.5","297.5","22342"
"08/09/2017","295.05","296.5","291.6","295","22736"
"11/09/2017","299","305.05","299","305.05","59346"
"12/09/2017","305.1","310","305","310","134736"
"13/09/2017","307.1","308","306","306.55","16836"
"14/09/2017","306","307.6","305","307.6","25631"
"15/09/2017","307.9","307.9","298.95","307","59158"
"18/09/2017","300","304.25","297.1","304.25","7272"
"19/09/2017","304.9","308","297.3","303","3136"
"20/09/2017","298","298","297","297","107"
"21/09/2017","298.5","298.5","291.05","295","27620"
"25/09/2017","295","300","295","300","15099"
"26/09/2017","298.05","300","298.05","300","2050"
"27/09/2017","302.8","302.8","300","300","13203"
"28/09/2017","303","303","300","300","13288"
"29/09/2017","299","302.6","299","300.2","24739"
"02/10/2017","302","302","300","300.55","2600"
"03/10/2017","300.5","304.75","300.5","302.1","7376"
"04/10/2017","302","312","302","312","75940"
"05/10/2017","305.1","310","304.25","310","34104"
"06/10/2017","305.1","310","304.1","310","12216"
"09/10/2017","305","310","305","309","1756"
"10/10/2017","309.95","309.95","305.6","309.7","1575"
"11/10/2017","305.85","307","305.5","305.75","10292"
"12/10/2017","305.55","306.05","305.55","306.05","24449"
"13/10/2017","307","309","304","309","12122"
"16/10/2017","305","305","304","304","7545"
"17/10/2017","305","305","304","304","27281"
"18/10/2017","304","304","304","304","5000"
"19/10/2017","305.05","306","304.5","306","12560"
"20/10/2017","306.05","306.05","304.1","304.1","58692"
"23/10/2017","304.15","304.15","304","304","2855"
"24/10/2017","304","306","303.1","306","1481"
"25/10/2017","305","306","305","305","75600"
"26/10/2017","303.05","303.05","303","303","203"
"27/10/2017","304","305","300","305","44197"
"30/10/2017","300.7","300.75","300","300","42019"
"31/10/2017","300.05","301","300","300","46351"
"01/11/2017","300.1","300.1","300","300.05","13259"
"02/11/2017","300","300","300","300","4931"
"03/11/2017","300","304.6","300","304.6","19217"
"07/11/2017","302.5","302.5","302.1","302.1","2632"
"08/11/2017","301","301.6","300","301.6","8752"
"09/11/2017","302","307","300.15","307","10892"
"10/11/2017","305","310","305","309.8","43647"
"13/11/2017","312","312","305","310","24972"
"14/11/2017","306","306.05","306","306","240"
"16/11/2017","306","308","306","308","17052"
"17/11/2017","307.9","307.9","307.9","307.9","2500"
"20/11/2017","307","308","306","306","33402"
"21/11/2017","306","307","306","306.5","26250"
"22/11/2017","306","306","302.05","305","60617"
"24/11/2017","302.3","303","302.2","303","62898"
"27/11/2017","303","303","303","303","11238"
"28/11/2017","302.5","304.5","302.5","304.5","134"
"29/11/2017","302.65","304","302.6","304","120"
"30/11/2017","303.1","303.5","303.1","303.5","12535"
"04/12/2017","303.5","303.9","303.5","303.9","43145"
"05/12/2017","304","304","303.5","304","22000"
"06/12/2017","303.2","306.9","300.5","300.5","11558"
"07/12/2017","306","306","300.5","301","15160"
"08/12/2017","300.5","301","300.5","301","10839"
"11/12/2017","303.9","303.9","295","301.05","20601"
"12/12/2017","301.05","303","301.05","303","11487"
"13/12/2017","300.5","302.95","300.1","300.1","8979"
"14/12/2017","300.1","301.5","300.1","300.1","19272"
"15/12/2017","300","300.1","296.1","296.1","73220"
"18/12/2017","300.05","300.05","295.1","295.1","64023"
"19/12/2017","300","300","292.1","295","11515"
"20/12/2017","295","299","293.1","294","33126"
"21/12/2017","294","298.7","294","298.7","112808"
"22/12/2017","293","297","293","293.55","29303"
"25/12/2017","294","295","294","294","355"
"26/12/2017","293.1","300","293.1","294","7065"
"27/12/2017","293.25","294.9","293.25","294.3","67986"
"28/12/2017","299.8","299.95","294","294.8","209958"
"29/12/2017","295","295","293.2","294","24314"
"02/01/2018","293.5","295","293","293","11622"
"03/01/2018","293","295","266","289.9","130393"
"04/01/2018","289.9","289.9","285","285.3","751"
"05/01/2018","289.85","289.85","280.15","283","159593"
"08/01/2018","283.05","289.6","283.05","285.4","49874"
"09/01/2018","289.75","289.75","285.6","287","10484"
"10/01/2018","285.7","290","285.7","286.65","14903"
"12/01/2018","288.85","292.95","288","292.95","67245"
"15/01/2018","290.15","302.95","290.1","302","171050"
"16/01/2018","300","305","300","303","89262"
"17/01/2018","296.45","302","296.45","297.35","44916"
"18/01/2018","298","298","297.1","297.3","13597"
"19/01/2018","297","299","297","297.7","33950"
"22/01/2018","298","298","296.55","297.95","12955"
"23/01/2018","297","298","296.5","297","24970"
"24/01/2018","297.7","298","297.55","297.6","55092"
"25/01/2018","297.55","298","297.55","297.6","17010"
"26/01/2018","297.6","297.6","296.25","297","27117"
"29/01/2018","296.5","297","296.45","296.5","46340"
"30/01/2018","296.45","296.45","294","294","13663"
"31/01/2018","292.5","294","292","294","40579"
"01/02/2018","295","303","294","300.05","87337"
"02/02/2018","300.1","303.45","300","300","49797"
"05/02/2018","295.25","298","295.25","298","1116"
"06/02/2018","297.65","297.65","294.6","294.65","5628"
"07/02/2018","294.75","297.95","294.75","295.3","30914"
"08/02/2018","297.4","297.9","295.05","296","11455"
"09/02/2018","297","299","295.1","299","23396"
"12/02/2018","295.25","296.5","295.25","296.5","6372"
"13/02/2018","297.4","298.95","296","297","4075"
"14/02/2018","296.95","301.2","296.95","297.2","45388"
"15/02/2018","297","304","297","304","43878"
"16/02/2018","304.6","308","302","302","57666"
"19/02/2018","304.9","304.9","300.6","301.95","8306"
"20/02/2018","302","304","301.05","302.05","32806"
"21/02/2018","303","303","301.05","301.25","4442"
"22/02/2018","302","303","301.55","303","12168"
"23/02/2018","303.8","303.8","302.15","303","19734"
"26/02/2018","300.3","300.3","300","300","9680"
"27/02/2018","301.7","301.7","297","298","40360"
"28/02/2018","299","299","297","297.55","10190"
"01/03/2018","299.9","299.9","297.55","299","3294"
"02/03/2018","299","300","297.15","300","37389"
"05/03/2018","297.05","300","297.05","300","4896"
"06/03/2018","300","300","297.05","300","65979"
"07/03/2018","300","300.4","300","300.3","252274"
"08/03/2018","300","300.95","298","300","44968"
"09/03/2018","300.1","303","300","302.9","76250"
"12/03/2018","303.6","303.6","300","300.5","9506"
"13/03/2018","301","301","300.55","301","12253"
"14/03/2018","301","301","297.65","300","16018"
"15/03/2018","300","301","297.05","300","17033"
"16/03/2018","298.25","300","298.2","299.95","17806"
"19/03/2018","298.5","299","298.1","299","6632"
"20/03/2018","298.15","299.5","298.1","299.5","4786"
"21/03/2018","298","298","290.2","291.45","3743"
"22/03/2018","292.5","299","291.95","299","10806"
"23/03/2018","293.1","299","293.1","298","19344"
"26/03/2018","294.1","298","294.05","297.9","897"
"27/03/2018","295","295.1","294.15","294.15","89274"
"28/03/2018","294.15","297","294.15","294.95","28072"
"29/03/2018","294.15","294.15","294","294.1","366"
"30/03/2018","293.3","294.65","293.05","294.65","5056"
"02/04/2018","296","296.7","293.15","296.7","31523"
"03/04/2018","296.9","298","293.2","294","39538"
"04/04/2018","297.35","297.35","293.15","294.95","5165"
"05/04/2018","294","294.55","294","294","4325"
"06/04/2018","294","294","293.05","293.5","5842"
"09/04/2018","293","293.5","291.05","292","5700"
"10/04/2018","292","293","291.05","293","2531"
"11/04/2018","291.1","293.5","291.1","293.5","4639"
"12/04/2018","291.2","293.5","291.1","293.5","6012"
"13/04/2018","293.5","293.5","291.1","293.5","15329"
"16/04/2018","293.5","293.5","291.05","293.5","26920"
"17/04/2018","291.1","294","291.05","294","3747"
"18/04/2018","291.5","291.6","291.1","291.6","4030"
"19/04/2018","294","295","291.65","295","10074"
"20/04/2018","292.05","295.5","292.05","295.5","6186"
"23/04/2018","292","292","292","292","329"
"24/04/2018","292.25","295","292.25","295","8092"
"25/04/2018","292.25","292.25","292.25","292.25","1961"
"26/04/2018","292.2","292.2","291.1","292","60792"
"27/04/2018","293.8","295","292.05","295","42471"
"30/04/2018","292","295","291.15","293.5","50272"
"02/05/2018","291.25","294.4","291.15","294.4","3939"
"03/05/2018","291.15","294.5","291.15","291.15","1262"
"04/05/2018","291.2","291.2","291.15","291.2","7007"
"07/05/2018","291.5","293.95","291.05","293.95","11181"
"08/05/2018","293.95","293.95","291.1","291.35","6066"
"09/05/2018","291.6","291.6","291.6","291.6","7158"
"10/05/2018","293.85","293.85","291.85","291.9","7921"
"11/05/2018","291.9","292","291.85","291.85","15523"
"14/05/2018","291.8","292","291.8","291.9","7479"
"15/05/2018","292","292.05","291","291.5","9396"
"16/05/2018","291","292.9","290","292.9","155388"
"17/05/2018","290.05","290.05","290","290","13353"
"18/05/2018","290","290","290","290","20662"
"21/05/2018","290","290","290","290","21208"
"22/05/2018","290","290","290","290","27751"
"23/05/2018","290","291","290","290","7427"
"24/05/2018","291","291","290","290","816"
"25/05/2018","290.05","292","290","292","86144"
"28/05/2018","291.9","292","290","290","3075"
"29/05/2018","290","290.2","290","290","8368"
"30/05/2018","290","290.15","290","290","14106"
"31/05/2018","290","290.5","290","290.5","77795"
"01/06/2018","290.05","291","290.05","291","21239"
"04/06/2018","290","290.05","290","290","35265"
"05/06/2018","290","290.05","290","290","17047"
"06/06/2018","290","290.15","290","290.05","14806"
"07/06/2018","290.1","290.95","290.1","290.95","4949"
"08/06/2018","290.95","291","290.1","291","77745"
"11/06/2018","290.05","290.1","290","290.1","6225"
"12/06/2018","290","290.5","290","290.05","28048"
"13/06/2018","290","290.8","290","290.8","205832"
"14/06/2018","290.7","290.75","290","290","21866"
"18/06/2018","290","290","288","289","31602"
"19/06/2018","286","287","280.55","280.55","4760"
"20/06/2018","287.9","289.35","285","285.5","1720"
"21/06/2018","286","286","285","285","1006"
"22/06/2018","289.95","289.95","289.95","289.95","4661"
"25/06/2018","290.9","290.9","283","283","846"
"26/06/2018","282.9","283","279.9","279.9","6347"
"27/06/2018","282","282","277","277","96448"
"28/06/2018","282.8","282.8","277","280.9","26669"
"29/06/2018","283.95","284","282","282","256008"
"02/07/2018","277.15","280.95","277","277","11803"
"03/07/2018","277","277","272.05","272.05","93856"
"04/07/2018","272.1","277","272.1","272.3","7475"
"05/07/2018","272.3","272.45","272.3","272.4","2219"
"06/07/2018","273","280","273","276","28774"
"09/07/2018","285.45","285.45","272.3","278","3526"
"10/07/2018","285","285","273.5","273.5","5677"
"11/07/2018","274","276.5","273","276.5","9141"
"12/07/2018","273.05","273.05","272","272","12017"
"13/07/2018","272","272","269.5","269.5","13549"
"16/07/2018","269.5","269.5","266.1","269.5","3364"
"17/07/2018","270","270","265","265","5652"
"18/07/2018","265","265","262","262","10194"
"19/07/2018","265","269.5","262.1","262.1","58042"
"20/07/2018","265","266","264","265","104679"
"23/07/2018","266","270.05","264","270.05","8663"
"24/07/2018","271","276","270.15","272","56813"
"25/07/2018","273","273","270.05","270.05","40186"
"26/07/2018","279.8","279.8","271.55","275","105088"
"27/07/2018","278.9","283","278.9","279.95","46300"
"31/07/2018","282.8","285.55","277.5","285.55","38229"
"01/08/2018","288","288","281","285.35","551"
"02/08/2018","285","285","284.9","284.9","6660"
"03/08/2018","279.05","282","276.4","276.4","2072"
"06/08/2018","275.1","279","275.1","279","15445"
"07/08/2018","283.7","283.7","276.8","276.8","16145"
"08/08/2018","275.5","275.5","274","274","484"
"10/08/2018","279","279","274","274.15","3400"
"13/08/2018","274.3","274.3","267","267","2415"
"15/08/2018","275","275","270.15","272.2","2402"
"16/08/2018","275","275","270.1","270.15","3245"
"17/08/2018","271","271","270.25","270.3","8892"
"27/08/2018","270.3","270.3","270.3","270.3","70"
"28/08/2018","270.3","270.3","268.05","270","15947"
"29/08/2018","270","270","270","270","16950"
"30/08/2018","267.65","270","267.65","270","15010"
"31/08/2018","268.25","270","267.55","268","19681"
"03/09/2018","265.1","269","265","265","12681"
"04/09/2018","264.25","267","260.25","264.5","26890"
"05/09/2018","261.05","263","260.2","263","4628"
"06/09/2018","263","263.1","262","262","48323"
"07/09/2018","268.7","268.7","258.5","258.5","113393"
"10/09/2018","261","261","261","261","10060"
"12/09/2018","263.95","263.95","260","261","29510"
"13/09/2018","261.1","266.85","261.1","266.85","17713"
"14/09/2018","262.5","264","262.5","263.55","48948"
"17/09/2018","262.05","264","262.05","264","35618"
"18/09/2018","263.8","267.95","263.8","264","64840"
"19/09/2018","262.1","267","260.05","263.95","3620"
"20/09/2018","266","266.9","266","266.9","21364"
"21/09/2018","266","273.5","266","268","153928"
"24/09/2018","264","264","264","264","45"
"25/09/2018","265.05","274.85","265.05","274.85","89979"
"26/09/2018","276","276","272.05","275","6284"
"27/09/2018","275","280.05","272.5","280.05","45343"
"28/09/2018","279.95","280","272.1","279","476772"
"01/10/2018","280","280","270","270","3499"
"02/10/2018","270.5","278","269.5","278","2946"
"03/10/2018","276.65","276.65","276.65","276.65","1"
"04/10/2018","275","275","271.4","271.4","2021"
"05/10/2018","272.1","272.5","270.1","272.5","1620"
"08/10/2018","272.5","272.5","271.5","271.5","316"
"09/10/2018","272","275","270","275","3746"
"10/10/2018","271","271","270","270.05","22055"
"11/10/2018","270","270.05","270","270.05","1703"
"12/10/2018","271","271","266","270.05","43695"
"15/10/2018","270","270","266.05","270","6782"
"16/10/2018","270","275","270","275","54096"
"17/10/2018","270","274.75","270","270.05","32275"
"18/10/2018","270.1","274","268.1","270.25","24271"
"19/10/2018","271","273.7","268.45","273.7","8778"
"22/10/2018","273.8","275","270.2","272.1","69326"
"23/10/2018","272.3","274.5","272.3","273.05","20322"
"24/10/2018","273.05","273.05","272.1","272.1","16185"
"25/10/2018","272.3","272.3","272.3","272.3","8260"
"26/10/2018","274.9","274.95","270.35","271.05","3336"
"29/10/2018","271","271","271","271","67"
"30/10/2018","271","271","266.45","268","37038"
"31/10/2018","268.5","271.5","268.5","271.5","263880"
"01/11/2018","271","271.5","266.4","266.4","3066"
"02/11/2018","269","269","269","269","3151"
"05/11/2018","272.95","272.95","266.2","266.2","65"
"07/11/2018","271.95","271.95","266.85","270.05","5124"
"08/11/2018","267.25","272.75","265","271.05","24236"
"09/11/2018","272.8","272.8","267.05","272.45","399"
"12/11/2018","267.05","270","266.3","268","9859"
"13/11/2018","269","271.95","269","271.95","8193"
"14/11/2018","272.9","272.9","269.05","270","10115"
"15/11/2018","269.2","271","268.25","271","78132"
"16/11/2018","268.15","271.05","268.15","271.05","24264"
"19/11/2018","268.25","272","268.25","272","5618"
"22/11/2018","270","272","270","272","10900"
"23/11/2018","270.05","273.5","270.05","273.5","17318"
"26/11/2018","270.25","275","270.25","275","3681"
"27/11/2018","272.6","278","272.6","278","21863"
"28/11/2018","277.95","281","277.95","281","51895"
"29/11/2018","283.7","283.7","275.05","282","27775"
"30/11/2018","278.5","285","278.5","285","72714"
"03/12/2018","281.1","285","280","281.15","9065"
"04/12/2018","278.55","285","278.15","285","7595"
"05/12/2018","284.4","284.4","282.15","284","665"
"06/12/2018","280.15","284.95","278","283","428450"
"07/12/2018","280","280","275.1","275.1","24638"
"10/12/2018","279.95","284","275.05","284","554481"
"11/12/2018","275.8","282.5","275.8","282.5","50854"
"12/12/2018","282.5","282.5","276.75","277.05","14090"
"13/12/2018","275.5","276.1","275.25","276.1","1059"
"14/12/2018","275.7","279.4","273","273","29290"
"17/12/2018","272.8","275","271","275","5130"
"18/12/2018","272","274.1","272","274.1","1726"
"19/12/2018","277","277","277","277","2400"
"20/12/2018","274.1","274.15","274.05","274.1","9799"
"21/12/2018","274.1","279","270.05","279","69137"
"24/12/2018","272.65","275","272.65","275","870"
"25/12/2018","277","277","275","275.25","310425"
"26/12/2018","275","280","275","277","348355"
"27/12/2018","275.45","280","275.45","279.9","194998"
"28/12/2018","279","280.1","276.15","280","341321"
"31/12/2018","279.95","280","274.6","280","249269"
"02/01/2019","276.1","281.8","276.05","281.8","344179"
"03/01/2019","276.7","280","276.7","277","87785"
"04/01/2019","276.75","279","276.75","279","19520"
"07/01/2019","276.95","279.05","276.95","278","17982"
"08/01/2019","277","277","275.1","275.1","11371"
"09/01/2019","275.25","275.3","275.2","275.3","19118"
"10/01/2019","276","276","274.15","274.15","39278"
"14/01/2019","274.15","274.15","270.45","270.6","20536"
"15/01/2019","271","274","270.8","274","5246"
"16/01/2019","271.1","271.6","271.1","271.55","5301"
"17/01/2019","271.55","273","271.55","273","3566"
"18/01/2019","273.95","278","272.4","275","64082"
"21/01/2019","273.2","273.3","273.2","273.3","8274"
"22/01/2019","273.15","273.95","271.6","273.95","5402"
"23/01/2019","272.2","273.8","272.2","273.8","16686"
"24/01/2019","272.25","275","272.25","273.8","18063"
"25/01/2019","272","277","272","275","29533"
"28/01/2019","276","276","272.4","275","10258"
"29/01/2019","275","277","273.5","275","29060"
"30/01/2019","275.05","276.95","274.1","274.1","19115"
"31/01/2019","275","276.9","274.45","275","40589"
"01/02/2019","275","275.1","274.5","275.05","44711"
"04/02/2019","274.35","275","274.05","274.5","4400"
"05/02/2019","274.35","275","274.2","275","26188"
"06/02/2019","274.3","275.95","274.3","275.9","38668"
"07/02/2019","274.45","275","274.25","275","10935"
"08/02/2019","275.9","275.9","274.2","275","117922"
"11/02/2019","274.55","275.9","274.55","275.9","29508"
"12/02/2019","274.55","277","274.55","277","35968"
"13/02/2019","275.6","275.8","275","275.8","9398"
"14/02/2019","274.8","277.95","274.8","277.4","127909"
"15/02/2019","275.45","277","275.45","275.6","135402"
"18/02/2019","275.05","276","274.05","275","28162"
"19/02/2019","275","275.5","274.2","275","28782"
"20/02/2019","274.25","275.4","274","274","130809"
"21/02/2019","274.5","274.5","270","270","2469"
"22/02/2019","270.25","273.95","270.15","273.95","19507"
"25/02/2019","270.45","270.45","270.3","270.3","3679"
"26/02/2019","270.5","272.6","266","272.6","3490"
"27/02/2019","266.3","272.75","266","266.5","2626"
"28/02/2019","268","268","267","267","28955"
"01/03/2019","267","274.9","266.5","274.9","10521"
"04/03/2019","274.7","274.75","268","270","6875"
"05/03/2019","267.05","270","266.35","269.95","4582"
"06/03/2019","267.5","270","267.05","270","6461"
"07/03/2019","267.05","267.05","266.55","266.6","1633"
"08/03/2019","269.8","269.8","267","267","13529"
"11/03/2019","267.3","267.3","266.65","267","1725"
"12/03/2019","267","269.9","266.55","269.9","8606"
"14/03/2019","266.5","269.7","265","265","58562"
"15/03/2019","265.5","265.5","265","265","24719"
"18/03/2019","265","265","265","265","3248"
"19/03/2019","265","268","265","268","7444"
"20/03/2019","268","268","265","265","8850"
"21/03/2019","265","265","264.8","265","24870"
"22/03/2019","265","268","265","267","39204"
"25/03/2019","267","268","267","267","8832"
"26/03/2019","265","267","265","267","2801"
"27/03/2019","265","266.6","265","266.6","24880"
"28/03/2019","266.9","267","265.1","266","38705"
"29/03/2019","266","266","266","266","62948"
"01/04/2019","266.55","267.8","266.55","267.8","889"
"02/04/2019","266","267.9","265","267.9","12394"
"03/04/2019","266","266","265","265","824"
"04/04/2019","265","265","265","265","6737"
"05/04/2019","265","266","265","265.2","49426"
"08/04/2019","265.25","267","265.25","267","336"
"09/04/2019","265.05","266","265.05","266","9536"
"10/04/2019","265.05","266","265.05","266","2954"
"11/04/2019","265","266","265","266","6116"
"12/04/2019","267","267","265","265","9305"
"15/04/2019","265","265.5","264.15","265.5","33783"
"16/04/2019","265.5","265.5","264.5","265.5","39857"
"17/04/2019","265.5","266","264.2","266","79583"
"18/04/2019","265.5","265.95","265.25","265.9","79712"
"19/04/2019","265.9","267","265.55","266","80854"
"22/04/2019","266","267","265.7","267","3020"
"23/04/2019","267","267","265","265","51954"
"24/04/2019","266.5","266.5","265","265","26001"
"25/04/2019","264","265","264","265","16255"
"26/04/2019","263.55","265","263.55","265","1155"
"29/04/2019","264","265","263.7","265","9549"
"30/04/2019","263.8","265","263.8","265","30060"
"02/05/2019","265.95","265.95","263.9","265","6645"
"03/05/2019","264","265","264","265","16933"
"06/05/2019","265","265","264.2","265","2458"
"07/05/2019","265","265","265","265","917"
"08/05/2019","264.5","265","264.25","265","5236"
"09/05/2019","265","265","264.3","265","18060"
"10/05/2019","265","266","264.3","266","10204"
"13/05/2019","265","266","265","266","32154"
"14/05/2019","266","266","265.05","266","7302"
"15/05/2019","266","268","266","268","5638"
"16/05/2019","265.3","266","265.3","266","3522"
"17/05/2019","267.95","272","267.95","270.5","42620"
"20/05/2019","272","273","272","273","3235"
"21/05/2019","270","273.35","268","270","29621"
"22/05/2019","267.05","274.95","267.05","274.95","6892"
"23/05/2019","274.9","274.95","268.6","273.95","28208"
"24/05/2019","270.05","272.5","270","270","15710"
"27/05/2019","268.6","270","268.6","270","3350"
"28/05/2019","270","270.05","270","270","73890"
"29/05/2019","270","270","265.3","265.5","2558"
"30/05/2019","265.7","266","264.9","264.9","21643"
"31/05/2019","269.85","269.95","265","265.5","16221"
"03/06/2019","257.85","265","257.85","265","3180"
"04/06/2019","265","268","265","268","3783"
"10/06/2019","267.95","268","265","265","917"
"11/06/2019","265.05","267.9","265","265.05","2475"
"12/06/2019","265","265","265","265","850"
"13/06/2019","265","265.05","260","265","15352"
"14/06/2019","270","270","270","270","41093"
"17/06/2019","270.95","272.8","268","270","16092"
"18/06/2019","270.2","277","270.1","277","50730"
"19/06/2019","277","279","271.15","271.3","59006"
"20/06/2019","271","273.95","271","272","3248"
"21/06/2019","271.3","273.95","270","270","18571"
"24/06/2019","270.05","274","265.65","266.05","18135"
"25/06/2019","266.15","270.05","266.1","270.05","1132"
"26/06/2019","272","272","268.15","272","327151"
"27/06/2019","267.15","270","266.1","270","631380"
"28/06/2019","268","269.9","268","269.9","151275"
"01/07/2019","267","269.15","266.95","269.15","3815"
"02/07/2019","267.05","267.1","267","267.1","27956"
"03/07/2019","267.1","268","267.1","268","5628"
"04/07/2019","267.1","268","267.1","267.2","7385"
"05/07/2019","269","269","266.05","267.2","7688"
"08/07/2019","266.05","269","266.05","267.3","17517"
"09/07/2019","269.9","270","267.35","270","38139"
"10/07/2019","268.15","272","268.15","272","26199"
"11/07/2019","272","272","270","270.05","2746"
"12/07/2019","270","273","270","272.05","49777"
"15/07/2019","272.95","272.95","272.95","272.95","880"
"16/07/2019","272.95","272.95","269.5","270.1","5781"
"17/07/2019","272.95","276","272.95","275.05","196453"
"18/07/2019","275","275","270.7","275","268306"
"19/07/2019","275","275","272.25","273.95","29148"
"22/07/2019","272","273","272","273","8445"
"23/07/2019","272","273","268","272.9","11788"
"24/07/2019","270.05","270.2","270.05","270.1","1631"
"25/07/2019","270","270.2","270","270.2","5619"
"26/07/2019","271.05","273.85","271.05","273.85","8976"
"29/07/2019","274","274","270.25","271.1","16950"
"31/07/2019","272","273.9","272","273.9","58419"
"01/08/2019","270.6","272","270.6","272","6485"
"02/08/2019","272","273","271.05","273","10099"
"05/08/2019","270.15","270.55","270.1","270.55","880"
"06/08/2019","270.5","272.5","270.5","272.5","6022"
"07/08/2019","272","272","271.1","271.2","19390"
"08/08/2019","271.7","271.7","271.7","271.7","276"
"09/08/2019","271.25","272","271.25","272","12943"
"15/08/2019","270.1","272","270.05","272","1287"
"16/08/2019","270.55","272","270.55","272","1458"
"19/08/2019","272","272","270.15","270.15","1732"
"22/08/2019","270.3","271","270.3","271","16521"
"23/08/2019","271","272.5","271","272.5","6340"
"26/08/2019","272.5","273.5","272.5","273.5","10038"
"27/08/2019","274","274.95","272","274.95","37107"
"28/08/2019","271.7","272","271.65","272","7682"
"29/08/2019","271.75","273","271.75","273","7029"
"30/08/2019","273","273","271.5","272","24660"
"02/09/2019","270","272","270","272","3312"
"03/09/2019","270.75","271","270.75","270.8","6146"
"04/09/2019","270.95","271","270.95","271","5883"
"05/09/2019","272","272","270.2","270.45","7300"
"06/09/2019","270.1","270.3","270.05","270.3","2526"
"09/09/2019","271","271","270.3","270.3","1489"
"10/09/2019","270.3","270.3","268.5","268.5","14935"
"11/09/2019","269","269","268","268","2162"
"12/09/2019","268.1","268.1","268.05","268.05","1933"
"13/09/2019","268.1","270","268","268","5427"
"16/09/2019","268","268","268","268","3564"
"17/09/2019","269.95","269.95","268","268","8470"
"18/09/2019","267.6","270","267.6","268","6522"
"19/09/2019","268","268.1","268","268","18301"
"20/09/2019","268","269.95","268","268","27758"
"23/09/2019","268","270","268","270","5037"
"24/09/2019","268","270","268","268","552"
"25/09/2019","268.1","268.1","268","268","8716"
"26/09/2019","268.05","268.05","267.5","268","9572"
"27/09/2019","268","269.95","268","269.95","10484"
"30/09/2019","268.8","268.8","268","268","41516"
"01/10/2019","268","268","268","268","14927"
"02/10/2019","266.35","268","266.25","266.4","6141"
"03/10/2019","269","269","265.5","265.5","5523"
"04/10/2019","266.05","267.5","266.05","267","23523"
"07/10/2019","266.25","266.25","266.25","266.25","10"
"08/10/2019","266.3","266.3","265","265","2092"
"09/10/2019","264","265","264","265","9421"
"10/10/2019","265.05","265.05","262.4","265","5260"
"11/10/2019","265.95","267","263.5","264.9","33514"
"14/10/2019","265","265","265","265","7298"
"15/10/2019","265","265","265","265","12295"
"16/10/2019","265","265","263.05","263.1","7002"
"17/10/2019","263.1","268.95","263.1","268.95","2899"
"18/10/2019","267","267.95","267","267.95","16868"
"21/10/2019","263.4","263.4","263.4","263.4","11979"
"22/10/2019","263.7","267.95","263.6","267.95","11636"
"23/10/2019","264.05","265.5","264","265.5","438"
"25/10/2019","265.5","267.95","264.1","267.95","63610"
"28/10/2019","265.5","266","265.5","265.5","31249"
"29/10/2019","266","266","264.5","266","1627950"
"30/10/2019","266","268.85","266","268.85","45026"
"31/10/2019","268.85","269","265.8","266","228177"
"01/11/2019","268.95","268.95","268.95","268.95","1700"
"04/11/2019","265.95","266.5","265.95","266.5","9124"
"05/11/2019","265.95","267","265.95","267","3766"
"07/11/2019","267","268","267","268","19871"
"08/11/2019","266.55","270","266.55","270","25213"
"12/11/2019","267","267","266.8","266.8","4487"
"13/11/2019","266.35","268","266.35","268","232117"
"14/11/2019","267.05","269.95","267.05","269.95","18756"
"15/11/2019","267.25","270","267.25","270","27636"
"19/11/2019","267.9","271","267.9","271","34644"
"20/11/2019","270","270","270","270","17771"
"21/11/2019","270","270.95","269.15","270.95","16842"
"22/11/2019","270","274.9","270","274.9","233189"
"25/11/2019","274.9","274.9","271.55","272","49506"
"26/11/2019","271","272.6","271","272.6","28180"
"27/11/2019","271","272","270.8","272","16016"
"28/11/2019","272","272.05","272","272.05","8661"
"29/11/2019","272.95","274","272.95","274","68289"
"02/12/2019","273.3","273.3","271.1","271.1","11871"
"03/12/2019","270.05","272","269.2","272","10491"
"04/12/2019","270.15","270.15","270.1","270.1","7921"
"05/12/2019","270.15","272","270.15","271.05","20420"
"06/12/2019","271.25","273","271.2","273","6111"
"09/12/2019","273.9","273.9","272","272.05","16895"
"10/12/2019","272.15","274","272.1","274","23254"
"11/12/2019","273.9","274","272.15","273.95","37112"
"12/12/2019","272.2","274.05","272.2","274.05","77671"
"13/12/2019","274.4","274.5","274","274","58950"
"16/12/2019","274","274","272.05","273","9753"
"17/12/2019","273","273.95","272.15","273.95","22334"
"18/12/2019","273.1","273.95","273.05","273.95","3492"
"19/12/2019","273.1","273.9","272.25","273.9","249884"
"20/12/2019","273.9","274.5","273.9","274","154605"
"23/12/2019","273.5","273.5","273","273","217232"
"24/12/2019","273","273.1","273","273.05","111515"
"25/12/2019","272.55","273.45","272.55","273","70408"
"26/12/2019","272.4","273","272.4","273","2348"
"27/12/2019","272.4","273","272.4","273","5100"
"30/12/2019","272.9","273.95","272.9","273.95","75116"
"31/12/2019","273","278","273","277.5","575874"
"02/01/2020","275","276.9","275","276.9","73947"
"03/01/2020","276.9","277","276.9","277","99634"
"06/01/2020","277.5","277.5","273.3","277","6643"
"07/01/2020","274","275.05","274","275.05","31615"
"08/01/2020","276","276.9","274","274","19649"
"09/01/2020","275.95","276.95","275.95","276.1","79547"
"10/01/2020","276","276","275.5","276","21607"
"13/01/2020","273","273","272.8","272.8","601"
"14/01/2020","273.2","275","273","274","21978"
"15/01/2020","274","274","274","274","7926"
"16/01/2020","274","275.95","274","275.95","106665"
"17/01/2020","276","277","275.05","277","182478"
"20/01/2020","275.1","276.9","275.1","275.55","18310"
"21/01/2020","276","276.5","275.4","276.5","9308"
"22/01/2020","276.5","276.95","276.1","276.95","51312"
"23/01/2020","276.95","276.95","276","276","1145"
"24/01/2020","276","276.9","275","276.9","82651"
"27/01/2020","274","276","274","274.5","17909"
"28/01/2020","274.5","274.5","274.4","274.5","5745"
"29/01/2020","274.05","274.05","273.5","274","27875"
"30/01/2020","274.9","274.9","272.05","273.5","5800"
"31/01/2020","272","274.4","272","274.4","7919"
"03/02/2020","272","272","270.2","270.3","862"
"04/02/2020","270.35","273.95","270.35","273.95","10434"
"05/02/2020","271.15","271.15","271.15","271.15","1000"
"06/02/2020","270.35","271.2","270.35","271.2","2507"
"07/02/2020","270.15","273.9","266","273.9","42070"
"10/02/2020","273.5","273.5","273.5","273.5","250"
"11/02/2020","270.1","270.1","270.1","270.1","856"
"12/02/2020","271","271","270.1","270.15","18330"
"13/02/2020","270.2","272","270.1","272","1020"
"14/02/2020","270.1","274","270","274","45953"
"17/02/2020","274.9","274.9","274.5","274.5","3065"
"18/02/2020","270.6","274","270.6","273.85","15798"
"19/02/2020","270.2","271","270.2","271","8026"
"20/02/2020","271.1","271.2","271.1","271.15","6577"
"21/02/2020","273","275","272.55","275","492697"
"24/02/2020","270.3","271.05","270.1","271","7688"
"26/02/2020","270.25","270.25","270.25","270.25","570"
"27/02/2020","272.95","272.95","272.95","272.95","40"
"28/02/2020","272","272.95","271","271","118649"
"02/03/2020","270.1","270.1","270.1","270.1","2449"
"03/03/2020","270.05","270.1","267","267","31367"
"04/03/2020","266.45","266.5","266","266","25405"
"05/03/2020","270","270","264","269.9","46378"
"06/03/2020","266","266","264","264","62225"
"09/03/2020","257","260","238","242","102293"
"10/03/2020","248","263.9","248","260","25168"
"11/03/2020","263.7","263.7","259.95","259.95","16055"
"12/03/2020","255.05","255.05","240","240","65683"
"13/03/2020","240","240","235","240","110469"
"16/03/2020","240","240","216.05","216.05","63884"
"17/03/2020","218","218","207.45","207.45","53464"
"18/03/2020","207.45","207.45","199.2","199.2","47156"
"19/03/2020","191.25","207.15","191.25","207.15","176723"
"20/03/2020","210","215.4","207","215.4","81492"
"23/03/2020","224","224","224","224","11966"
"24/03/2020","230","230","226","226","140135"
"25/03/2020","229","229","217","217","179888"
"26/03/2020","225","225","216.8","216.8","46104"
"27/03/2020","215","217","213.95","217","81208"
"30/03/2020","217","217","216","217","21257"
"31/03/2020","225","225","216","216","24545"
"01/04/2020","216","216","213","215","12759"
"02/04/2020","215","215","213","215","33110"
"03/04/2020","215","215","210","210","54353"
"06/04/2020","210","210","208","208","405"
"07/04/2020","210","210","199.7","199.7","45763"
"08/04/2020","199.5","202.95","199","201","55139"
"09/04/2020","202.5","209","199","199","8061"
"10/04/2020","201","204","200","201.8","42054"
"13/04/2020","205.7","205.75","205.7","205.75","121"
"14/04/2020","207","208.5","207","207","695"
"15/04/2020","211.9","211.9","203","203","8040"
"16/04/2020","203.1","203.1","200","200","28147"
"17/04/2020","200.15","202","198.95","198.95","13957"
"20/04/2020","198.95","200","198","198","11903"
"21/04/2020","201.5","201.5","195.15","195.15","21313"
"22/04/2020","196","197.95","195.05","195.05","1206"
"23/04/2020","198.85","198.85","195","195","18292"
"24/04/2020","197.95","198","196","196","12362"
"27/04/2020","199.95","199.95","197.95","198","17299"
"28/04/2020","198","200","198","200","106120"
"29/04/2020","201","203.95","200.15","200.15","7362"
"30/04/2020","204.95","206","204","204","30452"
"04/05/2020","205","205","200","200","15304"
"05/05/2020","204.45","205.9","200.45","202","33886"
"06/05/2020","204","205.5","203.05","204.05","9606"
"08/05/2020","206.9","206.9","196.2","196.2","27100"
"11/05/2020","203","203","197","197","14018"
"12/05/2020","196.25","200","195","195","28054"
"13/05/2020","194","194.9","190","190","2744"
"14/05/2020","196.2","196.2","195","195","264"
"15/05/2020","195","195","193","193","68328"
"18/05/2020","195","198","194","197.3","18843"
"19/05/2020","197.85","199.9","197.65","198","22634"
"20/05/2020","200.95","200.95","199","199","28053"
"21/05/2020","200","203.9","200","202","408"
"22/05/2020","200","203.5","200","203","17663"
"26/05/2020","203.9","205","203","205","24564"
"27/05/2020","205.1","210","205.1","210","70222"
"28/05/2020","210","213","208.1","210","141210"
"29/05/2020","210","214.5","209.2","214","145226"
"01/06/2020","213","217.2","212.5","214","12000"
"02/06/2020","215","216.5","214","215","36635"
"03/06/2020","218.95","219.95","218","218.2","38901"
"04/06/2020","225","225","219.2","221","54682"
"05/06/2020","224.9","225","220","220","16075"
"08/06/2020","224","224","220","223.5","3689"
"09/06/2020","224","224","221","221","37873"
"10/06/2020","220","222.95","215.05","216","289239"
"11/06/2020","219.8","219.9","216","219.9","3440"
"12/06/2020","216","219","215.6","217","39151"
"15/06/2020","219.95","219.95","218.9","218.9","1668"
"16/06/2020","215.25","220","215.25","218.05","4656"
"17/06/2020","226.75","226.75","226.75","226.75","6783"
"18/06/2020","233.5","233.5","222.6","222.6","195362"
"19/06/2020","225","225","220.1","223","85552"
"22/06/2020","226","227.45","223.5","224","570"
"23/06/2020","222","225.9","222","223.1","3025"
"24/06/2020","225","225","221","221","9105"
"25/06/2020","223","223","220","220","4929"
"26/06/2020","219.9","220","218","218","61551"
"29/06/2020","224.4","225.9","218.1","218.5","2490"
"30/06/2020","220","220","219.8","219.8","41563"
"01/07/2020","219.5","223.7","219.5","223.7","25712"
"02/07/2020","223.95","223.95","223","223","762"
"03/07/2020","221","224","221","222.9","3671"
"06/07/2020","224","224.35","219.9","219.9","12057"
"07/07/2020","219.9","222","219.9","221","6885"
"08/07/2020","222","222","222","222","10"
"09/07/2020","222","223.7","221","223.7","11913"
"10/07/2020","221.5","221.5","221.5","221.5","5273"
"13/07/2020","220","223.85","220","220","5360"
"14/07/2020","220","220","219","220","3156"
"15/07/2020","218.1","222.9","218","221","27544"
"16/07/2020","222","222.95","218.2","221.55","39809"
"17/07/2020","219.5","222.95","219.5","222.05","8912"
"20/07/2020","222.9","223.5","222.9","223","802"
"21/07/2020","223.45","223.45","223","223","17568"
"22/07/2020","220.6","223","220.6","223","22362"
"23/07/2020","223","225","222.55","223","11690"
"24/07/2020","223","224.9","221","223","45203"
"27/07/2020","221","224","221","223","10453"
"28/07/2020","220.1","227","220","227","8682"
"29/07/2020","225","230","225","229.8","26409"
"03/08/2020","229.95","229.95","228.9","229","150"
"04/08/2020","226","228.9","225","227.8","537"
"05/08/2020","226","228","225.6","226","3264"
"06/08/2020","226","226.3","225.65","226.3","87"
"07/08/2020","228","228.5","228","228","11065"
"10/08/2020","228.9","228.9","227","227","108"
"11/08/2020","228","228.15","228","228.15","7009"
"12/08/2020","228","229","228","229","30721"
"13/08/2020","233","233","230","233","22261"
"17/08/2020","234.95","235","234","234.9","4724"
"18/08/2020","236","236","231.5","232.5","28121"
"19/08/2020","232","232.5","228.1","232.5","51520"
"24/08/2020","228.5","231.5","228.25","229.45","38180"
"25/08/2020","228.5","228.5","228","228.5","9790"
"26/08/2020","225","225","225","225","40"
"27/08/2020","225","229","225","229","9839"
"28/08/2020","228.95","228.95","223.9","225","11317"
"31/08/2020","225","225.65","224.5","225.65","12665"
"01/09/2020","228.5","234.65","228.5","234.65","66545"
"02/09/2020","234.6","235","230.05","234.9","36270"
"03/09/2020","236","236","236","236","50"
"04/09/2020","233","233","232.5","232.5","5576"
"08/09/2020","233","234","232.05","233","19076"
"09/09/2020","232.15","236","232.15","236","4141"
"10/09/2020","233.15","237.8","233.15","236","70714"
"11/09/2020","233","237.75","232","235.1","13899"
"14/09/2020","232.5","233.1","232.5","233.05","8975"
"15/09/2020","233.05","233.05","232.65","232.65","7439"
"16/09/2020","234.05","234.05","233.5","234","5077"
"17/09/2020","233.5","233.5","231","231","69043"
"18/09/2020","230.15","231","230.05","230.5","18739"
"21/09/2020","230.6","230.6","230.15","230.15","780"
"22/09/2020","230.4","231","230.4","231","1482"
"23/09/2020","232","235","231.05","231.05","3896"
"24/09/2020","231.5","233","231.15","232.05","23552"
"25/09/2020","233","233","232","232.05","10505"
"28/09/2020","232","232","232","232","11"
"29/09/2020","232","234","232","234","9280"
"30/09/2020","233","233","231.05","231.05","1806"
"01/10/2020","233","233","231","232","20532"
"02/10/2020","233","233","233","233","250"
"05/10/2020","233","233.2","231.05","231.05","28536"
"06/10/2020","231.1","231.1","231.1","231.1","159"
"07/10/2020","233.95","233.95","231.85","233.1","21899"
"08/10/2020","232.5","235","232.5","235","76574"
"09/10/2020","232.6","235.8","232.6","235","28725"
"12/10/2020","235","235","234","235","1327"
"13/10/2020","235.9","237","235.2","236.05","26990"
"14/10/2020","237.95","244","237.95","242.95","42052"
"15/10/2020","243.15","243.15","240.05","240.2","6535"
"16/10/2020","240.1","240.1","236.7","237","94332"
"19/10/2020","237.05","239.9","237.05","238","321"
"20/10/2020","239.75","242","239.75","240.6","103415"
"21/10/2020","235.2","238","235","235.15","3914"
"22/10/2020","235","238.05","235","238.05","20123"
"23/10/2020","238","241.65","238","240.95","178415"
"26/10/2020","240","241.9","239.9","240.05","24801"
"27/10/2020","240.95","241","238.3","240","27214"
"28/10/2020","241.8","241.8","238.6","240","9592"
"02/11/2020","240","240","236.7","236.7","754"
"03/11/2020","236.7","236.75","236.3","236.75","6826"
"04/11/2020","236.5","237","236.35","237","7123"
"05/11/2020","238","238","238","238","5"
"09/11/2020","237.5","242","237.5","241.9","83680"
"10/11/2020","243","245","241.7","244","75569"
"11/11/2020","243.95","244","241.5","241.5","14109"
"12/11/2020","244","244","238.5","243.8","6763"
"13/11/2020","240.05","243.9","240.05","242.45","21713"
"16/11/2020","241.75","243","241.6","242.45","12817"
"17/11/2020","242.95","243","242.45","243","33269"
"19/11/2020","243.05","244.5","243","244","18520"
"20/11/2020","244.5","247","244.5","246.5","66868"
"23/11/2020","244.6","244.6","243.2","243.2","1209"
"24/11/2020","246.5","246.9","245","245","28338"
"25/11/2020","246","246.85","246","246.8","47409"
"26/11/2020","246","246.9","245.1","246","6382"
"27/11/2020","243.45","246","242.5","243.1","23695"
"30/11/2020","245","245.95","243.15","245","32339"
"01/12/2020","242.35","245","242.35","245","1043"
"02/12/2020","242.5","247","242.5","245.05","15919"
"03/12/2020","244","246","244","244.5","3004"
"04/12/2020","247","247","245","245","8849"
"07/12/2020","246.95","246.95","244.35","245","7672"
"08/12/2020","244.5","246.95","244.5","246.95","9315"
"09/12/2020","246.95","247","245.05","245.05","5223"
"10/12/2020","247","247","246.95","247","2706"
"11/12/2020","249.95","250","247.2","250","104980"
"14/12/2020","247.65","253","247.65","249.5","1581"
"15/12/2020","250","251","249","251","16748"
"16/12/2020","250","258.95","250","257","154680"
"17/12/2020","251.15","264.8","251.15","259","92725"
"18/12/2020","259","259.9","254.6","254.6","48944"
"21/12/2020","252.6","252.6","244.6","245","33298"
"22/12/2020","244","252","244","250","27848"
"23/12/2020","248.05","256.95","248.05","251","3211"
"24/12/2020","251.1","251.1","250","250","14645"
"25/12/2020","250","250","247","247","37380"
"28/12/2020","245","250","245","246","3748"
"29/12/2020","246.05","246.1","245","245","770"
"31/12/2020","246.1","249.75","246.1","249.7","11781"
"04/01/2021","252.5","252.5","252.5","252.5","1"
"05/01/2021","248.5","249.6","246.55","249.6","820"
"06/01/2021","246.05","249.55","244","244","4820"
"07/01/2021","249.5","249.5","245","247","13"
"08/01/2021","245.1","246","245","246","3950"
"12/01/2021","247","249","243.1","249","2012"
"13/01/2021","249","249","244.05","244.05","24"
"14/01/2021","244.9","250","244.9","250","13974"
"15/01/2021","250","253.5","250","253.5","76971"
"18/01/2021","252","255.9","250","255","7359"
"19/01/2021","255","257","251.85","256","57168"
"20/01/2021","256.95","257.5","256","257.5","20723"
"21/01/2021","256","257.95","252.7","252.7","32151"
"22/01/2021","250.8","257.5","250.8","256.95","104328"
"25/01/2021","251.45","257","251.45","257","36162"
"26/01/2021","257.75","260","257.75","259.95","63578"
"27/01/2021","258.5","258.5","257.55","257.65","4248"
"28/01/2021","257.25","257.25","257.2","257.25","1901"
"29/01/2021","258","258.95","257.2","258.95","22796"
"01/02/2021","258.95","258.95","254.1","257.1","4903"
"02/02/2021","257","258","254.2","257.1","10227"
"03/02/2021","254","258.55","254","256.2","6403"
"04/02/2021","255.05","256.5","255.05","255.1","14747"
"05/02/2021","256","256.25","256","256.25","37360"
"08/02/2021","256","258","256","258","54607"
"09/02/2021","255","258","254.7","254.75","47686"
"10/02/2021","257.9","257.9","251.1","254","2023"
"11/02/2021","257.7","257.7","251.2","253","35122"
"12/02/2021","257.8","257.8","251","253.1","44908"
"15/02/2021","253.1","253.3","253.1","253.3","1009"
"16/02/2021","256.25","256.4","251.3","254","3138"
"17/02/2021","254","254.05","254","254.05","11147"
"18/02/2021","252","256","252","255","10205"
"19/02/2021","252.25","254.9","252.25","254.9","66"
"22/02/2021","252.3","255","252.25","254.9","2997"
"23/02/2021","252","252","250","251","6064"
"24/02/2021","249","252.85","249","251","12819"
"25/02/2021","250","251.95","250","250.05","12406"
"26/02/2021","250","250.2","250","250","24825"
"01/03/2021","251.9","251.9","248.05","248.05","1634"
"02/03/2021","251.85","251.85","249","251.4","250"
"03/03/2021","248.55","251.35","248.55","249.15","6460"
"04/03/2021","250.95","250.95","250.95","250.95","40"
"05/03/2021","251.9","251.9","248.95","250","4358"
"08/03/2021","248.65","248.65","248.65","248.65","5"
"09/03/2021","248.7","248.7","248.5","248.5","2297"
"10/03/2021","248.15","248.5","248.15","248.5","4092"
"11/03/2021","248.05","248.05","247.3","247.3","5800"
"12/03/2021","249","249","249","249","32238"
"15/03/2021","249.05","249.05","249","249","6074"
"16/03/2021","247","250","246.7","250","3328"
"17/03/2021","250","255","250","254.5","33486"
"18/03/2021","249.45","254.4","249.45","252.5","2956"
"19/03/2021","252.45","254","248.35","254","53458"
"22/03/2021","248.2","253.15","248.2","248.55","6006"
"23/03/2021","249","252","248.55","249.1","15041"
"24/03/2021","249.1","249.1","249.1","249.1","1561"
"25/03/2021","248.55","250","248.5","250","5577"
"26/03/2021","251","251.8","249.5","250","1616442"
"29/03/2021","253.9","253.9","249.7","249.75","2980"
"30/03/2021","250.5","251","249","251","4437"
"31/03/2021","252","253","250.1","253","81686"
"01/04/2021","253.8","255.5","250.15","254.95","90479"
"02/04/2021","253","253","250.05","253","9412"
"05/04/2021","250","254.75","250","251.05","6740"
"06/04/2021","251.05","251.05","250.1","250.15","8650"
"08/04/2021","250.15","250.15","250.15","250.15","50"
"09/04/2021","253","253","253","253","105"
"12/04/2021","251.5","251.5","251.5","251.5","1000"
"13/04/2021","253","253","253","253","19560"
"14/04/2021","254.1","254.1","254.1","254.1","16"
"15/04/2021","253.95","255.5","251.2","255","102740"
"16/04/2021","255","256","255","256","53764"
"19/04/2021","255.95","256.9","255.95","256.9","5084"
"20/04/2021","256.95","258","254","257.5","72297"
"21/04/2021","255","258","255","256.15","119207"
"22/04/2021","254.55","258","254.55","256.35","21367"
"23/04/2021","255.1","258","255.1","258","19053"
"26/04/2021","258","258","256.1","258","152496"
"27/04/2021","254.25","258.5","254.25","258.5","23968"
"28/04/2021","258","259.9","258","258","80575"
"29/04/2021","258","258.95","258","258.9","20168"
"30/04/2021","256.15","258","256.1","258","13924"
"03/05/2021","258","259.5","258","259.5","162953"
"04/05/2021","259.7","262","258.55","262","197852"
"05/05/2021","263.95","265","262.05","262.65","38033"
"06/05/2021","262.2","265","262.1","263","31287"
"07/05/2021","262.1","264.5","262","264.5","152579"
"10/05/2021","263","265","262.6","265","41570"
"11/05/2021","263","263","262.5","262.5","1242"
"12/05/2021","264.95","265.3","262.3","265.3","54832"
"17/05/2021","265","267.95","262.05","267.9","40907"
"18/05/2021","265","265","263.4","264","2233"
"19/05/2021","266","268","263","266","26666"
"20/05/2021","266","266","264","264","11682"
"21/05/2021","265","266","265","266","2046"
"24/05/2021","266","267","263.05","263.05","1632"
"25/05/2021","266.1","269.65","266.1","268.1","24082"
"26/05/2021","267.15","269","266","269","6042"
"27/05/2021","269","269","266","266","61565"
"28/05/2021","267","268.5","267","268.5","6226"
"31/05/2021","266","266","266","266","35"
"01/06/2021","268.95","268.95","266","266.05","3559"
"02/06/2021","266.05","268.8","265","268","4248"
"03/06/2021","265.5","268","265.5","268","480"
"04/06/2021","266","267.5","265","267.5","22386"
"07/06/2021","267","268.45","266.05","267","16949"
"08/06/2021","263.55","268.45","263.55","266","5337"
"09/06/2021","265.05","266","265.05","266","4876"
"10/06/2021","266.05","267","266","266","4153"
"11/06/2021","267","267","265.5","267","8363"
"14/06/2021","267","267.7","267","267.7","9654"
"15/06/2021","267.8","268.5","265.05","266","25919"
"16/06/2021","266","266.5","265.5","266","13002"
"17/06/2021","265.05","267","265.05","265.5","7586"
"18/06/2021","266","268.4","265.15","266","117009"
"21/06/2021","265.05","267","265.05","267","13153"
"22/06/2021","266.5","268","266.5","267","106474"
"24/06/2021","267","267.5","266","266","12312"
"25/06/2021","266","266.05","263.5","265","51358"
"28/06/2021","267","267","265","267","722"
"29/06/2021","262.2","266.95","262.2","266","3513"
"30/06/2021","266","266","263","266","14028"
"01/07/2021","266","266","263","265.9","6348"
"02/07/2021","265","265","265","265","18510"
"05/07/2021","265","265.8","261.5","265","19167"
"06/07/2021","261.6","265","261.5","264.5","151"
"07/07/2021","261.6","264.5","261.6","264.5","5328"
"08/07/2021","264.5","264.5","264.5","264.5","964"
"09/07/2021","263.5","264.5","263.5","264.5","25638"
"12/07/2021","264","265","264","264.7","4173"
"13/07/2021","264.5","269","264","267","105378"
"14/07/2021","265","267","265","266.5","11049"
"15/07/2021","268","268","263.2","263.2","314"
"16/07/2021","263.2","267.95","263.2","267.95","14432"
"19/07/2021","264.6","264.65","264.6","264.65","688"
"20/07/2021","264","264","262.2","262.2","19369"
"23/07/2021","262.25","267","262.25","267","3713"
"26/07/2021","267","267","264.05","265.25","12650"
"27/07/2021","265.6","267","265.35","266","58249"
"28/07/2021","267.95","267.95","265.25","267.95","838"
"29/07/2021","270","271","267.5","270","253386"
"02/08/2021","269.95","271.5","268.05","271.5","36880"
"03/08/2021","268.8","272","261.55","271.9","12032"
"04/08/2021","269.6","272","269.6","271","24773"
"05/08/2021","271","272.5","270.05","272.5","21270"
"06/08/2021","272.5","273","271","273","29638"
"09/08/2021","265","270","264.55","270","4565"
"11/08/2021","265","270","265","269.95","38738"
"12/08/2021","265","269","265","268","16890"
"13/08/2021","268","268","266","267.8","20940"
"16/08/2021","267.9","269","265.6","269","9891"
"17/08/2021","265.65","269.95","265.65","269","5800"
"18/08/2021","267","271","267","271","28203"
"19/08/2021","269","272.5","269","272.5","32390"
"23/08/2021","268.1","272","268","272","12638"
"24/08/2021","270","270","270","270","3667"
"25/08/2021","270.1","271","270","271","4773"
"26/08/2021","271","272","271","272","13806"
"27/08/2021","270","272","270","272","25104"
"30/08/2021","268.3","272.45","268.3","271.1","702"
"31/08/2021","271.05","272.4","270","270.6","69575"
"01/09/2021","271","271","270","270.9","28095"
"02/09/2021","270.9","270.9","270","270.9","55744"
"03/09/2021","270.9","271","270.05","271","26533"
"06/09/2021","270.1","270.2","270.1","270.2","2119"
"07/09/2021","270.25","271","270.2","271","30689"
"08/09/2021","270.9","271.5","270.7","271.5","17551"
"09/09/2021","271.5","275","271.5","275","228151"
"10/09/2021","275","275","272","272","13718"
"13/09/2021","271","274","270","272","7029"
"14/09/2021","270.05","271.5","270","270.05","10311"
"15/09/2021","270.05","270.05","268.25","270","32669"
"16/09/2021","270","270","269","270","22217"
"17/09/2021","271","272","270","271.15","27216"
"20/09/2021","271.1","271.1","270.05","270.05","33670"
"21/09/2021","270","271","269.5","271","19293"
"22/09/2021","269.7","271","269.6","271","52908"
"23/09/2021","271","273","271","272.6","37230"
"24/09/2021","271","278","271","276","162109"
"27/09/2021","276.95","276.95","272.05","275","51533"
"28/09/2021","275","276.05","272.7","276.05","17676"
"29/09/2021","274.05","275","274.05","275","5127"
"30/09/2021","274.5","276","272","276","24763"
"01/10/2021","273.05","275.2","273","275.2","27479"
"04/10/2021","272.3","274.95","270.2","274.95","21196"
"05/10/2021","272.05","272.05","270.5","270.65","5999"
"06/10/2021","270.65","272","270.55","272","6539"
"07/10/2021","271.2","273","271.15","271.15","1909"
"08/10/2021","271.25","274.9","271.25","274.9","11760"
"11/10/2021","271.15","275","271.15","272.05","9090"
"12/10/2021","272.1","273","272.1","273","2487"
"13/10/2021","273","273","272.1","273","26185"
"14/10/2021","274","274","273","274","23858"
"15/10/2021","274","275","272.6","275","36475"
"18/10/2021","273","274.9","273","274.9","10129"
"21/10/2021","273","275","272.15","275","68163"
"22/10/2021","272.2","275.15","272.2","275.15","17559"
"25/10/2021","274","278","274","278","112445"
"26/10/2021","276.9","280","276.9","280","140632"
"27/10/2021","280","288.45","280","283","131858"
"28/10/2021","282.1","287.9","281","282","87820"
"29/10/2021","282","287.5","282","287.5","154508"
"01/11/2021","287.5","287.5","280.5","280.5","50651"
"02/11/2021","282.2","284","281","282.25","179903"
"03/11/2021","282.25","284","282.25","282.55","67937"
"04/11/2021","284.25","285.55","282.5","282.5","78289"
"05/11/2021","284.9","284.9","281","282","25029"
"08/11/2021","280.6","280.6","280","280","360"
"09/11/2021","282","283.95","280","280","38425"
"10/11/2021","280","280","279","279","65241"
"11/11/2021","278.05","279","278","279","11977"
"12/11/2021","279","279","278","278","51799"
"15/11/2021","278.8","278.8","278","278","33612"
"16/11/2021","278","278","278","278","43976"
"17/11/2021","278.95","280","278.95","279","71312"
"19/11/2021","279.1","279.5","279","279","60387"
"22/11/2021","279.5","280","279","280","27313"
"23/11/2021","280","280","279.5","279.5","27881"
"24/11/2021","279.5","280.9","279.5","280.9","59381"
"25/11/2021","279.5","280.9","277.05","280.9","3642"
"26/11/2021","278.1","278.2","277.05","277.2","53349"
"29/11/2021","275","276.5","273","276.5","4258"
"30/11/2021","279.9","279.9","276","276","93264"
"01/12/2021","275","280","275","280","17060"
"02/12/2021","276.1","279","276.1","279","29641"
"03/12/2021","279.95","279.95","277","277.05","17402"
"06/12/2021","276","276","275.5","275.5","3358"
"07/12/2021","279.45","280","276.1","280","49659"
"08/12/2021","276.7","280","276.6","280","51690"
"09/12/2021","280","280","278.5","279.95","50267"
"10/12/2021","280","280.5","280","280","177595"
"13/12/2021","280","280.5","278","280","20983"
"14/12/2021","280","280","277","277","216333"
"15/12/2021","277","277","277","277","18634"
"16/12/2021","277","280","277","280","5921"
"17/12/2021","277","280","277","280","79165"
"20/12/2021","280","280","277.05","277.05","17239"
"21/12/2021","278","279.95","278","279.95","7666"
"22/12/2021","278","279.95","278","278.5","10130"
"23/12/2021","279.95","279.95","277.5","279.95","10979"
"24/12/2021","278","278.5","278","278.5","17726"
"27/12/2021","278.5","279.95","278","279.95","8278"
"28/12/2021","277.6","280","277.6","280","25955"
"29/12/2021","278","280","278","280","16505"
"30/12/2021","280.2","280.45","279.05","280.45","22451"
"31/12/2021","280.5","280.95","279","280.95","40035"
"03/01/2022","278","279","278","278","19659"
"04/01/2022","277.05","280","277.05","278","799"
"05/01/2022","281.85","281.85","278","278","2553"
"06/01/2022","280.95","280.95","278.3","280.95","28080"
"07/01/2022","280.95","284.9","280.95","284","48424"
"10/01/2022","285.9","286","284","284","11041"
"12/01/2022","286","287","286","286","29202"
"13/01/2022","285","287","280","287","28314"
"14/01/2022","286.95","290","285","290","160687"
"17/01/2022","293","293","288","288.95","99638"
"18/01/2022","289.1","289.1","289","289","24630"
"19/01/2022","290","290","288","288","42741"
"20/01/2022","288","289","288","288.15","26939"
"21/01/2022","289","289","288","288","211219"
"24/01/2022","288","288","287","288","19141"
"25/01/2022","289.95","289.95","287.5","288","43314"
"26/01/2022","287","288","287","287.05","11282"
"27/01/2022","288","288","287.1","287.1","3882"
"28/01/2022","287.1","288","286.05","287","34592"
"31/01/2022","287","287","287","287","10"
"01/02/2022","287.5","287.5","286","286","17383"
"02/02/2022","286","288.5","286","288.5","109690"
"03/02/2022","289.5","292","289.5","292","84258"
"04/02/2022","292","292","292","292","33842"
"07/02/2022","290.6","293.95","290.6","293.95","9680"
"08/02/2022","291","294","291","294","22674"
"09/02/2022","295","295","292.5","292.5","35084"
"10/02/2022","294","295","293","295","6595"
"11/02/2022","294.05","295","294.05","294.55","29238"
"14/02/2022","295","295","290","290","28172"
"15/02/2022","290","290","285.6","290","27610"
"16/02/2022","288.05","288.5","288","288","21620"
"17/02/2022","288","288","288","288","609"
"18/02/2022","288.05","288.05","287.95","288","43854"
"21/02/2022","288","288","286","286","24305"
"22/02/2022","286","286","282","285","10912"
"23/02/2022","288","288","285","286","184857"
"24/02/2022","286.5","288","270.2","270.5","147858"
"25/02/2022","270.5","284","270.5","275","29557"
"28/02/2022","275","279","275","275","83250"
"01/03/2022","271","279.95","271","275","20507"
"02/03/2022","272.6","279","272.6","274","5907"
"03/03/2022","273","273.5","271","271","14983"
"04/03/2022","272","274.95","270","270","51273"
"07/03/2022","272.5","272.5","260","260","21678"
"08/03/2022","260","265","260","261","76748"
"09/03/2022","275.3","275.3","263","265.9","8972"
"10/03/2022","264.55","270","260","260","5765"
"11/03/2022","260","270","260","265","59239"
"14/03/2022","270.6","270.75","265.1","265.1","45"
"15/03/2022","272.5","272.5","264","265","18206"
"16/03/2022","269.95","269.95","265.05","265.4","47080"
"17/03/2022","269.95","269.95","268","268","28887"
"18/03/2022","269","269.5","268.05","269","36475"
"21/03/2022","269.6","276.4","266.5","266.5","4145"
"22/03/2022","266.5","268","265.1","265.1","4175"
"23/03/2022","265.1","265.1","260","260","86060"
"24/03/2022","260","260","256","256","21936"
"25/03/2022","265","265","260","260","6300"
"28/03/2022","261","261","257","257","918"
"29/03/2022","264.95","266","257.5","266","2406"
"30/03/2022","260","266","260","264.9","3756"
"31/03/2022","265","267","265","267","1001"
"01/04/2022","266.9","266.95","266","266","1711"
"04/04/2022","276.8","276.8","261.2","264.5","19305"
"05/04/2022","265","265.5","265","265.5","42252"
"06/04/2022","262.05","270","262.05","270","110"
"07/04/2022","265.2","266.05","265.2","265.2","42239"
"08/04/2022","266.3","266.3","266","266","25778"
"11/04/2022","266","266","266","266","570"
"12/04/2022","263.55","268.85","263.55","268","2080"
"13/04/2022","266","266.5","266","266.1","18619"
"14/04/2022","266.1","268.85","266.05","268.5","44014"
"15/04/2022","268","268.4","266","266","8177"
"18/04/2022","268.4","268.4","268.4","268.4","10"
"19/04/2022","267","268.4","266","266.05","3143"
"20/04/2022","268.4","268.4","266","268","9002"
"21/04/2022","266","268","266","266","28968"
"22/04/2022","266","268","266","266.05","10799"
"25/04/2022","269","269","266.05","268","35104"
"26/04/2022","268","268","265","265","22500"
"27/04/2022","265","268","265","267","1443"
"28/04/2022","266","268","266","268","53"
"29/04/2022","267","267","267","267","22008"
"05/05/2022","266.9","266.9","265","266","13831"
"06/05/2022","265.5","265.5","265","265.5","11855"
"09/05/2022","265.5","265.5","262","262","14436"
"10/05/2022","262","262","255","255","34610"
"11/05/2022","261","261","255.05","255","17803"
"12/05/2022","256","257","255","255","4177"
"13/05/2022","258","258","257","257.9","1349"
"16/05/2022","262.95","262.95","253","253","5549"
"18/05/2022","256","257","256","257","16230"
"19/05/2022","264.9","264.9","256","257","9142"
"20/05/2022","255.05","255.05","253","253","32054"
"23/05/2022","253.1","255","251.55","255","7110"
"24/05/2022","260.9","260.9","251","253.05","28606"
"25/05/2022","253","255","250","255","4190"
"26/05/2022","254","255","253","253","40909"
"27/05/2022","253","253","250","250.9","9340"
"30/05/2022","250.9","250.9","250","250","15845"
"31/05/2022","250","250","245","245","95306"
"01/06/2022","251.9","251.9","251.9","251.9","28"
"02/06/2022","253","255","252.05","255","9166"
"03/06/2022","265.95","265.95","255","258","328265"
"06/06/2022","264.85","264.85","264.85","264.85","1"
"07/06/2022","255","264.5","255","258","42275"
"08/06/2022","258","262","256.75","262","20410"
"09/06/2022","262","262","260.05","262","19632"
"10/06/2022","262","262","258","260","15272"
