"Date","Open","High","Low","Close","Volume"
"03/01/2000","408.8","408.8","408.8","408.8","750"
"04/01/2000","408.8","408.8","408.8","408.8","125"
"05/01/2000","408.8","408.8","408.8","408.8","517.5"
"06/01/2000","404.8","404.8","404.8","404.8","1625"
"07/01/2000","408","408","408","408","180"
"12/01/2000","408","408","408","408","387.5"
"13/01/2000","408","408","408","408","37.5"
"14/01/2000","408.8","408.8","408.8","408.8","836.25"
"17/01/2000","408","408","408","408","562.5"
"18/01/2000","408","408","408","408","376.25"
"20/01/2000","408.8","408.8","408.8","408.8","6.25"
"21/01/2000","409.6","409.6","409.6","409.6","37.5"
"24/01/2000","410.4","410.4","410.4","410.4","793.75"
"25/01/2000","412","412","412","412","400"
"26/01/2000","411.2","411.2","411.2","411.2","250"
"27/01/2000","408","408","408","408","12.5"
"28/01/2000","408","408","408","408","1447.5"
"31/01/2000","411.2","411.2","411.2","411.2","437.5"
"02/02/2000","408","408","408","408","643.75"
"03/02/2000","408.8","408.8","408.8","408.8","50"
"04/02/2000","408","408","408","408","1980"
"07/02/2000","408","408","408","408","377.5"
"08/02/2000","405.6","405.6","405.6","405.6","157.5"
"09/02/2000","401.6","401.6","401.6","401.6","437.5"
"10/02/2000","404","404","404","404","1888.75"
"11/02/2000","404","404","404","404","472.5"
"15/02/2000","404","404","404","404","1625"
"17/02/2000","405.6","405.6","405.6","405.6","150"
"18/02/2000","408","408","408","408","13.75"
"21/02/2000","404","404","404","404","275"
"22/02/2000","403.2","403.2","403.2","403.2","252.5"
"23/02/2000","400","400","400","400","531.25"
"24/02/2000","376","376","376","376","900"
"25/02/2000","381.64","381.64","381.64","381.64","37.5"
"28/02/2000","380","380","380","380","907.5"
"29/02/2000","399.2","399.2","399.2","399.2","481.25"
"01/03/2000","400","400","400","400","312.5"
"02/03/2000","404","404","404","404","62.5"
"03/03/2000","403.2","403.2","403.2","403.2","62.5"
"06/03/2000","400","400","400","400","593.75"
"07/03/2000","400","400","400","400","425"
"08/03/2000","400","400","400","400","825"
"10/03/2000","388","388","388","388","637.5"
"13/03/2000","388","388","388","388","331.25"
"15/03/2000","388","388","388","388","1268.75"
"21/03/2000","388","388","388","388","1048.75"
"22/03/2000","388","388","388","388","263.75"
"24/03/2000","392","392","392","392","68.75"
"28/03/2000","392","392","392","392","262.5"
"29/03/2000","400","400","400","400","1750"
"30/03/2000","399.2","399.2","399.2","399.2","713.75"
"31/03/2000","399.2","399.2","399.2","399.2","375"
"03/04/2000","392","392","392","392","625"
"04/04/2000","392","392","392","392","25"
"12/04/2000","384","384","384","384","1562.5"
"13/04/2000","376","376","376","376","125"
"14/04/2000","376","376","376","376","375"
"17/04/2000","360","360","360","360","1358.75"
"18/04/2000","340.8","340.8","340.8","340.8","940"
"19/04/2000","340.8","340.8","340.8","340.8","575"
"20/04/2000","337.6","337.6","337.6","337.6","937.5"
"21/04/2000","337.6","337.6","337.6","337.6","5046.25"
"24/04/2000","352","352","352","352","37.5"
"25/04/2000","343.2","343.2","343.2","343.2","25"
"26/04/2000","344.16","344.16","344.16","344.16","470"
"28/04/2000","348","348","348","348","37.5"
"04/05/2000","344.8","344.8","344.8","344.8","1348.75"
"05/05/2000","344.08","344.08","344.08","344.08","2083.75"
"09/05/2000","348.8","348.8","348.8","348.8","4065"
"10/05/2000","360.8","360.8","360.8","360.8","4981.25"
"11/05/2000","382.44","382.44","382.44","382.44","1733.75"
"12/05/2000","403.2","403.2","403.2","403.2","692.5"
"15/05/2000","403.2","403.2","403.2","403.2","812.5"
"16/05/2000","399.2","399.2","399.2","399.2","2048.75"
"17/05/2000","390.4","390.4","390.4","390.4","437.5"
"22/05/2000","368","368","368","368","6.25"
"23/05/2000","377.6","377.6","377.6","377.6","751.25"
"24/05/2000","384.8","384.8","384.8","384.8","281.25"
"25/05/2000","383.96","383.96","383.96","383.96","107.5"
"26/05/2000","384","384","384","384","160"
"29/05/2000","387.92","387.92","387.92","387.92","550"
"30/05/2000","382.4","382.4","382.4","382.4","987.5"
"31/05/2000","383.96","383.96","383.96","383.96","1250"
"01/06/2000","384","384","384","384","125"
"02/06/2000","384","384","384","384","12.5"
"05/06/2000","388","388","388","388","62.5"
"06/06/2000","400","400","400","400","250"
"07/06/2000","399.84","399.84","399.84","399.84","125"
"08/06/2000","381.6","381.6","381.6","381.6","62.5"
"09/06/2000","381.6","381.6","381.6","381.6","625"
"12/06/2000","380","380","380","380","168.75"
"14/06/2000","380","380","380","380","287.5"
"21/06/2000","390.4","390.4","390.4","390.4","12.5"
"22/06/2000","380","380","380","380","6.25"
"26/06/2000","381.6","381.6","381.6","381.6","50"
"27/06/2000","381.6","381.6","381.6","381.6","137.5"
"28/06/2000","384","384","384","384","187.5"
"29/06/2000","400","400","400","400","1236.25"
"30/06/2000","408","408","408","408","2500"
"05/07/2000","399.2","399.2","399.2","399.2","25"
"06/07/2000","399.2","399.2","399.2","399.2","13.75"
"07/07/2000","397.6","397.6","397.6","397.6","423.75"
"10/07/2000","387.2","387.2","387.2","387.2","53.75"
"11/07/2000","371.2","371.2","371.2","371.2","6.25"
"13/07/2000","384.8","384.8","384.8","384.8","1.25"
"14/07/2000","384.8","384.8","384.8","384.8","127.5"
"18/07/2000","388","388","388","388","462.5"
"19/07/2000","388","388","388","388","585"
"20/07/2000","384","384","384","384","121.25"
"21/07/2000","376","376","376","376","52.5"
"24/07/2000","368","368","368","368","175"
"25/07/2000","369.6","369.6","369.6","369.6","1537.5"
"26/07/2000","370.4","370.4","370.4","370.4","1131.25"
"27/07/2000","378.8","378.8","378.8","378.8","756.25"
"28/07/2000","382.4","382.4","382.4","382.4","125"
"31/07/2000","388","388","388","388","750"
"01/08/2000","376","376","376","376","1250"
"02/08/2000","377.6","377.6","377.6","377.6","662.5"
"03/08/2000","377.6","377.6","377.6","377.6","625"
"07/08/2000","376.8","376.8","376.8","376.8","631.25"
"08/08/2000","378.4","378.4","378.4","378.4","323.75"
"09/08/2000","380","380","380","380","937.5"
"10/08/2000","384","384","384","384","312.5"
"11/08/2000","376","376","376","376","675"
"15/08/2000","384","384","384","384","312.5"
"16/08/2000","384","384","384","384","91.25"
"17/08/2000","391.2","391.2","391.2","391.2","125"
"18/08/2000","390.4","390.4","390.4","390.4","1750"
"23/08/2000","419.2","400","400","400","1507.5"
"24/08/2000","416","416","416","416","4092.5"
"25/08/2000","424","420","420","420","2500"
"28/08/2000","408","408","408","408","2593.75"
"29/08/2000","402.4","400","400","400","1512.5"
"30/08/2000","404","404","404","404","262.5"
"31/08/2000","404","404","404","404","12.5"
"01/09/2000","404","400","400","400","1943.75"
"04/09/2000","404","404","404","404","12.5"
"05/09/2000","407.2","407.2","407.2","407.2","62.5"
"06/09/2000","392","403.2","403.2","403.2","137.5"
"07/09/2000","399.2","397.6","397.6","397.6","437.5"
"08/09/2000","396","400.8","400.8","400.8","325"
"11/09/2000","404","404","404","404","137.5"
"12/09/2000","400","400","400","400","87.5"
"13/09/2000","400","396","396","396","281.25"
"14/09/2000","400","392","392","392","312.5"
"19/09/2000","398.4","398.4","398.4","398.4","62.5"
"20/09/2000","392","392","392","392","2450"
"21/09/2000","396","396","396","396","112.5"
"22/09/2000","388","396","396","396","125"
"25/09/2000","392","392","392","392","25"
"26/09/2000","395.2","395.2","395.2","395.2","62.5"
"29/09/2000","392","396","396","396","275"
"02/10/2000","387.28","395.16","395.16","395.16","62.5"
"03/10/2000","395.2","395.2","395.2","395.2","251.25"
"04/10/2000","387.2","385.64","385.64","385.64","1003.75"
"05/10/2000","384.84","384","384","384","263.75"
"06/10/2000","392","392","392","392","26.25"
"12/10/2000","384.16","384.16","384.16","384.16","62.5"
"13/10/2000","388","384.08","384.08","384.08","88.75"
"17/10/2000","384","384","384","384","373.75"
"18/10/2000","384","384","384","384","325"
"19/10/2000","383.2","383.2","383.2","383.2","625"
"20/10/2000","384","384","384","384","625"
"26/10/2000","382.4","382.4","382.4","382.4","300"
"27/10/2000","380","380","380","380","3125"
"30/10/2000","383.2","383.2","383.2","383.2","7.5"
"31/10/2000","383.2","383.2","383.2","383.2","367.5"
"03/11/2000","372.8","383.2","372.8","383.2","137.5"
"07/11/2000","369.6","369.6","369.6","369.6","62.5"
"08/11/2000","383.2","383.2","383.2","383.2","437.5"
"09/11/2000","383.2","383.2","383.2","383.2","250"
"10/11/2000","382.4","382.4","382.4","382.4","187.5"
"13/11/2000","379.96","379.96","379.96","379.96","125"
"14/11/2000","376","376","376","376","62.5"
"15/11/2000","376","376","376","376","250"
"17/11/2000","367.2","368","367.2","368","711.25"
"20/11/2000","352","352","352","352","12.5"
"21/11/2000","345.6","368","345.6","368","4125"
"22/11/2000","368.8","376","368.8","376","2662.5"
"23/11/2000","382.4","382.4","376","376","1287.5"
"24/11/2000","384","384","382.4","382.4","1250"
"27/11/2000","368","381.6","368","381.6","25"
"28/11/2000","376","376","376","376","87.5"
"29/11/2000","379.12","398.4","379.12","398.4","10901.25"
"30/11/2000","394.4","394.4","394.4","394.4","1937.5"
"01/12/2000","391.92","391.92","391.92","391.92","1250"
"04/12/2000","376","376","376","376","235"
"05/12/2000","368","368","368","368","250"
"06/12/2000","360","383.2","360","383.2","517.5"
"07/12/2000","364","364","364","364","2500"
"08/12/2000","352","372.8","352","372.8","2772.5"
"11/12/2000","372","372","372","372","1050"
"12/12/2000","368","368","368","368","433.75"
"13/12/2000","368.8","368.8","368.8","368.8","307.5"
"14/12/2000","372.8","372.8","372.8","372.8","2500"
"15/12/2000","372.8","372.8","372.8","372.8","750"
"19/12/2000","382.4","382.4","382.4","382.4","125"
"20/12/2000","372.8","372.8","372.8","372.8","63.75"
"21/12/2000","381.6","381.6","381.6","381.6","312.5"
"26/12/2000","372","372","368.8","368.8","1950"
"29/12/2000","372","375.12","372","375.12","3375"
"04/01/2001","364","364","364","364","62.5"
"05/01/2001","356","356","356","356","250"
"08/01/2001","364","364","364","364","937.5"
"09/01/2001","356","356","356","356","186.25"
"10/01/2001","356","356","356","356","51.25"
"12/01/2001","364","364","364","364","2458.75"
"15/01/2001","360","360","360","360","137.5"
"16/01/2001","356","364","356","364","301.25"
"17/01/2001","360","372.8","360","372.8","712.5"
"19/01/2001","354.4","354.4","351.2","351.2","831.25"
"22/01/2001","334.4","344","334.4","344","2475"
"23/01/2001","355.2","355.2","355.2","355.2","625"
"24/01/2001","360","360.8","360","360.8","2822.5"
"26/01/2001","363.2","363.2","363.2","363.2","1123.75"
"29/01/2001","370.4","370.4","370.4","370.4","126.25"
"30/01/2001","380","380","377.6","377.6","1068.75"
"01/02/2001","376","376","376","376","158.75"
"02/02/2001","376","376","376","376","875"
"05/02/2001","383.6","383.6","383.6","383.6","62.5"
"06/02/2001","376","376","376","376","1493.75"
"08/02/2001","368.88","368.88","368.88","368.88","1500"
"13/02/2001","368","368","368","368","50"
"14/02/2001","376","376","376","376","437.5"
"15/02/2001","384","384","384","384","250"
"16/02/2001","384","384","384","384","62.5"
"19/02/2001","390.4","390.4","390.4","390.4","1275"
"20/02/2001","380","380","380","380","250"
"21/02/2001","376","376","376","376","137.5"
"22/02/2001","376.8","384","376.8","384","1146.25"
"23/02/2001","384.8","384.8","384.8","384.8","375"
"26/02/2001","385.6","392.8","385.6","392.8","625"
"27/02/2001","400","404.8","400","404.8","3838.75"
"01/03/2001","407.2","407.2","407.2","407.2","25"
"02/03/2001","404.8","404.8","404.8","404.8","281.25"
"05/03/2001","400","400","400","400","500"
"08/03/2001","400.8","400.8","400.8","400.8","312.5"
"09/03/2001","400","400","400","400","50"
"12/03/2001","394.4","394.4","394.4","394.4","1.25"
"13/03/2001","396","396","396","396","1250"
"15/03/2001","396.8","400","396.8","400","2500"
"16/03/2001","394.4","394.4","394.4","394.4","1687.5"
"19/03/2001","394","394","394","394","260"
"20/03/2001","388","388","388","388","187.5"
"22/03/2001","389.6","389.6","389.6","389.6","125"
"26/03/2001","391.2","391.24","391.2","391.24","1351.25"
"28/03/2001","393.6","393.6","393.6","393.6","1030"
"30/03/2001","393.6","393.6","393.6","393.6","125"
"02/04/2001","391.2","391.2","391.2","391.2","41.25"
"03/04/2001","388","388","388","388","350"
"04/04/2001","392","392","388","388","128.75"
"05/04/2001","388.04","388.04","388.04","388.04","125"
"06/04/2001","388.24","388.24","388.24","388.24","67.5"
"09/04/2001","384.8","384.8","384.8","384.8","125"
"11/04/2001","384.84","384.84","384.84","384.84","125"
"12/04/2001","384","384","384","384","175"
"13/04/2001","388","388","388","388","25"
"16/04/2001","392","392","392","392","127.5"
"17/04/2001","390.4","390.4","388","388","2500"
"18/04/2001","384","384","376.16","376.16","420"
"19/04/2001","376","376","368","368","68.75"
"24/04/2001","368","368","368","368","1593.75"
"25/04/2001","360.8","360.8","360.8","360.8","62.5"
"26/04/2001","356","356","356","356","700"
"27/04/2001","356","360","356","360","463.75"
"30/04/2001","367.12","367.2","367.12","367.2","312.5"
"02/05/2001","367.2","367.2","367.2","367.2","250"
"03/05/2001","364.08","368","364.08","368","462.5"
"04/05/2001","368.8","368.8","368","368","1305"
"07/05/2001","368","368","368","368","62.5"
"09/05/2001","368","368","368","368","2125"
"10/05/2001","368","368","368","368","158.75"
"14/05/2001","368","368","368","368","3750"
"17/05/2001","368","368","368","368","187.5"
"18/05/2001","368.56","368.56","368.56","368.56","250"
"21/05/2001","368.56","368.56","368.56","368.56","295"
"22/05/2001","368.4","368.4","368","368","2422.5"
"23/05/2001","368.8","368.8","368.8","368.8","137.5"
"24/05/2001","368","368.08","368","368.08","3641.25"
"29/05/2001","368.8","368.8","368.8","368.8","62.5"
"30/05/2001","368.8","368.8","368","368","4812.5"
"31/05/2001","368","368","368","368","3000"
"01/06/2001","371.2","371.2","371.2","371.2","1297.5"
"04/06/2001","372","372","372","372","2562.5"
"07/06/2001","369.6","369.6","369.6","369.6","361.25"
"08/06/2001","369.6","369.6","369.6","369.6","291.25"
"11/06/2001","368","368","368","368","775"
"12/06/2001","368","368","368","368","4895"
"13/06/2001","368","368","368","368","401.25"
"15/06/2001","356.8","356.8","356.8","356.8","101.25"
"19/06/2001","369.6","376","369.6","376","5185"
"20/06/2001","376","376","376","376","2200"
"21/06/2001","376","376","376","376","1000"
"22/06/2001","376","376","376","376","687.5"
"25/06/2001","376","376","376","376","96.25"
"26/06/2001","376","376","376","376","896.25"
"28/06/2001","376","376","376","376","250"
"29/06/2001","376","376","368","368","4128.75"
"03/07/2001","368","368","368","368","125"
"05/07/2001","352.8","352.8","352.8","352.8","2.5"
"06/07/2001","353.6","353.6","353.6","353.6","911.25"
"09/07/2001","364","364","364","364","125"
"10/07/2001","352","368","352","368","2176.25"
"11/07/2001","376","376","376","376","37.5"
"12/07/2001","368","368","368","368","662.5"
"16/07/2001","368","368","368","368","1750"
"17/07/2001","368","368","368","368","2678.75"
"18/07/2001","368","368","368","368","125"
"23/07/2001","368","368","368","368","250"
"24/07/2001","368","368","368","368","125"
"25/07/2001","368","368","368","368","90"
"26/07/2001","368","368","368","368","637.5"
"27/07/2001","368","368","368","368","2250"
"31/07/2001","368","368","368","368","215"
"01/08/2001","368","368","368","368","1887.5"
"02/08/2001","368","368","368","368","31.25"
"03/08/2001","368","368","368","368","2673.75"
"06/08/2001","368","384","368","384","133.75"
"07/08/2001","384","384","384","384","87.5"
"08/08/2001","384","384","372.8","372.8","505"
"09/08/2001","374.44","374.44","374.44","374.44","100"
"13/08/2001","372","372","372","372","1508.75"
"15/08/2001","372","372","372","372","143.75"
"16/08/2001","372","372","372","372","2686.25"
"17/08/2001","372","372","372","372","125"
"22/08/2001","368","368","368","368","3875"
"23/08/2001","368","368.84","368","368.84","388.75"
"24/08/2001","368.84","368.84","368.84","368.84","12.5"
"27/08/2001","370.4","370.4","370.4","370.4","12.5"
"28/08/2001","368.8","368.8","368.8","368.8","296.25"
"30/08/2001","372","372","372","372","500"
"04/09/2001","376","376","374.4","374.4","326.25"
"05/09/2001","376","376","376","376","62.5"
"07/09/2001","396","396","396","396","8.75"
"11/09/2001","380","380.8","380","380.8","1287.5"
"12/09/2001","377.6","378.4","377.6","378.4","30"
"13/09/2001","377.6","377.6","377.6","377.6","737.5"
"17/09/2001","368.8","368.8","368.8","368.8","25"
"18/09/2001","368","368","368","368","5943.75"
"19/09/2001","376","376","376","376","27.5"
"20/09/2001","372.8","372.8","372.8","372.8","16.25"
"21/09/2001","372","372","372","372","562.5"
"24/09/2001","372","372","372","372","62.5"
"26/09/2001","372","372","372","372","1375"
"27/09/2001","372","372","372","372","625"
"28/09/2001","369.6","369.6","369.6","369.6","250"
"01/10/2001","369.6","369.6","369.6","369.6","500"
"04/10/2001","368.8","369.6","368.8","369.6","837.5"
"05/10/2001","369.6","369.6","369.6","369.6","3728.75"
"08/10/2001","368.8","368.8","368.8","368.8","625"
"11/10/2001","372","372","372","372","625"
"12/10/2001","372.04","372.04","372.04","372.04","625"
"15/10/2001","372.04","372.04","372.04","372.04","47.5"
"16/10/2001","368.8","368.8","368.8","368.8","500"
"18/10/2001","376","376","376","376","5000"
"19/10/2001","368","368.08","368","368.08","812.5"
"22/10/2001","368","368","368","368","2500"
"23/10/2001","368","368.04","368","368.04","875"
"24/10/2001","368","368","368","368","1687.5"
"25/10/2001","368.04","368.04","368","368","1595"
"26/10/2001","368","368","368","368","1256.25"
"29/10/2001","368.8","376","368.8","376","358.75"
"30/10/2001","368.04","368.04","368","368","3655"
"02/11/2001","364","368","364","368","8325"
"08/11/2001","358.4","358.4","358.4","358.4","812.5"
"09/11/2001","368","368","368","368","798.75"
"14/11/2001","368","368","368","368","625"
"16/11/2001","368","368","368","368","77.5"
"19/11/2001","368","368","368","368","356.25"
"22/11/2001","368","368","368","368","540"
"26/11/2001","369.64","369.64","369.64","369.64","20"
"28/11/2001","369.64","369.64","369.64","369.64","5790"
"30/11/2001","372","372","372","372","62.5"
"04/12/2001","369.76","372.04","369.76","372.04","135"
"05/12/2001","369.76","369.76","369.76","369.76","12.5"
"06/12/2001","369.76","369.76","369.76","369.76","687.5"
"07/12/2001","369.84","369.84","369.84","369.84","126.25"
"11/12/2001","369.84","371.24","369.84","371.24","587.5"
"12/12/2001","371.2","371.2","371.2","371.2","125"
"13/12/2001","376","376","376","376","3951.25"
"20/12/2001","372.08","372.08","372.08","372.08","1131.25"
"21/12/2001","371.2","371.2","371.2","371.2","1250"
"25/12/2001","376","376","376","376","3738.75"
"26/12/2001","380","380","380","380","625"
"27/12/2001","379.2","380","379.2","380","837.5"
"28/12/2001","380","380","380","380","1171.25"
"31/12/2001","383.2","383.2","383.2","383.2","7390"
"10/01/2002","381.56","381.56","381.56","381.56","43.75"
"15/01/2002","372.8","372.8","372.8","372.8","375"
"16/01/2002","372.8","372.8","372.8","372.8","400"
"17/01/2002","372.8","372.8","372.8","372.8","15"
"18/01/2002","376","376","376","376","700"
"21/01/2002","376","376","376","376","642.5"
"22/01/2002","369.84","369.84","369.84","369.84","612.5"
"23/01/2002","369.84","369.84","369.84","369.84","150"
"24/01/2002","368","369.84","368","369.84","662.5"
"31/01/2002","371.2","371.2","371.2","371.2","62.5"
"01/02/2002","371.24","372","371.24","372","1325"
"05/02/2002","372.16","372.8","372.16","372.8","1625"
"06/02/2002","372.8","372.88","372.8","372.88","4375"
"07/02/2002","371.2","372.8","371.2","372.8","825"
"08/02/2002","372.8","372.8","372.8","372.8","775"
"11/02/2002","372.8","372.8","372.8","372.8","118.75"
"12/02/2002","372.8","372.8","372.8","372.8","125"
"13/02/2002","372.8","372.88","372.8","372.88","1660"
"14/02/2002","372.84","372.88","372.84","372.88","1375"
"19/02/2002","371.24","371.24","360.8","360.8","447.5"
"20/02/2002","366.4","366.4","366.4","366.4","250"
"21/02/2002","367.2","367.2","367.2","367.2","75"
"22/02/2002","366.4","366.4","366.4","366.4","100"
"27/02/2002","370.4","370.4","370.4","370.4","13.75"
"28/02/2002","376","376","376","376","1093.75"
"04/03/2002","380","380","380","380","937.5"
"05/03/2002","380","380","380","380","456.25"
"06/03/2002","380","380","380","380","187.5"
"07/03/2002","380","380","380","380","1900"
"08/03/2002","380","380","380","380","1182.5"
"11/03/2002","383.2","383.2","383.2","383.2","62.5"
"12/03/2002","380","380","380","380","762.5"
"13/03/2002","380.8","380.8","380.8","380.8","66.25"
"15/03/2002","380","380","380","380","125"
"18/03/2002","380","380","380","380","2520"
"22/03/2002","380.8","380.8","380.8","380.8","283.75"
"26/03/2002","380.08","381.68","380.08","381.68","500"
"28/03/2002","382.4","382.4","382.4","382.4","498.75"
"29/03/2002","382.4","382.4","382.4","382.4","62.5"
"01/04/2002","382.44","382.44","382.44","382.44","108.75"
"02/04/2002","382.4","382.4","382.4","382.4","518.75"
"03/04/2002","383.2","383.2","383.2","383.2","1.25"
"05/04/2002","383.2","383.24","383.2","383.24","1263.75"
"08/04/2002","384","384","382.4","382.4","151.25"
"09/04/2002","384","384","384","384","312.5"
"10/04/2002","384","384","384","384","100"
"11/04/2002","388","388","388","388","25"
"12/04/2002","392","392","392","392","375"
"15/04/2002","392","392","392","392","375"
"17/04/2002","400","400","400","400","1176.25"
"18/04/2002","400","400","400","400","3125"
"22/04/2002","400","400","400","400","2058.75"
"23/04/2002","401.6","401.6","401.6","401.6","4062.5"
"24/04/2002","401.6","401.6","400","400","1212.5"
"26/04/2002","402.4","402.4","402.4","402.4","180"
"29/04/2002","402.4","402.4","402.4","402.4","1992.5"
"30/04/2002","408","408","408","408","5487.5"
"02/05/2002","408","408","408","408","875"
"03/05/2002","400","400","400","400","376.25"
"06/05/2002","400","400","400","400","62.5"
"07/05/2002","400","400","400","400","2190"
"10/05/2002","400","400","381.6","381.6","962.5"
"14/05/2002","384.8","384.8","384.8","384.8","4525"
"15/05/2002","384","384","384","384","6.25"
"16/05/2002","384","384","384","384","1493.75"
"17/05/2002","385.6","385.6","385.6","385.6","2500"
"20/05/2002","385.6","385.6","385.6","385.6","975"
"21/05/2002","384","384","384","384","1500"
"22/05/2002","388","388","384","384","437.5"
"23/05/2002","388","388","384","384","283.75"
"24/05/2002","384.04","384.8","384.04","384.8","350"
"27/05/2002","384","384","384","384","153.75"
"28/05/2002","384","384","384","384","150"
"29/05/2002","384","384","384","384","3065"
"30/05/2002","384.04","384.04","384.04","384.04","87.5"
"31/05/2002","386","386","386","386","1062.5"
"06/06/2002","388.04","388.04","388.04","388.04","125"
"10/06/2002","388","388.04","388","388.04","625"
"11/06/2002","386.4","386.4","386.4","386.4","687.5"
"12/06/2002","386.4","386.4","386.4","386.4","25"
"13/06/2002","384","384.88","384","384.88","1256.25"
"14/06/2002","384.88","392","384.88","392","1656.25"
"17/06/2002","392","392","392","392","8.75"
"18/06/2002","372.8","372.8","372.8","372.8","250"
"21/06/2002","373.04","373.04","373.04","373.04","637.5"
"24/06/2002","373.6","373.6","373.6","373.6","1250"
"25/06/2002","374.4","374.4","374.4","374.4","125"
"26/06/2002","374.48","374.48","374.48","374.48","12.5"
"28/06/2002","374.48","374.48","374.48","374.48","262.5"
"02/07/2002","376.04","376.04","376.04","376.04","2115"
"03/07/2002","377.68","377.76","377.68","377.76","2725"
"05/07/2002","377.6","377.6","377.6","377.6","1250"
"08/07/2002","372","372","372","372","16.25"
"09/07/2002","373.6","373.6","373.6","373.6","1593.75"
"12/07/2002","373.6","373.6","373.6","373.6","2143.75"
"15/07/2002","373.6","373.6","373.6","373.6","212.5"
"16/07/2002","372.8","372.8","372.8","372.8","3508.75"
"17/07/2002","372","380","372","380","565"
"18/07/2002","372","380","372","380","232.5"
"19/07/2002","372","380","372","380","267.5"
"22/07/2002","372.08","372.08","372.08","372.08","12.5"
"23/07/2002","376","376","376","376","125"
"24/07/2002","379.84","379.84","379.84","379.84","436.25"
"25/07/2002","380","380","380","380","32.5"
"26/07/2002","380","380","380","380","123.75"
"29/07/2002","380","380","380","380","253.75"
"05/08/2002","380.8","380.8","380.8","380.8","2500"
"06/08/2002","380","380","380","380","1250"
"07/08/2002","384","384","384","384","375"
"08/08/2002","380","380","380","380","128.75"
"13/08/2002","380","380","380","380","1250"
"22/08/2002","380","380","380","380","22.5"
"23/08/2002","381.6","381.6","381.6","381.6","1625"
"28/08/2002","384","384","384","384","1875"
"30/08/2002","384.8","384.8","384.8","384.8","16.25"
"02/09/2002","400","400","400","400","153.75"
"03/09/2002","392","392","392","392","1552.5"
"05/09/2002","380.04","380.04","380.04","380.04","100"
"09/09/2002","376","376","372","372","225"
"10/09/2002","384.08","384.08","384.08","384.08","492.5"
"13/09/2002","392","392","392","392","3380"
"17/09/2002","380","380","380","380","75"
"18/09/2002","382.4","382.4","382.4","382.4","437.5"
"19/09/2002","378.4","378.4","378.4","378.4","62.5"
"20/09/2002","391.12","392","391.12","392","202.5"
"23/09/2002","376.8","376.8","376.8","376.8","33.75"
"24/09/2002","382.4","382.4","380.04","380.04","750"
"25/09/2002","380","380","380","380","375"
"27/09/2002","380","392","380","392","87.5"
"01/10/2002","380.8","380.8","380.8","380.8","62.5"
"03/10/2002","377.6","377.6","377.6","377.6","187.5"
"04/10/2002","381.64","381.64","381.64","381.64","150"
"07/10/2002","392","392","390.4","390.4","1200"
"08/10/2002","393.6","396","393.6","396","10143.75"
"14/10/2002","392","392","392","392","3970"
"15/10/2002","384.04","384.04","384.04","384.04","82.5"
"16/10/2002","384","384","384","384","6.25"
"17/10/2002","392","392","392","392","3625"
"21/10/2002","392","392","392","392","3875"
"23/10/2002","392","392","392","392","12.5"
"24/10/2002","392","392","392","392","1925"
"29/10/2002","385.6","385.6","385.6","385.6","125"
"01/11/2002","388.8","388.8","388.8","388.8","530"
"05/11/2002","388.8","388.8","388.8","388.8","526.25"
"07/11/2002","388.8","388.8","388.8","388.8","123.75"
"08/11/2002","388.8","388.8","388.8","388.8","25"
"11/11/2002","392","392","392","392","1312.5"
"13/11/2002","392","392","392","392","562.5"
"14/11/2002","392","392","392","392","12.5"
"15/11/2002","388.8","388.8","388.8","388.8","90"
"20/11/2002","384","384","384","384","155"
"21/11/2002","392","392","392","392","2500"
"22/11/2002","392","392","392","392","542.5"
"25/11/2002","396","396","396","396","1360"
"27/11/2002","396","396","396","396","37.5"
"28/11/2002","392","392.16","392","392.16","293.75"
"29/11/2002","396","396","396","396","2875"
"02/12/2002","396","396","396","396","2125"
"04/12/2002","393.6","393.6","393.6","393.6","2.5"
"05/12/2002","396","396","396","396","62.5"
"09/12/2002","396","396","396","396","3000"
"11/12/2002","396.08","396.08","396.08","396.08","187.5"
"13/12/2002","396.08","396.08","396.08","396.08","37.5"
"16/12/2002","396","396","396","396","1880"
"17/12/2002","396.16","396.8","396.16","396.8","625"
"19/12/2002","397.6","397.6","397.6","397.6","608.75"
"20/12/2002","398.48","398.48","398.48","398.48","1362.5"
"24/12/2002","380.8","398.48","380.8","398.48","70"
"25/12/2002","398.4","398.48","398.4","398.48","693.75"
"26/12/2002","398.4","399.2","398.4","399.2","115"
"27/12/2002","398.4","398.4","398.4","398.4","253.75"
"30/12/2002","399.2","399.2","399.2","399.2","18.75"
"31/12/2002","397.6","397.6","397.6","397.6","2133.75"
"06/01/2003","398.44","398.44","398.44","398.44","1112.5"
"07/01/2003","388","388","388","388","500"
"10/01/2003","388","388","388","388","75"
"16/01/2003","396","396","396","396","132.5"
"21/01/2003","393.6","393.6","393.6","393.6","688.75"
"23/01/2003","392.8","392.8","392.8","392.8","12.5"
"24/01/2003","392","392","392","392","312.5"
"27/01/2003","392.84","392.84","392.84","392.84","125"
"04/02/2003","393.6","393.6","393.6","393.6","875"
"14/02/2003","393.6","393.6","393.6","393.6","196.25"
"17/02/2003","393.6","396","393.6","396","2562.5"
"18/02/2003","396","396","396","396","1250"
"19/02/2003","400","400","400","400","1908.75"
"21/02/2003","402.4","402.4","402.4","402.4","1750"
"25/02/2003","408.8","408.8","408.8","408.8","2500"
"26/02/2003","410.4","411.2","410.4","411.2","918.75"
"27/02/2003","412","412","412","412","250"
"03/03/2003","412.8","412.8","412.8","412.8","375"
"04/03/2003","408.8","408.8","408.8","408.8","12.5"
"06/03/2003","409.6","409.6","409.6","409.6","337.5"
"07/03/2003","408","408","408","408","112.5"
"12/03/2003","408","408","408","408","1137.5"
"13/03/2003","408.8","408.8","408.8","408.8","363.75"
"14/03/2003","400.8","408.8","400.8","408.8","503.75"
"18/03/2003","412","412","412","412","1440"
"19/03/2003","404","404","404","404","12.5"
"20/03/2003","410.4","410.4","410.4","410.4","3771.25"
"21/03/2003","410.4","410.4","410.4","410.4","17.5"
"24/03/2003","404","404","404","404","237.5"
"26/03/2003","404.8","404.8","404.8","404.8","37.5"
"28/03/2003","412","412","412","412","6.25"
"01/04/2003","404.8","404.8","404.8","404.8","6.25"
"02/04/2003","406.4","406.4","406.4","406.4","250"
"03/04/2003","406.4","424","406.4","424","298.75"
"04/04/2003","407.2","407.2","407.2","407.2","125"
"15/04/2003","412","412","412","412","635"
"16/04/2003","412","412","412","412","18.75"
"17/04/2003","412","412","412","412","3531.25"
"18/04/2003","420","420","420","420","18.75"
"22/04/2003","420","420","420","420","12.5"
"24/04/2003","420","420","420","420","100"
"29/04/2003","413.6","413.6","413.6","413.6","1250"
"02/05/2003","412","412","412","412","250"
"05/05/2003","412","412","412","412","678.75"
"07/05/2003","411.2","411.2","411.2","411.2","500"
"08/05/2003","412.8","412.8","412.8","412.8","625"
"09/05/2003","412.8","412.8","412.8","412.8","4702.5"
"13/05/2003","412.8","412.8","412.8","412.8","375"
"16/05/2003","408","408","408","408","375"
"20/05/2003","408.8","408.8","408.8","408.8","625"
"21/05/2003","412.8","412.8","412.8","412.8","128.75"
"22/05/2003","416","416","416","416","3000"
"26/05/2003","408.8","408.8","408.8","408.8","25"
"27/05/2003","416","416","416","416","375"
"29/05/2003","416","416","416","416","43.75"
"02/06/2003","420","420","420","420","12.5"
"03/06/2003","444.8","444.8","444.8","444.8","62.5"
"05/06/2003","424","424","424","424","7.5"
"06/06/2003","424","432","424","432","1518.75"
"09/06/2003","448","448","448","448","508.75"
"12/06/2003","436","436","436","436","300"
"13/06/2003","436","436","436","436","43.75"
"16/06/2003","436","436","436","436","387.5"
"19/06/2003","440","440","440","440","250"
"24/06/2003","448","448","448","448","1501.25"
"25/06/2003","448","448","440","440","268.75"
"26/06/2003","440","440","440","440","8.75"
"03/07/2003","417.6","417.6","416","416","653.75"
"04/07/2003","416","416","416","416","698.75"
"07/07/2003","420","420","420","420","2875"
"08/07/2003","420","420","420","420","2325"
"10/07/2003","420","420","420","420","2900"
"11/07/2003","420","420","420","420","187.5"
"14/07/2003","420","420","420","420","200"
"15/07/2003","420","420","420","420","125"
"16/07/2003","420","420","420","420","3250"
"17/07/2003","420","420","420","420","1.25"
"23/07/2003","415.2","415.2","415.2","415.2","156.25"
"25/07/2003","416","418.4","416","418.4","150"
"01/08/2003","420","420","420","420","4012.5"
"04/08/2003","420","420","420","420","137.5"
"05/08/2003","420","420.8","420","420.8","1253.75"
"15/08/2003","420.8","420.8","420.8","420.8","765"
"25/08/2003","424","424","424","424","125"
"26/08/2003","424","424","424","424","18.75"
"27/08/2003","436.8","444.8","436.8","444.8","2367.5"
"28/08/2003","453.6","453.6","453.6","453.6","1840"
"29/08/2003","457.6","457.6","457.6","457.6","403.75"
"02/09/2003","457.6","457.6","457.6","457.6","87.5"
"03/09/2003","464","464","464","464","695"
"04/09/2003","460.8","460.8","460.8","460.8","187.5"
"05/09/2003","464","464","464","464","12.5"
"08/09/2003","464","464","464","464","337.5"
"10/09/2003","460.8","460.8","460.8","460.8","62.5"
"12/09/2003","459.2","459.2","459.2","459.2","262.5"
"16/09/2003","456","456","448","448","800"
"18/09/2003","451.2","451.2","451.2","451.2","37.5"
"19/09/2003","452","452","452","452","312.5"
"23/09/2003","444","444","444","444","88.75"
"24/09/2003","441.6","441.6","441.6","441.6","687.5"
"26/09/2003","443.2","443.2","443.2","443.2","112.5"
"30/09/2003","443.2","443.2","443.2","443.2","25"
"02/10/2003","424","440","424","440","4400"
"03/10/2003","443.2","443.2","443.2","443.2","13.75"
"07/10/2003","438.4","438.4","438.4","438.4","155"
"08/10/2003","440","440","440","440","958.75"
"16/10/2003","452","460","452","460","19550"
"20/10/2003","458.4","458.4","458.4","458.4","87.5"
"22/10/2003","458.4","458.4","458.4","458.4","4837.5"
"24/10/2003","458.4","458.4","458.4","458.4","1250"
"27/10/2003","458.4","458.4","458.4","458.4","31.25"
"30/10/2003","458.4","458.4","458.4","458.4","138.75"
"31/10/2003","456","456","456","456","12.5"
"03/11/2003","456","456","456","456","346.25"
"04/11/2003","456.8","456.8","456.8","456.8","400"
"05/11/2003","464","464","464","464","86.25"
"07/11/2003","463.2","463.2","463.2","463.2","61.25"
"12/11/2003","465.6","465.6","465.6","465.6","851.25"
"13/11/2003","468","468","468","468","12.5"
"14/11/2003","468","468","468","468","93.75"
"19/11/2003","465.6","465.6","465.6","465.6","2500"
"20/11/2003","465.6","465.6","464.8","464.8","1467.5"
"21/11/2003","468","468","468","468","150"
"24/11/2003","468","468","468","468","18.75"
"25/11/2003","468","468","468","468","428.75"
"01/12/2003","468.8","468.8","468.8","468.8","150"
"04/12/2003","469.6","471.2","469.6","471.2","987.5"
"05/12/2003","472","472","472","472","940"
"08/12/2003","476","476","476","476","1493.75"
"10/12/2003","480","480.8","480","480.8","3250"
"11/12/2003","480.8","480.8","480.8","480.8","2500"
"12/12/2003","488","492","488","492","2786.25"
"15/12/2003","500","500","500","500","4435"
"16/12/2003","500","500","500","500","36612.5"
"17/12/2003","500","500","500","500","541.25"
"18/12/2003","500","500","500","500","262.5"
"19/12/2003","498.4","498.4","498.4","498.4","2241.25"
"23/12/2003","476","500","476","500","955"
"25/12/2003","480.8","480.8","480.8","480.8","125"
"26/12/2003","488.8","488.8","488","488","43.75"
"29/12/2003","500","500","500","500","737.5"
"30/12/2003","500","500","500","500","600"
"31/12/2003","494.4","494.4","494.4","494.4","1581.25"
"07/01/2004","494.4","494.4","494.4","494.4","737.5"
"08/01/2004","494.4","494.4","494.4","494.4","1110"
"14/01/2004","500","500","500","500","625"
"15/01/2004","500.8","500.8","500.8","500.8","12.5"
"16/01/2004","500","500","500","500","180"
"19/01/2004","500.8","500.8","500.8","500.8","137.5"
"20/01/2004","500.8","504","500.8","504","156.25"
"21/01/2004","504","504","504","504","56.25"
"22/01/2004","508","508","508","508","475"
"23/01/2004","508.8","508.8","508.8","508.8","62.5"
"27/01/2004","520","520","520","520","652.5"
"28/01/2004","519.2","521.6","519.2","521.6","1525"
"29/01/2004","508.8","508.8","508.8","508.8","31.25"
"30/01/2004","532","532","532","532","1250"
"03/02/2004","532","532","532","532","2625"
"05/02/2004","532","544","532","544","2666.25"
"06/02/2004","520","520","520","520","291.25"
"09/02/2004","508","508","508","508","37.5"
"11/02/2004","520.8","520.8","520","520","3898.75"
"12/02/2004","516","520","516","520","4938.75"
"13/02/2004","520","520","520","520","1250"
"17/02/2004","520.8","520.8","520.8","520.8","21.25"
"18/02/2004","520.8","521.6","520.8","521.6","132.5"
"19/02/2004","528","528","528","528","586.25"
"20/02/2004","539.2","539.2","539.2","539.2","125"
"24/02/2004","536","536","532","532","2500"
"26/02/2004","533.6","533.6","533.6","533.6","12.5"
"03/03/2004","536","536","536","536","595"
"04/03/2004","540","544","540","544","1620"
"08/03/2004","552","552","552","552","3750"
"09/03/2004","560","576","560","576","6150"
"10/03/2004","576","576","576","576","146.25"
"11/03/2004","575.2","575.2","575.2","575.2","262.5"
"12/03/2004","577.6","577.6","577.6","577.6","1458.75"
"16/03/2004","576","580","576","580","518.75"
"18/03/2004","560","560","560","560","62.5"
"19/03/2004","574.4","575.2","574.4","575.2","576.25"
"22/03/2004","575.2","575.2","575.2","575.2","312.5"
"25/03/2004","560","560","560","560","912.5"
"26/03/2004","560","560","560","560","1250"
"31/03/2004","560","560","560","560","1626.25"
"01/04/2004","564","564","560","560","7050"
"02/04/2004","560","560","544","544","3702.5"
"05/04/2004","544","544","544","544","26.25"
"06/04/2004","520","520","520","520","43.75"
"07/04/2004","520","520","520","520","31.25"
"08/04/2004","552","556","552","556","671.25"
"09/04/2004","556","556","556","556","1125"
"12/04/2004","556.8","556.8","556.8","556.8","625"
"13/04/2004","563.2","563.2","563.2","563.2","1210"
"14/04/2004","560","560","560","560","18.75"
"20/04/2004","532","558.4","532","558.4","16632.5"
"22/04/2004","560","560","560","560","470"
"23/04/2004","559.2","559.2","559.2","559.2","150"
"26/04/2004","557.6","557.6","557.6","557.6","156.25"
"27/04/2004","560","560","560","560","18.75"
"30/04/2004","558.4","558.4","557.6","557.6","2518.75"
"04/05/2004","552","552","552","552","137.5"
"05/05/2004","542.4","542.4","542.4","542.4","606.25"
"06/05/2004","542.4","542.4","540","540","481.25"
"07/05/2004","539.2","539.2","536","536","100"
"10/05/2004","533.6","533.6","533.6","533.6","5"
"11/05/2004","529.6","532","529.6","532","392.5"
"12/05/2004","532.8","532.8","532.8","532.8","481.25"
"14/05/2004","532","532","528","528","381.25"
"17/05/2004","528","528","520","520","737.5"
"18/05/2004","519.2","519.2","516","516","3556.25"
"19/05/2004","512.8","520","512.8","520","5025"
"20/05/2004","520","520","520","520","3375"
"21/05/2004","522.4","524.8","522.4","524.8","637.5"
"24/05/2004","532.8","532.8","532.8","532.8","1747.5"
"25/05/2004","540","540.8","540","540.8","931.25"
"26/05/2004","552","552","552","552","862.5"
"27/05/2004","552","560","552","560","5307.5"
"28/05/2004","560","560","560","560","250"
"01/06/2004","568","568","568","568","3500"
"02/06/2004","568","568","568","568","2587.5"
"03/06/2004","576","576","576","576","12500"
"04/06/2004","572","576","572","576","357.5"
"07/06/2004","580","580","580","580","31.25"
"09/06/2004","580","580","580","580","1656.25"
"11/06/2004","580","580","580","580","175"
"15/06/2004","564","564","564","564","73.75"
"17/06/2004","576","576","576","576","1906.25"
"18/06/2004","576","576","576","576","50"
"21/06/2004","575.2","575.2","575.2","575.2","12.5"
"22/06/2004","576","576","576","576","4450"
"23/06/2004","576","576","576","576","62.5"
"24/06/2004","576.8","576.8","576.8","576.8","231.25"
"25/06/2004","576.8","576.8","576.8","576.8","125"
"28/06/2004","560","560.8","560","560.8","211.25"
"29/06/2004","572","572","560","560","1365"
"02/07/2004","544","544","544","544","683.75"
"05/07/2004","533.6","533.6","533.6","533.6","1.25"
"06/07/2004","529.6","529.6","529.6","529.6","123.75"
"09/07/2004","520","520","520","520","361.25"
"12/07/2004","520","520","520","520","375"
"13/07/2004","528","528","528","528","150"
"14/07/2004","528","528","528","528","625"
"15/07/2004","530.4","530.4","530.4","530.4","662.5"
"16/07/2004","544","544","544","544","275"
"19/07/2004","559.2","559.2","559.2","559.2","15"
"23/07/2004","559.2","559.2","559.2","559.2","1250"
"27/07/2004","536.8","536.8","536.8","536.8","52.5"
"29/07/2004","540","540","540","540","242.5"
"02/08/2004","557.6","557.6","557.6","557.6","31.25"
"03/08/2004","540","548","540","548","542.5"
"04/08/2004","540","540","540","540","37.5"
"06/08/2004","541.6","541.6","541.6","541.6","187.5"
"10/08/2004","548","548","548","548","262.5"
"11/08/2004","541.6","544","541.6","544","332.5"
"12/08/2004","544","544","544","544","31.25"
"16/08/2004","544","544","544","544","25"
"19/08/2004","552","560","552","560","7346.25"
"25/08/2004","556","556","556","556","687.5"
"27/08/2004","560","560","560","560","237.5"
"31/08/2004","560","560","560","560","308.75"
"02/09/2004","560.8","560.8","560.8","560.8","772.5"
"08/09/2004","561.6","571.2","561.6","571.2","1200"
"10/09/2004","569.6","571.2","569.6","571.2","760"
"13/09/2004","572","572","572","572","12.5"
"14/09/2004","568","571.2","568","571.2","548.75"
"17/09/2004","571.2","571.2","571.2","571.2","790"
"21/09/2004","571.2","572","571.2","572","266.25"
"22/09/2004","572","572","572","572","13.75"
"24/09/2004","560.8","560.8","560.8","560.8","125"
"27/09/2004","561.6","561.6","561.6","561.6","125"
"28/09/2004","560.8","561.6","560.8","561.6","1687.5"
"04/10/2004","560","560","560","560","375"
"08/10/2004","560","560","560","560","402.5"
"12/10/2004","560","560","560","560","32.5"
"15/10/2004","528","528","528","528","705"
"19/10/2004","540","540","540","540","117.5"
"20/10/2004","540","540","540","540","12.5"
"21/10/2004","540","540","540","540","6250"
"22/10/2004","524","524","524","524","8762.5"
"26/10/2004","520","520","520","520","133.75"
"28/10/2004","520","520","520","520","8442.5"
"29/10/2004","520","520","520","520","6875"
"01/11/2004","520","528","520","528","337.5"
"03/11/2004","528","532.8","528","532.8","3500"
"04/11/2004","533.6","533.6","533.6","533.6","311.25"
"10/11/2004","520","520","520","520","38.75"
"12/11/2004","492.8","516","492.8","516","1725"
"16/11/2004","516","516","516","516","93.75"
"19/11/2004","542.4","542.4","542.4","542.4","40"
"23/11/2004","510.4","510.4","510.4","510.4","5"
"25/11/2004","512","512","512","512","250"
"29/11/2004","512","512","512","512","3750"
"30/11/2004","516","516","516","516","3036.25"
"01/12/2004","508","512.8","508","512.8","2518.75"
"03/12/2004","520","520","520","520","1062.5"
"07/12/2004","516.8","516.8","516.8","516.8","1250"
"08/12/2004","528.8","528.8","528","528","362.5"
"10/12/2004","544","544","544","544","220"
"14/12/2004","548","548","548","548","1113.75"
"16/12/2004","528","528","528","528","125"
"17/12/2004","552","552","537.6","537.6","2241.25"
"21/12/2004","536","537.6","536","537.6","937.5"
"22/12/2004","548","548","548","548","12.5"
"23/12/2004","548","548","548","548","150"
"24/12/2004","556.8","560","556.8","560","1105"
"27/12/2004","580.8","580.8","576","576","1348.75"
"28/12/2004","580","580","580","580","1661.25"
"29/12/2004","580","580","580","580","3378.75"
"30/12/2004","576","576","576","576","6967.5"
"31/12/2004","584","584","576","576","4151.25"
"04/01/2005","576","576","576","576","1250"
"05/01/2005","576","576","576","576","80"
"06/01/2005","576","576","576","576","62.5"
"07/01/2005","548","548","548","548","12.5"
"10/01/2005","580","580","580","580","1411.25"
"13/01/2005","576","576","576","576","250"
"14/01/2005","576.8","576.8","576.8","576.8","687.5"
"18/01/2005","576.8","576.8","576.8","576.8","31.25"
"20/01/2005","576.8","576.8","576.8","576.8","500"
"25/01/2005","580","580","580","580","437.5"
"27/01/2005","579.2","579.2","579.2","579.2","687.5"
"01/02/2005","544.8","579.2","544.8","579.2","5000"
"02/02/2005","579.2","579.2","579.2","579.2","4850"
"04/02/2005","579.2","579.2","579.2","579.2","1250"
"07/02/2005","576","576","568","568","1387.5"
"08/02/2005","534.4","560","534.4","560","182.5"
"14/02/2005","560","560","560","560","250"
"15/02/2005","560","560","560","560","263.75"
"16/02/2005","560","560","560","560","2020"
"17/02/2005","560","560","560","560","18.75"
"18/02/2005","548","548","548","548","375"
"22/02/2005","560","560","560","560","87.5"
"24/02/2005","541.6","541.6","541.6","541.6","125"
"25/02/2005","533.6","533.6","533.6","533.6","12.5"
"28/02/2005","540.8","542.4","540.8","541.6","475"
"01/03/2005","537.6","537.6","537.6","537.6","53.75"
"03/03/2005","556","556","555.2","556","95"
"07/03/2005","556.8","556.8","556.8","556.8","3.75"
"11/03/2005","556.8","556.8","556.8","556.8","875"
"16/03/2005","564","588","564","588","615"
"17/03/2005","593.6","593.6","584","584","775"
"18/03/2005","569.6","587.2","569.6","587.2","81.25"
"21/03/2005","576","576","576","576","375"
"22/03/2005","564","564","564","564","3.75"
"23/03/2005","564","564","560","560","602.5"
"24/03/2005","564","568","560.8","560.8","250"
"25/03/2005","568","568","566.4","566.4","1250"
"28/03/2005","564","564","561.6","561.6","50"
"29/03/2005","564","564","564","564","608.75"
"30/03/2005","564","564","564","564","926.25"
"31/03/2005","564","568","564","568","3728.75"
"01/04/2005","576","576","568","568","87.5"
"04/04/2005","568.8","572","568.8","572","4538.75"
"05/04/2005","572","580","572","580","1308.75"
"06/04/2005","580","580","580","580","5250"
"07/04/2005","572","572","572","572","125"
"12/04/2005","579.2","579.2","579.2","579.2","15"
"13/04/2005","576","576","576","576","12.5"
"15/04/2005","584","584","583.2","584","6962.5"
"18/04/2005","553.6","584","553.6","584","75"
"20/04/2005","583.2","588","583.2","588","3806.25"
"25/04/2005","588","588","588","588","10000"
"26/04/2005","586.4","588","586.4","588","1675"
"29/04/2005","596","596","596","596","62.5"
"02/05/2005","592","592","592","592","1250"
"03/05/2005","592","600","592","600","1942.5"
"06/05/2005","594.4","596","594.4","594.4","7887.5"
"09/05/2005","600","600","600","600","1.25"
"16/05/2005","592.8","592.8","592.8","592.8","102.5"
"17/05/2005","595.2","595.2","595.2","595.2","25"
"18/05/2005","595.2","595.2","595.2","595.2","122.5"
"19/05/2005","595.2","595.2","595.2","595.2","750"
"20/05/2005","595.2","595.2","595.2","595.2","77.5"
"23/05/2005","592","596","592","596","125"
"24/05/2005","596","596","596","596","312.5"
"25/05/2005","596","599.2","596","599.2","880"
"27/05/2005","599.2","599.2","599.2","599.2","1262.5"
"30/05/2005","600","600","599.2","599.2","248.75"
"31/05/2005","599.2","608","599.2","608","238.75"
"01/06/2005","610.4","610.4","576","576","301.25"
"02/06/2005","564","584","564","584","187.5"
"08/06/2005","570.4","584","570.4","584","188.75"
"09/06/2005","576","576","576","576","62.5"
"10/06/2005","591.2","591.2","591.2","591.2","12.5"
"13/06/2005","584","584","584","584","812.5"
"14/06/2005","582.4","582.4","582.4","582.4","821.25"
"15/06/2005","570.4","570.4","570.4","570.4","123.75"
"17/06/2005","580","580","580","580","25"
"20/06/2005","576","576","576","576","1250"
"21/06/2005","576","576","576","576","38.75"
"22/06/2005","579.2","584","579.2","584","2468.75"
"23/06/2005","584","588","584","588","63.75"
"24/06/2005","584","588","584","588","761.25"
"27/06/2005","580.8","580.8","580.8","580.8","260"
"28/06/2005","584","584.8","584","584","4887.5"
"29/06/2005","580","580","580","580","487.5"
"01/07/2005","580.8","580.8","580","580","83.75"
"05/07/2005","580.8","581.6","580.8","581.6","553.75"
"07/07/2005","581.6","581.6","580.8","580.8","62.5"
"08/07/2005","580.8","580.8","580.8","580.8","473.75"
"14/07/2005","580.8","581.6","580","580","4356.25"
"15/07/2005","580","580","580","580","1250"
"19/07/2005","580","580","580","580","62.5"
"26/07/2005","578.4","578.4","578.4","578.4","625"
"27/07/2005","576","576","576","576","252.5"
"29/07/2005","572","572","572","572","37.5"
"02/08/2005","572","572","572","572","491.25"
"04/08/2005","573.6","578.4","573.6","578.4","7206.25"
"05/08/2005","576","576","576","576","625"
"08/08/2005","576","576","576","576","17.5"
"09/08/2005","576","592","576","592","3513.75"
"11/08/2005","576.8","576.8","576.8","576.8","162.5"
"12/08/2005","592","592","592","592","6.25"
"15/08/2005","596","596","596","596","8125"
"16/08/2005","596","596","596","596","2502.5"
"17/08/2005","596.8","596.8","596.8","596.8","181.25"
"18/08/2005","596","596","596","596","2056.25"
"19/08/2005","580.8","592","580.8","592","158.75"
"24/08/2005","592","592","592","592","3750"
"25/08/2005","592","592","591.2","591.2","757.5"
"26/08/2005","584","584","580","580","52.5"
"29/08/2005","592","592","592","592","12.5"
"30/08/2005","584.8","584.8","584.8","584.8","112.5"
"31/08/2005","586.4","586.4","586.4","586.4","1250"
"01/09/2005","592","592","592","592","4375"
"02/09/2005","592","592","592","592","607.5"
"06/09/2005","588","588","588","588","987.5"
"07/09/2005","593.6","593.6","576","576","3525"
"08/09/2005","576","576","576","576","2750"
"09/09/2005","556","567.2","556","567.2","918.75"
"13/09/2005","575.2","577.6","575.2","577.6","250"
"14/09/2005","576","577.6","576","576.8","3007.5"
"15/09/2005","577.6","577.6","577.6","577.6","625"
"16/09/2005","576","576","572","572","686.25"
"19/09/2005","572","572","572","572","1000"
"20/09/2005","572","572","568","568","352.5"
"21/09/2005","568","568","568","568","512.5"
"22/09/2005","568","568","561.6","561.6","1711.25"
"23/09/2005","560","576","560","576","4037.5"
"26/09/2005","576","576","576","576","67.5"
"29/09/2005","580","580","578.4","579.2","586.25"
"30/09/2005","581.6","584","581.6","584","1716.25"
"04/10/2005","584","584","584","584","250"
"06/10/2005","580.8","580.8","580.8","580.8","6.25"
"10/10/2005","576.8","585.6","576.8","585.6","165"
"11/10/2005","590.4","590.4","590.4","590.4","1853.75"
"12/10/2005","586.4","591.2","586.4","590.4","487.5"
"13/10/2005","594.4","596","594.4","596","895"
"14/10/2005","592","592","592","592","1868.75"
"18/10/2005","588","588","588","588","12.5"
"19/10/2005","590.4","596.8","590.4","596.8","458.75"
"20/10/2005","596.8","596.8","596.8","596.8","125"
"21/10/2005","600","600","600","600","62.5"
"24/10/2005","600","600","600","600","3121.25"
"25/10/2005","600","600","600","600","301.25"
"26/10/2005","632","632","600","600","637.5"
"27/10/2005","600.8","600.8","600.8","600.8","515"
"31/10/2005","600.8","600.8","600.8","600.8","142.5"
"02/11/2005","602.4","624","602.4","624","3398.75"
"07/11/2005","624","624","624","624","42.5"
"08/11/2005","624","624","624","624","25"
"11/11/2005","612.8","624","612.8","624","750"
"14/11/2005","624","624.8","624","624.8","1246.25"
"15/11/2005","628","632","628","632","1008.75"
"21/11/2005","632","632","632","632","1551.25"
"22/11/2005","630.4","631.2","630.4","631.2","696.25"
"23/11/2005","620","620","620","620","146.25"
"24/11/2005","626.4","633.6","626.4","633.6","1991.25"
"25/11/2005","636","656","636","656","1703.75"
"28/11/2005","656","656","656","656","631.25"
"29/11/2005","656","656","648","648","787.5"
"30/11/2005","640","640","640","640","336.25"
"01/12/2005","632","632","632","632","62.5"
"02/12/2005","634.4","634.4","632.8","632.8","5000"
"05/12/2005","624","624","624","624","400"
"06/12/2005","632","632","626.4","626.4","6072.5"
"07/12/2005","628.8","628.8","628.8","628.8","1662.5"
"08/12/2005","628.8","628.8","624","624","5185"
"09/12/2005","636","636","624","624","1085"
"12/12/2005","624","624.8","624","624.8","2717.5"
"13/12/2005","620","620","619.2","619.2","11262.5"
"14/12/2005","620","620","619.2","619.2","7357.5"
"15/12/2005","620","620","620","620","202.5"
"16/12/2005","624","628","624","628","2008.75"
"19/12/2005","628","628","628","628","25"
"20/12/2005","624","624","624","624","300"
"21/12/2005","628","628","624","624","378.75"
"22/12/2005","624","624","624","624","75"
"23/12/2005","628","628","628","628","57.5"
"26/12/2005","624","624.8","624","624","6091.25"
"27/12/2005","624","632","624","624.8","58817.5"
"28/12/2005","588","636","588","604.8","14042.5"
"29/12/2005","604.8","612","604.8","612","6812.5"
"30/12/2005","620","620","610.4","612","29855"
"02/01/2006","612.8","612.8","612.8","612.8","131.25"
"03/01/2006","612","612","612","612","62.5"
"04/01/2006","616","616","616","616","312.5"
"05/01/2006","624","632","624","625.6","628.75"
"06/01/2006","620","620","620","620","1337.5"
"09/01/2006","640","641.6","640","641.6","1668.75"
"10/01/2006","656","660","656","660","5006.25"
"13/01/2006","660","672","660","672","688.75"
"16/01/2006","672","672","672","672","1250"
"17/01/2006","668","668","668","668","450"
"19/01/2006","680","680","680","680","375"
"20/01/2006","680.8","680.8","680.8","680.8","126.25"
"24/01/2006","680","696","680","696","813.75"
"25/01/2006","696","696","696","696","1875"
"26/01/2006","700","704","700","704","1163.75"
"27/01/2006","736","736","736","736","125"
"30/01/2006","736","744","736","744","503.75"
"01/02/2006","788","788","788","788","1131.25"
"02/02/2006","788","788.8","788","788.8","5550"
"03/02/2006","756","767.2","756","767.2","687.5"
"06/02/2006","779.2","779.2","760","767.2","1478.75"
"07/02/2006","781.6","781.6","781.6","781.6","1001.25"
"08/02/2006","764.8","768","764.8","768","57.5"
"09/02/2006","772.8","772.8","772.8","772.8","737.5"
"10/02/2006","772.8","776","772.8","776","1762.5"
"13/02/2006","784","784","784","784","3712.5"
"14/02/2006","784","784","784","784","5572.5"
"15/02/2006","776","776","776","776","68.75"
"16/02/2006","765.6","776","765.6","776","7035"
"17/02/2006","776","776","776","776","3348.75"
"20/02/2006","768","768","768","768","17.5"
"21/02/2006","768","784","768","784","2468.75"
"22/02/2006","788","788","760","760","461.25"
"23/02/2006","764","764","764","764","575"
"24/02/2006","764","764","764","764","2500"
"27/02/2006","744","744","744","744","625"
"28/02/2006","744","745.6","744","744","392.5"
"01/03/2006","744.8","744.8","744.8","744.8","210"
"02/03/2006","760","760","760","760","210"
"03/03/2006","761.6","761.6","761.6","761.6","197.5"
"07/03/2006","764.8","764.8","764.8","764.8","766.25"
"08/03/2006","760","760","760","760","1142.5"
"09/03/2006","745.6","745.6","736","736","7661.25"
"10/03/2006","736","736","736","736","75"
"15/03/2006","760","760","736","736","17287.5"
"16/03/2006","761.6","761.6","761.6","761.6","6256.25"
"17/03/2006","762.4","770.4","762.4","770.4","10087.5"
"20/03/2006","780","784","776.8","784","6613.75"
"21/03/2006","800","800","800","800","2013.75"
"22/03/2006","840","840","824","840","2175"
"23/03/2006","848","848.8","848","848.8","37.5"
"24/03/2006","880","882.4","880","882.4","3087.5"
"27/03/2006","920","935.2","920","935.2","768.75"
"28/03/2006","952","952","952","952","4856.25"
"29/03/2006","952","970.4","952","970.4","12488.75"
"30/03/2006","992","992","946.4","946.4","1607.5"
"31/03/2006","945.6","970.4","945.6","970.4","1548.75"
"03/04/2006","956","970.4","956","970.4","3760"
"04/04/2006","960","960.8","960","960","14158.75"
"05/04/2006","960","960.8","960","960.8","3531.25"
"06/04/2006","964","964","964","964","706.25"
"07/04/2006","965.6","965.6","965.6","965.6","31.25"
"10/04/2006","964","973.6","964","973.6","4266.25"
"13/04/2006","973.6","973.6","973.6","973.6","37.5"
"14/04/2006","967.2","967.2","959.2","959.2","2335"
"17/04/2006","920","928.8","920","928.8","6237.5"
"18/04/2006","904","904","888","888","12800"
"20/04/2006","924","940.8","924","940.8","5940"
"21/04/2006","958.4","960","958.4","958.4","1481.25"
"24/04/2006","960","960","960","960","312.5"
"25/04/2006","960","960","956","956","4237.5"
"26/04/2006","952","952","951.2","952","475"
"27/04/2006","963.2","963.2","960","960","1437.5"
"28/04/2006","960","960","958.4","958.4","785"
"02/05/2006","924","936","912.8","936","325"
"03/05/2006","958.4","958.4","952","958.4","300"
"04/05/2006","958.4","960","958.4","960","6036.25"
"05/05/2006","968","976","960","976","6225"
"08/05/2006","1000","1016","1000","1016","13025"
"09/05/2006","1076","1076","1068","1068","527.5"
"10/05/2006","1111.2","1111.2","1005.6","1005.6","2601.25"
"11/05/2006","1005.6","1005.6","1000","1000","4141.25"
"12/05/2006","1005.6","1024","1005.6","1016","7501.25"
"15/05/2006","1012","1020","1012","1020","5837.5"
"16/05/2006","1018.4","1018.4","1015.2","1015.2","1357.5"
"17/05/2006","1008","1008","1008","1008","2012.5"
"18/05/2006","1008","1008","1005.6","1008","4345"
"19/05/2006","1014.4","1014.4","980","992","4720"
"22/05/2006","984","992","932.8","944","4493.75"
"23/05/2006","960","960","888","928","2718.75"
"24/05/2006","936","982.4","936","936","6276.25"
"25/05/2006","959.2","959.2","959.2","959.2","212.5"
"26/05/2006","960","960","959.2","959.2","1002.5"
"29/05/2006","936","959.2","936","959.2","526.25"
"30/05/2006","904","951.2","904","951.2","92.5"
"31/05/2006","912","957.6","912","957.6","82.5"
"01/06/2006","960","960","957.6","959.2","2240"
"02/06/2006","981.6","981.6","960","960","1786.25"
"05/06/2006","981.6","982.4","920","928","4453.75"
"06/06/2006","986.88","986.88","986.88","986.88","1.04"
"08/06/2006","1044.48","1045.44","1041.6","1045.44","1968.75"
"09/06/2006","1106.88","1106.88","983.04","1008","86.46"
"12/06/2006","984","1051.2","984","1051.2","21.88"
"13/06/2006","988.8","988.8","988.8","988.8","6250"
"14/06/2006","931.2","987.84","931.2","987.84","541.67"
"15/06/2006","968.64","968.64","962.88","962.88","227.08"
"16/06/2006","1008","1008","913.92","913.92","182.29"
"19/06/2006","959.04","959.04","959.04","959.04","26.04"
"20/06/2006","950.4","950.4","931.2","931.2","92.71"
"21/06/2006","949.44","949.44","949.44","949.44","625"
"22/06/2006","953.28","953.28","892.8","944.64","563.54"
"23/06/2006","933.12","933.12","892.8","892.8","53.12"
"26/06/2006","927.36","927.36","840","840","240.62"
"27/06/2006","844.8","844.8","840","844.8","489.58"
"28/06/2006","892.8","893.76","892.8","892.8","8389.58"
"29/06/2006","892.8","892.8","892.8","892.8","9505.21"
"30/06/2006","939.84","945.6","939.84","945.6","3773.96"
"03/07/2006","950.4","950.4","950.4","950.4","10.42"
"04/07/2006","960","979.2","960","979.2","1166.67"
"05/07/2006","979.2","984","979.2","984","208.33"
"06/07/2006","984","984","984","984","3898.96"
"07/07/2006","979.2","979.2","979.2","979.2","2385.42"
"10/07/2006","974.4","974.4","950.4","969.6","4582.29"
"11/07/2006","969.6","969.6","964.8","969.6","5223.96"
"12/07/2006","969.6","969.6","969.6","969.6","1659.38"
"13/07/2006","969.6","969.6","967.68","969.6","880.21"
"14/07/2006","979.2","979.2","969.6","969.6","4165.62"
"17/07/2006","998.4","998.4","969.6","979.2","5312.5"
"18/07/2006","969.6","979.2","969.6","979.2","1329.17"
"19/07/2006","969.6","979.2","969.6","970.56","1813.54"
"20/07/2006","969.6","969.6","969.6","969.6","4166.67"
"21/07/2006","960","969.6","960","967.68","5647.92"
"24/07/2006","960","960","960","960","20.83"
"25/07/2006","960","960","960","960","40.62"
"27/07/2006","902.4","940.8","902.4","912","636.46"
"31/07/2006","921.6","921.6","921.6","921.6","34.38"
"01/08/2006","922.56","936","922.56","936","151.04"
"02/08/2006","960","960","960","960","520.83"
"03/08/2006","945.6","945.6","945.6","945.6","4166.67"
"04/08/2006","945.6","945.6","945.6","945.6","2816.67"
"08/08/2006","960","969.6","940.8","969.6","3604.17"
"09/08/2006","960","960","931.2","960","667.71"
"10/08/2006","960","969.6","960","969.6","197.92"
"15/08/2006","960","960","960","960","2326.04"
"16/08/2006","960","960","960","960","2804.17"
"17/08/2006","951.36","960","951.36","960","246.88"
"18/08/2006","960","960","960","960","451.04"
"22/08/2006","960","969.6","960","969.6","453.12"
"24/08/2006","969.6","969.6","960","960","11166.67"
"25/08/2006","960","988.8","960","988.8","7793.75"
"28/08/2006","969.6","998.4","969.6","996.48","158.33"
"29/08/2006","988.8","988.8","969.6","969.6","1732.29"
"30/08/2006","988.8","988.8","974.4","988.8","9175"
"31/08/2006","988.8","1002.24","988.8","988.8","365.62"
"01/09/2006","974.4","988.8","974.4","988.8","764.58"
"04/09/2006","988.8","988.8","988.8","988.8","77.08"
"05/09/2006","988.8","988.8","988.8","988.8","2083.33"
"06/09/2006","997.44","997.44","996.48","996.48","114.58"
"07/09/2006","996.48","996.48","996.48","996.48","5.21"
"08/09/2006","997.44","997.44","988.8","996.48","1707.29"
"11/09/2006","993.6","996.48","993.6","996.48","552.08"
"12/09/2006","974.4","974.4","974.4","974.4","1555.21"
"13/09/2006","974.4","984","969.6","984","15113.54"
"14/09/2006","984","988.8","984","988.8","4776.04"
"15/09/2006","988.8","988.8","979.2","988.8","16548.96"
"18/09/2006","988.8","988.8","988.8","988.8","5593.75"
"20/09/2006","979.2","984","979.2","979.2","385.42"
"21/09/2006","979.2","984","979.2","984","27537.5"
"22/09/2006","979.2","979.2","979.2","979.2","31.25"
"27/09/2006","979.2","979.2","979.2","979.2","5281.25"
"28/09/2006","978.24","984","978.24","984","16604.17"
"29/09/2006","970.56","988.8","970.56","986.88","287.5"
"02/10/2006","986.88","988.8","984","988.8","1028.12"
"03/10/2006","987.84","988.8","987.84","988.8","538.54"
"04/10/2006","993.6","993.6","988.8","988.8","276.04"
"05/10/2006","979.2","979.2","979.2","979.2","23.96"
"09/10/2006","964.8","964.8","964.8","964.8","1562.5"
"10/10/2006","960","964.8","960","964.8","1063.54"
"11/10/2006","960","960","960","960","191.67"
"13/10/2006","955.2","979.2","955.2","979.2","30.21"
"16/10/2006","955.2","955.2","920.64","920.64","200"
"17/10/2006","921.6","921.6","921.6","921.6","114.58"
"19/10/2006","936","940.8","936","940.8","245.83"
"20/10/2006","946.56","947.52","946.56","947.52","67.71"
"23/10/2006","941.76","946.56","941.76","945.6","460.42"
"26/10/2006","950.4","950.4","950.4","950.4","66.67"
"27/10/2006","987.84","987.84","987.84","987.84","215.62"
"30/10/2006","950.4","955.2","950.4","955.2","1371.88"
"31/10/2006","960","964.8","960","964.8","6746.88"
"01/11/2006","984","984","960.96","960.96","1131.25"
"02/11/2006","960","969.6","960","960","2516.67"
"03/11/2006","960.96","960.96","950.4","950.4","2421.88"
"07/11/2006","979.2","979.2","960","964.8","7251.04"
"08/11/2006","969.6","969.6","964.8","964.8","1551.04"
"09/11/2006","968.64","969.6","955.2","955.2","1511.46"
"10/11/2006","950.4","959.04","921.6","926.4","958.33"
"13/11/2006","960","960","960","960","21.88"
"14/11/2006","960","960","940.8","945.6","16810.42"
"15/11/2006","945.6","945.6","945.6","945.6","1041.67"
"16/11/2006","958.08","958.08","936","936","1287.5"
"17/11/2006","921.6","923.52","921.6","921.6","833.33"
"20/11/2006","926.4","926.4","912","921.6","1840.62"
"21/11/2006","955.2","955.2","926.4","926.4","171.88"
"22/11/2006","960","960","932.16","932.16","5270.83"
"23/11/2006","932.16","959.04","926.4","958.08","1798.96"
"24/11/2006","945.6","959.04","945.6","958.08","5057.29"
"27/11/2006","950.4","958.08","950.4","950.4","2122.92"
"28/11/2006","948.48","948.48","940.8","940.8","5602.08"
"29/11/2006","950.4","950.4","941.76","941.76","158.33"
"30/11/2006","921.6","932.16","921.6","931.2","2833.33"
"01/12/2006","936","940.8","936","940.8","2833.33"
"04/12/2006","933.12","948.48","933.12","948.48","14.58"
"05/12/2006","948.48","948.48","936","936","2614.58"
"06/12/2006","940.8","940.8","937.92","937.92","2671.88"
"07/12/2006","940.8","945.6","940.8","940.8","5082.29"
"08/12/2006","950.4","974.4","950.4","955.2","27420.83"
"11/12/2006","976.32","976.32","956.16","964.8","10833.33"
"12/12/2006","969.6","1022.4","967.68","1022.4","45134.38"
"14/12/2006","1147.2","1147.2","1018.56","1022.4","31571.88"
"15/12/2006","1022.4","1022.4","979.2","1022.4","2693.75"
"18/12/2006","1056","1070.4","1017.6","1027.2","3487.5"
"19/12/2006","1045.44","1045.44","1008","1008","2500"
"20/12/2006","962.88","1007.04","955.2","995.52","5316.67"
"21/12/2006","996.48","996.48","964.8","969.6","5982.29"
"22/12/2006","965.76","988.8","965.76","971.52","4673.96"
"25/12/2006","997.44","999.36","987.84","987.84","1081.25"
"26/12/2006","1002.24","1002.24","979.2","979.2","3258.33"
"27/12/2006","973.44","984","973.44","984","203.12"
"28/12/2006","979.2","1001.28","979.2","984","227.08"
"29/12/2006","979.2","998.4","974.4","998.4","4596.88"
"02/01/2007","1008","1036.8","1008","1032","540.62"
"03/01/2007","1008","1041.6","1008","1012.8","993.75"
"04/01/2007","1035.84","1045.44","1034.88","1036.8","3637.5"
"05/01/2007","1047.36","1089.6","1047.36","1084.8","19663.54"
"08/01/2007","1084.8","1092.48","1075.2","1083.84","5487.5"
"09/01/2007","1070.4","1088.64","1070.4","1076.16","648.96"
"10/01/2007","1076.16","1076.16","1065.6","1065.6","1271.88"
"12/01/2007","1056","1064.64","1056","1056","8138.54"
"15/01/2007","1065.6","1065.6","1046.4","1046.4","1178.12"
"16/01/2007","1056","1063.68","1046.4","1063.68","3932.29"
"17/01/2007","1065.6","1082.88","1056.96","1057.92","3165.62"
"18/01/2007","1065.6","1065.6","1065.6","1065.6","20.83"
"19/01/2007","1065.6","1070.4","1056","1056","1055.21"
"22/01/2007","1066.56","1066.56","1051.2","1052.16","5895.83"
"23/01/2007","1056","1056","1053.12","1053.12","371.88"
"24/01/2007","1070.4","1070.4","1056.96","1069.44","1417.71"
"25/01/2007","1070.4","1070.4","1056.96","1070.4","812.5"
"26/01/2007","1070.4","1103.04","1070.4","1101.12","6261.46"
"29/01/2007","1118.4","1132.8","1102.08","1118.4","7185.42"
"30/01/2007","1118.4","1129.92","1118.4","1129.92","5783.33"
"31/01/2007","1132.8","1149.12","1123.2","1132.8","4030.21"
"01/02/2007","1132.8","1132.8","1094.4","1122.24","5537.5"
"02/02/2007","1118.4","1118.4","1113.6","1113.6","875"
"05/02/2007","1104","1118.4","1104","1118.4","1333.33"
"06/02/2007","1104","1123.2","1104","1123.2","7496.88"
"07/02/2007","1128","1131.84","1113.6","1113.6","248.96"
"08/02/2007","1123.2","1123.2","1104","1122.24","1304.17"
"09/02/2007","1122.24","1147.2","1122.24","1137.6","4807.29"
"12/02/2007","1123.2","1150.08","1123.2","1137.6","5413.54"
"13/02/2007","1134.72","1144.32","1133.76","1137.6","7543.75"
"14/02/2007","1138.56","1147.2","1132.8","1132.8","3011.46"
"15/02/2007","1137.6","1152","1125.12","1147.2","4461.46"
"16/02/2007","1152","1209.6","1152","1201.92","20107.29"
"19/02/2007","1209.6","1273.92","1209.6","1273.92","8393.75"
"20/02/2007","1303.68","1313.28","1209.6","1248","10602.08"
"21/02/2007","1228.8","1267.2","1228.8","1254.72","4029.17"
"22/02/2007","1248","1248","1179.84","1200","15954.17"
"23/02/2007","1228.8","1228.8","1176","1190.4","5488.54"
"26/02/2007","1226.88","1226.88","1157.76","1219.2","548.96"
"27/02/2007","1242.24","1285.44","1192.32","1212.48","15058.33"
"28/02/2007","1210.56","1236.48","1205.76","1235.52","1336.46"
"01/03/2007","1210.56","1248","1200","1200","15077.08"
"02/03/2007","1210.56","1235.52","1210.56","1215.36","2786.46"
"05/03/2007","1215.36","1246.08","1215.36","1243.2","765.62"
"06/03/2007","1249.92","1296","1248.96","1262.4","12690.62"
"07/03/2007","1275.84","1281.6","1267.2","1281.6","10242.71"
"08/03/2007","1263.36","1291.2","1263.36","1279.68","10526.04"
"09/03/2007","1276.8","1276.8","1238.4","1248","4736.46"
"12/03/2007","1247.04","1247.04","1209.6","1220.16","1578.12"
"13/03/2007","1223.04","1246.08","1200","1228.8","43959.38"
"14/03/2007","1224","1243.2","1200","1212.48","31094.79"
"15/03/2007","1241.28","1241.28","1212.48","1212.48","4867.71"
"16/03/2007","1227.84","1227.84","1215.36","1216.32","543.75"
"19/03/2007","1220.16","1220.16","1214.4","1216.32","790.62"
"20/03/2007","1216.32","1219.2","1213.44","1214.4","3312.5"
"21/03/2007","1214.4","1238.4","1214.4","1237.44","2872.92"
"22/03/2007","1238.4","1238.4","1228.8","1230.72","1688.54"
"23/03/2007","1229.76","1230.72","1215.36","1215.36","4020.83"
"26/03/2007","1227.84","1227.84","1224","1224","2378.12"
"27/03/2007","1217.28","1219.2","1209.6","1209.6","6057.29"
"28/03/2007","1211.52","1228.8","1209.6","1214.4","6526.04"
"29/03/2007","1228.8","1228.8","1214.4","1214.4","6886.46"
"30/03/2007","1221.12","1243.2","1221.12","1243.2","3780.21"
"03/04/2007","1219.2","1224","1217.28","1217.28","1393.75"
"04/04/2007","1219.2","1219.2","1209.6","1209.6","1342.71"
"05/04/2007","1209.6","1209.6","1204.8","1207.68","2859.38"
"06/04/2007","1210.56","1210.56","1207.68","1207.68","1510.42"
"09/04/2007","1240.32","1240.32","1209.6","1212.48","3058.33"
"10/04/2007","1228.8","1238.4","1215.36","1238.4","1353.12"
"11/04/2007","1243.2","1243.2","1224.96","1237.44","1759.38"
"12/04/2007","1228.8","1228.8","1228.8","1228.8","234.38"
"13/04/2007","1243.2","1243.2","1233.6","1233.6","223.96"
"16/04/2007","1232.64","1232.64","1219.2","1220.16","2598.96"
"17/04/2007","1228.8","1228.8","1224","1227.84","912.5"
"18/04/2007","1226.88","1226.88","1224","1224","4604.17"
"19/04/2007","1233.6","1233.6","1228.8","1231.68","1938.54"
"20/04/2007","1219.2","1228.8","1219.2","1228.8","2665.62"
"23/04/2007","1228.8","1281.6","1228.8","1276.8","8269.79"
"24/04/2007","1301.76","1344","1301.76","1329.6","12531.25"
"25/04/2007","1343.04","1344","1249.92","1315.2","11492.71"
"26/04/2007","1296","1300.8","1267.2","1295.04","7739.58"
"27/04/2007","1296","1300.8","1276.8","1283.52","2017.71"
"30/04/2007","1305.6","1305.6","1286.4","1305.6","2431.25"
"02/05/2007","1305.6","1305.6","1283.52","1296","5286.46"
"03/05/2007","1303.68","1305.6","1296.96","1296.96","2701.04"
"04/05/2007","1305.6","1305.6","1276.8","1303.68","1728.12"
"07/05/2007","1300.8","1300.8","1278.72","1278.72","716.67"
"08/05/2007","1286.4","1305.6","1286.4","1287.36","4412.5"
"09/05/2007","1300.8","1300.8","1229.76","1248","8121.88"
"10/05/2007","1239.36","1248","1173.12","1182.72","12064.58"
"11/05/2007","1112.64","1131.84","1112.64","1123.2","19337.5"
"14/05/2007","1057.92","1142.4","1057.92","1060.8","3579.17"
"15/05/2007","1008.96","1118.4","999.36","1076.16","11280.21"
"16/05/2007","1108.8","1140.48","1104","1140.48","3863.54"
"17/05/2007","1207.68","1208.64","1142.4","1152","4922.92"
"18/05/2007","1199.04","1200","1143.36","1190.4","1703.12"
"21/05/2007","1198.08","1199.04","1189.44","1189.44","2757.29"
"22/05/2007","1209.6","1209.6","1161.6","1161.6","1211.46"
"23/05/2007","1200","1200","1132.8","1141.44","5611.46"
"24/05/2007","1171.2","1171.2","1115.52","1115.52","521.88"
"25/05/2007","1111.68","1111.68","1111.68","1111.68","77.08"
"28/05/2007","1111.68","1142.4","1111.68","1118.4","130.21"
"29/05/2007","1118.4","1123.2","1118.4","1123.2","208.33"
"30/05/2007","1123.2","1140.48","1120.32","1140.48","1740.62"
"31/05/2007","1151.04","1152","1132.8","1132.8","1732.29"
"01/06/2007","1132.8","1188.48","1132.8","1134.72","338.54"
"04/06/2007","1187.52","1187.52","1147.2","1187.52","236.46"
"05/06/2007","1156.8","1186.56","1156.8","1186.56","27.08"
"06/06/2007","1187.52","1198.08","1187.52","1190.4","358.33"
"07/06/2007","1185.6","1190.4","1185.6","1190.4","680.21"
"08/06/2007","1193.28","1193.28","1190.4","1190.4","84.38"
"11/06/2007","1190.4","1190.4","1163.52","1190.4","520.83"
"12/06/2007","1191.36","1191.36","1190.4","1190.4","340.62"
"13/06/2007","1165.44","1165.44","1156.8","1156.8","2165.62"
"14/06/2007","1152.96","1156.8","1152","1152.96","4466.67"
"18/06/2007","1153.92","1185.6","1153.92","1171.2","452.08"
"19/06/2007","1152","1153.92","1152","1153.92","62.5"
"20/06/2007","1152.96","1170.24","1152.96","1170.24","2957.29"
"21/06/2007","1156.8","1156.8","1154.88","1154.88","352.08"
"22/06/2007","1171.2","1171.2","1154.88","1154.88","145.83"
"25/06/2007","1179.84","1179.84","1179.84","1179.84","104.17"
"26/06/2007","1176","1176","1157.76","1171.2","1145.83"
"27/06/2007","1171.2","1171.2","1156.8","1156.8","270.83"
"02/07/2007","1156.8","1156.8","1156.8","1156.8","83.33"
"03/07/2007","1156.8","1157.76","1152","1152","6958.33"
"04/07/2007","1150.08","1150.08","1150.08","1150.08","87.5"
"05/07/2007","1150.08","1152","1150.08","1150.08","1104.17"
"06/07/2007","1142.4","1152","1142.4","1150.08","1811.46"
"09/07/2007","1152","1152","1150.08","1152","345.83"
"10/07/2007","1150.08","1150.08","1143.36","1143.36","60.42"
"11/07/2007","1152","1152","1152","1152","322.92"
"12/07/2007","1152","1152","1138.56","1138.56","2984.38"
"13/07/2007","1122.24","1150.08","1122.24","1132.8","337.5"
"16/07/2007","1123.2","1137.6","1123.2","1137.6","204.17"
"17/07/2007","1137.6","1137.6","1137.6","1137.6","197.92"
"18/07/2007","1132.8","1137.6","1132.8","1137.6","141.67"
"19/07/2007","1137.6","1138.56","1137.6","1137.6","173.96"
"20/07/2007","1137.6","1137.6","1137.6","1137.6","441.67"
"23/07/2007","1128","1128","1113.6","1123.2","278.12"
"24/07/2007","1109.76","1113.6","1109.76","1113.6","601.04"
"25/07/2007","1116.48","1123.2","1116.48","1123.2","1079.17"
"26/07/2007","1132.8","1142.4","1132.8","1142.4","520.83"
"27/07/2007","1142.4","1142.4","1142.4","1142.4","207.29"
"01/08/2007","1132.8","1171.2","1132.8","1171.2","63.54"
"02/08/2007","1151.04","1200.96","1151.04","1200.96","454.17"
"03/08/2007","1181.76","1229.76","1156.8","1228.8","5395.83"
"06/08/2007","1166.4","1209.6","1161.6","1209.6","587.5"
"07/08/2007","1209.6","1219.2","1209.6","1210.56","308.33"
"08/08/2007","1190.4","1190.4","1190.4","1190.4","52.08"
"09/08/2007","1190.4","1249.92","1190.4","1249.92","4117.71"
"10/08/2007","1247.04","1261.44","1247.04","1248","4918.75"
"13/08/2007","1248","1248","1248","1248","1145.83"
"15/08/2007","1222.08","1222.08","1222.08","1222.08","62.5"
"16/08/2007","1228.8","1243.2","1220.16","1243.2","1346.88"
"17/08/2007","1238.4","1238.4","1219.2","1238.4","5691.67"
"22/08/2007","1200","1238.4","1200","1202.88","175"
"23/08/2007","1238.4","1238.4","1238.4","1238.4","1328.12"
"24/08/2007","1214.4","1240.32","1214.4","1240.32","210.42"
"27/08/2007","1240.32","1240.32","1228.8","1228.8","1152.08"
"28/08/2007","1238.4","1238.4","1236.48","1236.48","462.5"
"29/08/2007","1235.52","1238.4","1235.52","1238.4","3145.83"
"30/08/2007","1219.2","1236.48","1219.2","1236.48","31.25"
"31/08/2007","1238.4","1238.4","1219.2","1219.2","312.5"
"03/09/2007","1219.2","1219.2","1219.2","1219.2","844.79"
"04/09/2007","1215.36","1219.2","1215.36","1219.2","852.08"
"05/09/2007","1219.2","1248","1219.2","1248","1472.92"
"06/09/2007","1242.24","1243.2","1209.6","1209.6","7973.96"
"07/09/2007","1224","1224","1209.6","1219.2","963.54"
"10/09/2007","1209.6","1243.2","1209.6","1243.2","57.29"
"11/09/2007","1241.28","1241.28","1219.2","1219.2","112.5"
"12/09/2007","1209.6","1209.6","1200","1200","1216.67"
"13/09/2007","1195.2","1204.8","1180.8","1200","804.17"
"14/09/2007","1180.8","1228.8","1180.8","1219.2","437.5"
"17/09/2007","1208.64","1208.64","1176.96","1200","1182.29"
"18/09/2007","1177.92","1189.44","1152","1189.44","5370.83"
"19/09/2007","1157.76","1157.76","1152","1152","440.62"
"21/09/2007","1195.2","1195.2","1160.64","1161.6","2067.71"
"24/09/2007","1197.12","1197.12","1159.68","1161.6","545.83"
"25/09/2007","1161.6","1161.6","1159.68","1161.6","1521.88"
"26/09/2007","1156.8","1195.2","1152","1152","5190.62"
"27/09/2007","1152","1194.24","1152","1194.24","3360.42"
"28/09/2007","1187.52","1190.4","1178.88","1189.44","1388.54"
"01/10/2007","1181.76","1190.4","1152","1190.4","1516.67"
"02/10/2007","1190.4","1190.4","1152","1180.8","2540.62"
"03/10/2007","1171.2","1171.2","1152","1152","978.12"
"04/10/2007","1176","1185.6","1176","1185.6","803.12"
"05/10/2007","1172.16","1172.16","1171.2","1171.2","95.83"
"08/10/2007","1169.28","1171.2","1152","1152","784.38"
"09/10/2007","1156.8","1171.2","1152","1171.2","7805.21"
"10/10/2007","1171.2","1171.2","1152","1152","4491.67"
"11/10/2007","1152.96","1171.2","1152","1152","4717.71"
"12/10/2007","1142.4","1171.2","1142.4","1144.32","427.08"
"15/10/2007","1179.84","1179.84","1176.96","1176.96","677.08"
"16/10/2007","1171.2","1171.2","1152.96","1171.2","2294.79"
"17/10/2007","1176.96","1176.96","1164.48","1164.48","320.83"
"18/10/2007","1167.36","1175.04","1166.4","1171.2","13982.29"
"19/10/2007","1171.2","1171.2","1167.36","1169.28","2364.58"
"22/10/2007","1171.2","1171.2","1171.2","1171.2","148.96"
"23/10/2007","1164.48","1171.2","1152.96","1171.2","1330.21"
"24/10/2007","1152","1171.2","1152","1166.4","2679.17"
"25/10/2007","1171.2","1171.2","1152","1170.24","1495.83"
"26/10/2007","1166.4","1166.4","1152","1152","877.08"
"29/10/2007","1152.96","1156.8","1152","1152","3215.62"
"30/10/2007","1164.48","1170.24","1147.2","1152","11497.92"
"31/10/2007","1152","1152","1104","1108.8","2232.29"
"01/11/2007","1152","1152","1108.8","1119.36","3754.17"
"02/11/2007","1147.2","1147.2","1126.08","1132.8","901.04"
"05/11/2007","1166.4","1166.4","1132.8","1132.8","1628.12"
"07/11/2007","1152","1152","1123.2","1123.2","372.92"
"08/11/2007","1150.08","1150.08","1150.08","1150.08","13.54"
"09/11/2007","1121.28","1142.4","1121.28","1142.4","594.79"
"12/11/2007","1142.4","1142.4","1137.6","1137.6","208.33"
"13/11/2007","1137.6","1137.6","1136.64","1137.6","417.71"
"14/11/2007","1136.64","1136.64","1128","1128","432.29"
"15/11/2007","1125.12","1125.12","1124.16","1124.16","72.92"
"16/11/2007","1125.12","1146.24","1125.12","1146.24","484.38"
"19/11/2007","1125.12","1125.12","1125.12","1125.12","13.54"
"20/11/2007","1137.6","1137.6","1115.52","1115.52","1003.12"
"21/11/2007","1142.4","1142.4","1115.52","1115.52","291.67"
"22/11/2007","1115.52","1115.52","1115.52","1115.52","1123.96"
"23/11/2007","1116.48","1132.8","1108.8","1132.8","277.08"
"26/11/2007","1118.4","1118.4","1094.4","1095.36","5856.25"
"27/11/2007","1090.56","1099.2","1090.56","1090.56","8004.17"
"28/11/2007","1102.08","1104","1101.12","1101.12","7921.88"
"29/11/2007","1102.08","1108.8","1100.16","1100.16","244.79"
"30/11/2007","1131.84","1131.84","1104","1104","14942.71"
"03/12/2007","1082.88","1096.32","1082.88","1084.8","520.83"
"04/12/2007","1083.84","1131.84","1083.84","1131.84","2615.62"
"05/12/2007","1131.84","1131.84","1084.8","1130.88","6503.12"
"06/12/2007","1122.24","1122.24","1094.4","1094.4","12525"
"07/12/2007","1085.76","1085.76","1067.52","1067.52","17415.62"
"10/12/2007","1123.2","1123.2","1070.4","1070.4","23877.08"
"11/12/2007","1112.64","1112.64","1075.2","1075.2","10264.58"
"12/12/2007","1080","1111.68","1079.04","1084.8","13908.33"
"13/12/2007","1077.12","1084.8","1077.12","1084.8","2704.17"
"14/12/2007","1080","1108.8","1080","1108.8","8018.75"
"17/12/2007","1107.84","1107.84","1084.8","1084.8","21495.83"
"18/12/2007","1085.76","1104","1080","1099.2","37091.67"
"19/12/2007","1084.8","1094.4","1075.2","1075.2","19598.96"
"20/12/2007","1094.4","1094.4","1056","1056","3742.71"
"24/12/2007","1062.72","1103.04","1061.76","1065.6","18753.12"
"25/12/2007","1066.56","1093.44","1066.56","1084.8","11921.88"
"26/12/2007","1084.8","1084.8","1075.2","1084.8","21250"
"27/12/2007","1088.64","1088.64","1078.08","1085.76","5603.12"
"28/12/2007","1103.04","1103.04","1085.76","1099.2","33530.21"
"31/12/2007","1099.2","1112.64","1084.8","1099.2","11832.29"
"02/01/2008","1099.2","1132.8","1097.28","1128.96","510.42"
"03/01/2008","1109.76","1141.44","1106.88","1141.44","208.33"
"04/01/2008","1142.4","1150.08","1142.4","1150.08","633.33"
"07/01/2008","1150.08","1150.08","1142.4","1142.4","514.58"
"08/01/2008","1142.4","1152","1142.4","1152","2242.71"
"09/01/2008","1156.8","1156.8","1152","1152","13.54"
"14/01/2008","1156.8","1156.8","1142.4","1152","472.92"
"15/01/2008","1152","1152","1152","1152","61.46"
"16/01/2008","1152","1152","1122.24","1122.24","106.25"
"17/01/2008","1142.4","1142.4","1113.6","1113.6","1251.04"
"18/01/2008","1137.6","1148.16","1104","1113.6","2035.42"
"21/01/2008","1118.4","1118.4","1080","1080.96","2584.38"
"22/01/2008","1094.4","1099.2","1079.04","1080","1865.62"
"23/01/2008","1104","1132.8","1094.4","1104","3483.33"
"24/01/2008","1133.76","1133.76","1104","1104","1233.33"
"25/01/2008","1096.32","1118.4","1096.32","1104.96","239.58"
"28/01/2008","1104.96","1105.92","1099.2","1099.2","405.21"
"29/01/2008","1099.2","1118.4","1096.32","1099.2","683.33"
"30/01/2008","1104","1140.48","1104","1113.6","12962.5"
"31/01/2008","1113.6","1113.6","1104","1104","8367.71"
"01/02/2008","1113.6","1131.84","1113.6","1131.84","375"
"04/02/2008","1132.8","1143.36","1132.8","1143.36","1277.08"
"05/02/2008","1137.6","1139.52","1113.6","1139.52","975"
"06/02/2008","1142.4","1142.4","1128","1128","375"
"07/02/2008","1128","1137.6","1128","1136.64","685.42"
"08/02/2008","1137.6","1141.44","1137.6","1141.44","1475"
"11/02/2008","1132.8","1132.8","1132.8","1132.8","752.08"
"12/02/2008","1133.76","1133.76","1132.8","1132.8","1183.33"
"13/02/2008","1132.8","1132.8","1132.8","1132.8","1753.12"
"14/02/2008","1105.92","1132.8","1105.92","1132.8","4418.75"
"15/02/2008","1115.52","1131.84","1115.52","1119.36","4730.21"
"18/02/2008","1123.2","1132.8","1120.32","1132.8","729.17"
"19/02/2008","1118.4","1128","1118.4","1119.36","177.08"
"20/02/2008","1128","1132.8","1123.2","1132.8","1263.54"
"21/02/2008","1132.8","1132.8","1104.96","1123.2","176.04"
"22/02/2008","1125.12","1142.4","1125.12","1142.4","4140.62"
"25/02/2008","1126.08","1139.52","1126.08","1128.96","479.17"
"26/02/2008","1139.52","1140.48","1132.8","1132.8","1311.46"
"27/02/2008","1138.56","1138.56","1138.56","1138.56","10.42"
"28/02/2008","1132.8","1137.6","1132.8","1137.6","240.62"
"29/02/2008","1132.8","1132.8","1132.8","1132.8","812.5"
"03/03/2008","1134.72","1134.72","1113.6","1113.6","25"
"04/03/2008","1137.6","1137.6","1104","1104","557.29"
"05/03/2008","1100.16","1103.04","1100.16","1102.08","578.12"
"06/03/2008","1105.92","1105.92","1105.92","1105.92","36.46"
"07/03/2008","1105.92","1122.24","1105.92","1105.92","364.58"
"10/03/2008","1105.92","1105.92","1105.92","1105.92","40.62"
"11/03/2008","1113.6","1113.6","1105.92","1108.8","198.96"
"12/03/2008","1109.76","1118.4","1109.76","1117.44","1552.08"
"13/03/2008","1118.4","1118.4","1118.4","1118.4","104.17"
"14/03/2008","1113.6","1113.6","1113.6","1113.6","184.38"
"17/03/2008","1113.6","1113.6","1113.6","1113.6","484.38"
"18/03/2008","1118.4","1131.84","1113.6","1131.84","1406.25"
"19/03/2008","1105.92","1141.44","1105.92","1107.84","1134.38"
"24/03/2008","1106.88","1106.88","1105.92","1105.92","191.67"
"25/03/2008","1113.6","1113.6","1113.6","1113.6","677.08"
"26/03/2008","1105.92","1106.88","1105.92","1106.88","333.33"
"28/03/2008","1106.88","1122.24","1106.88","1122.24","466.67"
"31/03/2008","1105.92","1123.2","1104.96","1104.96","161.46"
"01/04/2008","1105.92","1105.92","1104","1104","187.5"
"02/04/2008","1099.2","1104","1099.2","1099.2","3256.25"
"03/04/2008","1097.28","1113.6","1097.28","1099.2","2104.17"
"04/04/2008","1100.16","1108.8","1100.16","1108.8","1278.12"
"07/04/2008","1104","1107.84","1103.04","1107.84","1727.08"
"08/04/2008","1113.6","1113.6","1094.4","1107.84","1721.88"
"09/04/2008","1112.64","1113.6","1112.64","1113.6","520.83"
"10/04/2008","1112.64","1112.64","1094.4","1095.36","668.75"
"14/04/2008","1112.64","1112.64","1094.4","1094.4","852.08"
"15/04/2008","1087.68","1104","1087.68","1104","2123.96"
"16/04/2008","1087.68","1103.04","1070.4","1102.08","769.79"
"18/04/2008","1103.04","1103.04","1103.04","1103.04","161.46"
"21/04/2008","1075.2","1075.2","1075.2","1075.2","56.25"
"22/04/2008","1071.36","1076.16","1071.36","1075.2","308.33"
"23/04/2008","1075.2","1076.16","1075.2","1076.16","266.67"
"24/04/2008","1075.2","1075.2","1065.6","1065.6","626.04"
"25/04/2008","1070.4","1070.4","1070.4","1070.4","20.83"
"28/04/2008","1070.4","1072.32","1070.4","1070.4","1987.5"
"29/04/2008","1104","1104","1080","1084.8","10022.92"
"30/04/2008","1093.44","1094.4","1077.12","1084.8","2302.08"
"02/05/2008","1083.84","1083.84","1083.84","1083.84","2.08"
"05/05/2008","1070.4","1077.12","1070.4","1077.12","78.12"
"06/05/2008","1094.4","1094.4","1094.4","1094.4","442.71"
"07/05/2008","1080","1092.48","1080","1092.48","1086.46"
"08/05/2008","1076.16","1130.88","1076.16","1130.88","603.12"
"13/05/2008","1081.92","1085.76","1081.92","1085.76","218.75"
"14/05/2008","1094.4","1094.4","1094.4","1094.4","218.75"
"15/05/2008","1116.48","1116.48","1104","1104","366.67"
"16/05/2008","1104","1104","1104","1104","117.71"
"19/05/2008","1089.6","1090.56","1089.6","1090.56","4787.5"
"20/05/2008","1094.4","1094.4","1094.4","1094.4","88.54"
"21/05/2008","1085.76","1094.4","1085.76","1094.4","1729.17"
"22/05/2008","1081.92","1104","1081.92","1090.56","741.67"
"23/05/2008","1092.48","1092.48","1092.48","1092.48","20.83"
"26/05/2008","1087.68","1087.68","1087.68","1087.68","187.5"
"27/05/2008","1094.4","1094.4","1094.4","1094.4","10.42"
"28/05/2008","1094.4","1097.28","1094.4","1097.28","476.04"
"29/05/2008","1097.28","1098.24","1094.4","1098.24","577.08"
"30/05/2008","1095.36","1104","1094.4","1104","85.42"
"02/06/2008","1101.12","1101.12","1094.4","1094.4","43.75"
"03/06/2008","1094.4","1094.4","1094.4","1094.4","26.04"
"04/06/2008","1084.8","1095.36","1084.8","1095.36","68.75"
"06/06/2008","1094.4","1104","1094.4","1104","957.29"
"09/06/2008","1121.28","1121.28","1094.4","1094.4","394.79"
"10/06/2008","1094.4","1095.36","1094.4","1095.36","180.21"
"11/06/2008","1095.36","1099.2","1094.4","1099.2","356.25"
"12/06/2008","1094.4","1099.2","1094.4","1099.2","39.58"
"13/06/2008","1099.2","1099.2","1094.4","1099.2","664.58"
"16/06/2008","1098.24","1104","1098.24","1104","1353.12"
"17/06/2008","1099.2","1099.2","1099.2","1099.2","104.17"
"18/06/2008","1097.28","1099.2","1097.28","1099.2","1446.88"
"19/06/2008","1088.64","1102.08","1088.64","1088.64","60.42"
"20/06/2008","1088.64","1088.64","1080.96","1080.96","1604.17"
"23/06/2008","1068.48","1068.48","1068.48","1068.48","6.25"
"24/06/2008","1099.2","1099.2","1099.2","1099.2","10.42"
"25/06/2008","1069.44","1093.44","1069.44","1093.44","1128.12"
"26/06/2008","1080","1080","1080","1080","130.21"
"27/06/2008","1080","1080","1072.32","1072.32","2006.25"
"30/06/2008","1061.76","1089.6","1061.76","1063.68","72.92"
"01/07/2008","1063.68","1091.52","1063.68","1091.52","400"
"03/07/2008","1089.6","1089.6","1089.6","1089.6","104.17"
"04/07/2008","1071.36","1075.2","1071.36","1075.2","67.71"
"07/07/2008","1070.4","1084.8","1070.4","1084.8","9.38"
"08/07/2008","1084.8","1084.8","1080","1084.8","2530.21"
"09/07/2008","1067.52","1075.2","1067.52","1075.2","125"
"10/07/2008","1084.8","1084.8","1084.8","1084.8","31.25"
"14/07/2008","1070.4","1084.8","1070.4","1084.8","379.17"
"15/07/2008","1084.8","1084.8","1084.8","1084.8","1490.62"
"16/07/2008","1092.48","1092.48","1084.8","1084.8","1000"
"17/07/2008","1061.76","1084.8","1061.76","1084.8","1750"
"18/07/2008","1065.6","1084.8","1065.6","1084.8","11.46"
"21/07/2008","1069.44","1084.8","1056","1084.8","145.83"
"22/07/2008","1065.6","1084.8","1065.6","1084.8","3.12"
"23/07/2008","1084.8","1084.8","1075.2","1075.2","203.12"
"24/07/2008","1084.8","1084.8","1084.8","1084.8","20.83"
"25/07/2008","1067.52","1084.8","1065.6","1075.2","81.25"
"28/07/2008","1084.8","1084.8","1056","1083.84","5633.33"
"29/07/2008","1079.04","1079.04","1076.16","1076.16","281.25"
"31/07/2008","1061.76","1083.84","1061.76","1083.84","48.96"
"01/08/2008","1020.48","1081.92","1020.48","1081.92","83.33"
"04/08/2008","1080.96","1080.96","1017.6","1032.96","212.5"
"05/08/2008","1075.2","1075.2","1056","1056","114.58"
"06/08/2008","1056","1056","1056","1056","2.08"
"07/08/2008","1056","1056","1056","1056","62.5"
"08/08/2008","1073.28","1073.28","1073.28","1073.28","26.04"
"11/08/2008","1039.68","1039.68","1039.68","1039.68","10.42"
"12/08/2008","1033.92","1033.92","1033.92","1033.92","78.12"
"13/08/2008","1040.64","1072.32","1036.8","1036.8","3136.46"
"15/08/2008","1056","1056","1056","1056","312.5"
"18/08/2008","1070.4","1070.4","1070.4","1070.4","252.08"
"26/08/2008","1033.92","1065.6","1033.92","1065.6","16.67"
"27/08/2008","1056","1069.44","1056","1069.44","1563.54"
"28/08/2008","1056","1056","1056","1056","5240.62"
"29/08/2008","1042.56","1068.48","1042.56","1068.48","2.08"
"02/09/2008","1080","1080","1080","1080","20.83"
"03/09/2008","1065.6","1065.6","1065.6","1065.6","10.42"
"04/09/2008","1056","1056","1056","1056","41.67"
"05/09/2008","1080","1080","1065.6","1065.6","223.96"
"08/09/2008","1065.6","1065.6","1046.4","1046.4","106.25"
"09/09/2008","1046.4","1046.4","1036.8","1036.8","1626.04"
"11/09/2008","1012.8","1036.8","1011.84","1036.8","68.75"
"12/09/2008","983.04","988.8","975.36","975.36","506.25"
"15/09/2008","1029.12","1029.12","918.72","986.88","260.42"
"16/09/2008","929.28","940.8","929.28","929.28","2103.12"
"17/09/2008","873.6","960","873.6","873.6","631.25"
"18/09/2008","925.44","925.44","925.44","925.44","168.75"
"19/09/2008","977.28","977.28","960","960","2255.21"
"22/09/2008","988.8","996.48","988.8","996.48","130.21"
"23/09/2008","964.8","964.8","964.8","964.8","158.33"
"24/09/2008","979.2","979.2","979.2","979.2","1.04"
"25/09/2008","960","969.6","960","969.6","8698.96"
"26/09/2008","960","960","960","960","9.38"
"29/09/2008","957.12","957.12","902.4","905.28","131.25"
"30/09/2008","951.36","951.36","874.56","875.52","385.42"
"03/10/2008","878.4","927.36","868.8","868.8","3272.92"
"06/10/2008","916.8","916.8","864","864","2064.58"
"07/10/2008","911.04","911.04","856.32","900.48","1531.25"
"08/10/2008","899.52","912","860.16","912","7078.12"
"09/10/2008","912","915.84","878.4","915.84","8535.42"
"10/10/2008","861.12","864","861.12","861.12","593.75"
"13/10/2008","911.04","912","911.04","912","8751.04"
"14/10/2008","922.56","966.72","922.56","950.4","6804.17"
"15/10/2008","902.4","948.48","902.4","920.64","4643.75"
"16/10/2008","912","912","907.2","907.2","2386.46"
"17/10/2008","912","940.8","912","940.8","4922.92"
"20/10/2008","912","940.8","912","940.8","63.54"
"21/10/2008","915.84","940.8","915.84","940.8","11.46"
"22/10/2008","916.8","916.8","912","912","19.79"
"23/10/2008","912","912","912","912","72.92"
"24/10/2008","902.4","907.2","866.88","866.88","1112.5"
"27/10/2008","865.92","865.92","826.56","862.08","7728.12"
"28/10/2008","827.52","868.8","827.52","864","7902.08"
"29/10/2008","864","883.2","864","864.96","260.42"
"30/10/2008","878.4","892.8","878.4","892.8","471.88"
"31/10/2008","892.8","911.04","892.8","911.04","175"
"03/11/2008","911.04","916.8","911.04","912","2418.75"
"04/11/2008","912","912","873.6","912","2094.79"
"05/11/2008","893.76","931.2","893.76","931.2","4596.88"
"07/11/2008","913.92","913.92","912","912","550"
"10/11/2008","912.96","931.2","912.96","931.2","98.96"
"11/11/2008","912","931.2","912","931.2","1312.5"
"12/11/2008","940.8","940.8","875.52","875.52","490.62"
"13/11/2008","866.88","866.88","866.88","866.88","13.54"
"14/11/2008","911.04","911.04","875.52","875.52","80.21"
"17/11/2008","877.44","907.2","873.6","873.6","34.38"
"19/11/2008","872.64","909.12","872.64","909.12","802.08"
"20/11/2008","902.4","907.2","902.4","907.2","398.96"
"21/11/2008","892.8","892.8","883.2","883.2","3614.58"
"24/11/2008","883.2","892.8","878.4","892.8","19963.54"
"25/11/2008","901","905","901","904","2817"
"26/11/2008","930","930","906","906","238"
"27/11/2008","905","929","905","925","127"
"28/11/2008","910","925","910","925","1400"
"01/12/2008","906","911","906","911","176"
"02/12/2008","907","907","907","907","102"
"03/12/2008","907","909","905","906","429"
"04/12/2008","905","909","900","900","295"
"05/12/2008","900","900","900","900","1313"
"11/12/2008","909","909","909","909","30"
"12/12/2008","909","909","900","900","128"
"15/12/2008","909","909","857","857","6"
"16/12/2008","865","865","865","865","77"
"17/12/2008","900","900","900","900","4"
"18/12/2008","870","880","846","871","2306"
"19/12/2008","898","900","872","900","2944"
"22/12/2008","874","874","874","874","10"
"23/12/2008","877","893","877","890","3052"
"24/12/2008","895","895","837","870","525"
"25/12/2008","900","900","900","900","2998"
"26/12/2008","848","884","846","846","5865"
"30/12/2008","796","870","796","870","10550"
"31/12/2008","822","920","822","920","9440"
"06/01/2009","869","869","869","869","171"
"07/01/2009","830","830","830","830","50"
"08/01/2009","820","820","782","782","2480"
"09/01/2009","800","800","800","800","450"
"12/01/2009","790","800","790","800","30"
"13/01/2009","771","795","771","795","79"
"14/01/2009","795","795","780","780","230"
"15/01/2009","763","780","763","780","606"
"16/01/2009","781","800","781","800","950"
"19/01/2009","770","781","763","781","17"
"20/01/2009","780","800","780","800","293"
"22/01/2009","800","800","800","800","600"
"23/01/2009","771","771","771","771","1"
"26/01/2009","772","775","772","775","14"
"27/01/2009","765","800","765","800","1100"
"28/01/2009","800","805","800","805","210"
"30/01/2009","791","791","791","791","5"
"02/02/2009","800","800","800","800","2000"
"03/02/2009","780","820","780","820","59"
"05/02/2009","801","801","800","800","1007"
"06/02/2009","815","815","780","815","1683"
"09/02/2009","815","815","815","815","956"
"10/02/2009","817","817","817","817","1"
"11/02/2009","805","805","805","805","533"
"12/02/2009","805","809","805","809","82"
"13/02/2009","809","809","805","809","107"
"16/02/2009","806","806","805","805","1130"
"17/02/2009","810","810","810","810","1"
"18/02/2009","810","822","810","820","574"
"19/02/2009","822","822","822","822","3"
"20/02/2009","825","825","820","820","1620"
"23/02/2009","825","825","825","825","200"
"24/02/2009","820","820","820","820","162"
"25/02/2009","815","815","800","800","8"
"26/02/2009","810","811","810","811","104"
"27/02/2009","815","825","815","825","560"
"02/03/2009","825","825","825","825","2741"
"03/03/2009","825","825","825","825","1000"
"04/03/2009","820","825","820","825","849"
"05/03/2009","787","787","787","787","54"
"06/03/2009","800","801","800","801","252"
"09/03/2009","800","800","800","800","1593"
"12/03/2009","800","800","800","800","203"
"13/03/2009","805","825","805","825","899"
"17/03/2009","805","829","805","805","255"
"19/03/2009","805","810","805","810","493"
"20/03/2009","809","820","809","820","6050"
"23/03/2009","800","820","800","820","1617"
"24/03/2009","801","801","801","801","3"
"25/03/2009","820","820","820","820","20000"
"26/03/2009","805","805","804","804","20"
"27/03/2009","810","810","810","810","173"
"30/03/2009","810","810","810","810","1500"
"31/03/2009","803","810","801","810","557"
"01/04/2009","810","810","810","810","200"
"02/04/2009","800","800","800","800","80"
"06/04/2009","801","801","796","796","205"
"07/04/2009","780","780","761","765","150"
"09/04/2009","767","767","765","766","75"
"10/04/2009","766","766","766","766","8"
"13/04/2009","762","762","762","762","124"
"14/04/2009","797","797","797","797","2"
"16/04/2009","762","800","756","797","389"
"17/04/2009","797","808","797","808","94"
"22/04/2009","807","810","807","810","990"
"23/04/2009","818","820","810","820","4219"
"24/04/2009","820","820","819","820","750"
"30/04/2009","782","819","782","819","32"
"04/05/2009","817","817","803","815","773"
"07/05/2009","810","818","809","818","10261"
"11/05/2009","810","819","810","819","106"
"12/05/2009","818","818","818","818","5"
"14/05/2009","817","822","817","820","4476"
"15/05/2009","814","823","814","823","188"
"25/05/2009","819","820","819","820","21000"
"27/05/2009","819","820","819","820","20"
"28/05/2009","819","819","811","819","111"
"29/05/2009","820","824","804","804","13077"
"01/06/2009","830","850","830","850","38"
"02/06/2009","845","845","835","836","11"
"03/06/2009","815","815","800","800","410"
"04/06/2009","801","809","800","801","122"
"05/06/2009","810","814","800","800","1151"
"08/06/2009","808","808","800","806","70"
"09/06/2009","801","805","794","805","56"
"11/06/2009","791","808","790","808","77"
"12/06/2009","805","805","790","790","304"
"15/06/2009","806","806","806","806","10"
"16/06/2009","797","806","786","802","267"
"17/06/2009","801","801","800","800","535"
"18/06/2009","800","800","791","800","19"
"22/06/2009","800","800","800","800","50"
"23/06/2009","791","797","786","797","135"
"25/06/2009","787","787","784","784","342"
"26/06/2009","784","795","780","795","2843"
"29/06/2009","795","795","795","795","20"
"30/06/2009","790","790","790","790","1"
"01/07/2009","795","795","795","795","50"
"02/07/2009","782","782","780","780","180"
"03/07/2009","780","788","775","788","202"
"08/07/2009","788","788","788","788","45"
"09/07/2009","788","788","788","788","35"
"13/07/2009","772","772","765","765","16"
"14/07/2009","769","769","765","765","94"
"15/07/2009","785","785","785","785","20"
"16/07/2009","789","789","750","750","35001"
"20/07/2009","782","782","781","782","1362"
"21/07/2009","780","780","751","775","289"
"22/07/2009","756","756","753","753","10"
"23/07/2009","780","780","780","780","2100"
"24/07/2009","780","780","762","779","30052"
"28/07/2009","770","770","770","770","32065"
"29/07/2009","770","770","770","770","150"
"31/07/2009","758","758","753","755","113"
"03/08/2009","760","760","760","760","4"
"05/08/2009","752","752","752","752","124"
"06/08/2009","784","784","770","770","21400"
"07/08/2009","770","770","770","770","2231"
"12/08/2009","760","770","760","770","2"
"18/08/2009","760","760","760","760","2"
"19/08/2009","768","769","768","769","2125"
"24/08/2009","770","770","770","770","1"
"25/08/2009","770","770","770","770","5100"
"26/08/2009","770","770","770","770","1000"
"28/08/2009","770","770","770","770","145"
"31/08/2009","760","760","760","760","101"
"02/09/2009","760","770","752","770","505"
"07/09/2009","760","760","760","760","45"
"08/09/2009","770","770","770","770","10"
"09/09/2009","760","760","760","760","47"
"11/09/2009","751","769","751","769","250"
"14/09/2009","755","755","753","753","5"
"15/09/2009","755","755","753","753","100"
"16/09/2009","760","760","760","760","42"
"24/09/2009","757","757","757","757","2"
"25/09/2009","760","770","760","770","15300"
"29/09/2009","770","770","770","770","10"
"30/09/2009","760","760","760","760","30"
"01/10/2009","770","794","770","794","1360"
"02/10/2009","785","809","785","799","724"
"05/10/2009","800","820","795","813","5800"
"06/10/2009","813","825","813","825","4730"
"07/10/2009","825","873","825","873","4340"
"08/10/2009","871","889","871","885","4613"
"09/10/2009","884","888","871","880","1350"
"12/10/2009","880","882","880","880","178"
"13/10/2009","880","880","875","880","149"
"14/10/2009","880","880","878","880","640"
"15/10/2009","880","880","880","880","222"
"16/10/2009","880","888","880","880","725"
"19/10/2009","885","885","880","880","369"
"20/10/2009","880","880","880","880","638"
"21/10/2009","880","880","870","880","4489"
"22/10/2009","870","885","866","866","1528"
"23/10/2009","874","875","870","875","4051"
"26/10/2009","870","870","867","867","133"
"27/10/2009","870","874","868","874","474"
"28/10/2009","872","873","855","873","793"
"29/10/2009","869","874","855","874","381"
"30/10/2009","862","870","856","870","317"
"02/11/2009","870","870","870","870","50"
"03/11/2009","870","870","865","869","237"
"04/11/2009","865","870","865","870","3005"
"05/11/2009","866","866","860","860","2072"
"09/11/2009","865","865","859","859","503"
"10/11/2009","860","860","860","860","80"
"11/11/2009","855","860","847","858","1054"
"12/11/2009","858","872","848","872","1440"
"13/11/2009","865","865","865","865","500"
"16/11/2009","864","869","864","869","88"
"19/11/2009","870","874","850","874","644"
"20/11/2009","869","872","869","872","419"
"23/11/2009","884","884","884","884","2000"
"24/11/2009","885","937","855","937","2600"
"25/11/2009","936","950","936","950","2580"
"26/11/2009","931","967","931","947","2059"
"30/11/2009","943","945","943","945","2071"
"02/12/2009","944","944","915","928","2610"
"03/12/2009","905","939","893","939","504"
"04/12/2009","900","940","900","910","191"
"07/12/2009","935","935","930","933","2150"
"08/12/2009","930","933","930","933","151"
"09/12/2009","930","930","930","930","21"
"10/12/2009","933","933","886","930","1164"
"11/12/2009","929","929","928","929","2140"
"14/12/2009","930","930","930","930","1002"
"15/12/2009","930","930","900","930","247"
"16/12/2009","928","928","928","928","270"
"21/12/2009","881","928","873","928","1061"
"22/12/2009","905","928","905","928","1750"
"23/12/2009","926","950","885","950","6760"
"24/12/2009","1000","1000","995","995","11000"
"25/12/2009","999","999","975","990","9018"
"28/12/2009","932","990","932","990","682"
"29/12/2009","989","989","970","987","1650"
"30/12/2009","985","986","937","983","8806"
"31/12/2009","932","933","925","925","959"
"04/01/2010","887","924","870","924","467"
"06/01/2010","872","875","869","875","930"
"12/01/2010","871","871","870","870","55"
"13/01/2010","870","870","870","870","50"
"14/01/2010","860","860","850","860","97"
"15/01/2010","860","860","860","860","1000"
"18/01/2010","860","860","860","860","1579"
"19/01/2010","820","860","820","860","1039"
"20/01/2010","860","860","837","860","638"
"26/01/2010","860","860","860","860","15"
"27/01/2010","846","846","831","831","100"
"28/01/2010","850","860","850","850","5844"
"01/02/2010","841","869","841","845","305"
"02/02/2010","825","845","825","845","150"
"09/02/2010","850","850","850","850","30"
"10/02/2010","852","852","852","852","38"
"11/02/2010","855","855","855","855","2000"
"12/02/2010","855","870","850","870","853"
"16/02/2010","858","858","858","858","20"
"17/02/2010","855","855","851","852","321"
"18/02/2010","856","860","856","859","5074"
"19/02/2010","863","875","863","875","142"
"22/02/2010","878","879","875","875","1520"
"24/02/2010","889","890","888","888","5607"
"26/02/2010","877","898","877","898","172"
"01/03/2010","898","905","898","905","6765"
"02/03/2010","902","902","901","901","12"
"03/03/2010","900","918","900","918","120"
"04/03/2010","915","918","915","918","4083"
"05/03/2010","905","918","905","918","12014"
"08/03/2010","905","905","905","905","20"
"09/03/2010","918","918","918","918","2019"
"10/03/2010","901","901","901","901","100"
"11/03/2010","901","906","901","906","210"
"12/03/2010","901","918","901","918","19"
"16/03/2010","895","897","895","897","173"
"17/03/2010","897","897","897","897","6"
"18/03/2010","905","913","889","890","3000"
"19/03/2010","900","900","900","900","1649"
"22/03/2010","919","919","919","919","1"
"23/03/2010","890","900","890","900","1050"
"24/03/2010","920","920","910","910","332"
"25/03/2010","906","910","906","910","98"
"26/03/2010","918","960","915","915","19900"
"29/03/2010","959","960","957","960","11010"
"30/03/2010","969","985","968","970","3484"
"31/03/2010","971","971","970","970","298"
"02/04/2010","930","930","930","930","22"
"05/04/2010","930","931","930","930","2696"
"06/04/2010","969","969","969","969","60"
"08/04/2010","968","968","960","960","1810"
"09/04/2010","960","961","960","961","2702"
"12/04/2010","935","935","935","935","40"
"13/04/2010","937","970","937","970","2206"
"14/04/2010","978","978","978","978","5"
"15/04/2010","943","978","943","978","3"
"16/04/2010","978","988","978","980","8102"
"19/04/2010","948","979","948","979","121"
"20/04/2010","957","1010","957","1010","24982"
"21/04/2010","1010","1010","980","980","350"
"22/04/2010","1025","1025","980","980","1274"
"26/04/2010","985","985","985","985","130"
"27/04/2010","999","999","985","990","543"
"28/04/2010","971","987","971","987","250"
"29/04/2010","995","1009","995","1009","14565"
"30/04/2010","1010","1010","1000","1000","673"
"03/05/2010","1010","1010","1010","1010","456"
"04/05/2010","1010","1028","1010","1028","2207"
"05/05/2010","1010","1010","1010","1010","1000"
"06/05/2010","1010","1010","1000","1000","1235"
"07/05/2010","1003","1003","1001","1002","653"
"10/05/2010","1008","1008","1001","1001","92"
"11/05/2010","1019","1019","1010","1010","301"
"12/05/2010","1015","1015","1015","1015","84"
"13/05/2010","1030","1030","1030","1030","5"
"14/05/2010","1010","1028","1010","1028","1853"
"17/05/2010","1025","1027","1023","1025","5097"
"18/05/2010","1028","1029","1025","1028","10108"
"20/05/2010","1025","1030","1020","1030","1437"
"21/05/2010","1049","1049","1049","1049","1"
"24/05/2010","1014","1014","1010","1010","1300"
"25/05/2010","1015","1040","1015","1040","1004"
"27/05/2010","1010","1010","1010","1010","1"
"28/05/2010","1000","1000","1000","1000","12"
"01/06/2010","1000","1000","1000","1000","4"
"03/06/2010","985","985","985","985","11"
"04/06/2010","986","995","986","995","239"
"07/06/2010","1000","1000","1000","1000","3"
"09/06/2010","1000","1000","986","986","11"
"11/06/2010","990","990","990","990","1165"
"14/06/2010","985","985","985","985","166"
"16/06/2010","986","986","986","986","10"
"17/06/2010","985","985","984","985","1519"
"18/06/2010","950","1000","950","950","140"
"22/06/2010","952","952","952","952","5"
"23/06/2010","951","984","951","984","355"
"25/06/2010","960","960","960","960","8"
"29/06/2010","984","999","952","999","139"
"01/07/2010","952","952","952","952","10"
"02/07/2010","960","960","960","960","500"
"07/07/2010","960","960","960","960","510"
"08/07/2010","950","950","949","950","721"
"12/07/2010","950","950","950","950","1650"
"14/07/2010","925","925","925","925","42"
"15/07/2010","980","980","980","980","2"
"19/07/2010","925","925","925","925","2"
"20/07/2010","921","921","921","921","20"
"22/07/2010","923","923","923","923","122"
"23/07/2010","925","960","925","960","133"
"26/07/2010","959","959","959","959","12"
"27/07/2010","958","958","958","958","20"
"28/07/2010","960","960","960","960","248"
"29/07/2010","960","960","960","960","156"
"02/08/2010","960","960","910","960","230"
"03/08/2010","979","979","975","975","5"
"04/08/2010","970","970","970","970","6"
"05/08/2010","969","969","969","969","6"
"06/08/2010","970","985","969","985","296"
"09/08/2010","985","985","985","985","108"
"10/08/2010","980","980","980","980","12"
"11/08/2010","985","985","985","985","5"
"12/08/2010","958","985","958","959","116"
"16/08/2010","985","985","985","985","1"
"17/08/2010","985","985","985","985","68"
"19/08/2010","985","988","930","988","414"
"24/08/2010","980","985","980","985","300"
"26/08/2010","985","985","985","985","26"
"27/08/2010","985","985","985","985","5"
"31/08/2010","985","985","985","985","25"
"01/09/2010","989","989","989","989","9"
"02/09/2010","950","980","950","980","55"
"03/09/2010","985","985","985","985","280"
"07/09/2010","990","996","980","990","3316"
"13/09/2010","951","979","940","979","18"
"15/09/2010","985","985","985","985","575"
"16/09/2010","984","985","984","985","50"
"17/09/2010","985","990","985","990","532"
"20/09/2010","958","990","958","985","2799"
"21/09/2010","985","986","985","985","602"
"22/09/2010","991","1000","991","1000","100"
"27/09/2010","974","974","970","970","12"
"28/09/2010","997","997","997","997","1"
"01/10/2010","996","997","996","997","21"
"04/10/2010","985","997","985","997","24"
"05/10/2010","960","960","960","960","24"
"07/10/2010","980","980","980","980","3040"
"08/10/2010","996","996","995","996","40"
"12/10/2010","989","989","989","989","27"
"13/10/2010","969","990","969","990","159"
"14/10/2010","993","993","993","993","150"
"15/10/2010","974","994","970","994","922"
"18/10/2010","995","995","995","995","1487"
"19/10/2010","995","1010","975","1010","611"
"20/10/2010","1010","1061","1010","1060","8273"
"22/10/2010","1041","1060","1041","1060","311"
"27/10/2010","1000","1010","1000","1008","348"
"28/10/2010","1025","1026","1025","1026","257"
"01/11/2010","1020","1020","1020","1020","630"
"02/11/2010","1020","1020","1016","1016","640"
"03/11/2010","1049","1049","1049","1049","1"
"08/11/2010","1008","1078","1008","1078","6342"
"12/11/2010","1075","1075","1075","1075","47"
"15/11/2010","1074","1074","1074","1074","500"
"19/11/2010","1050","1074","1050","1074","644"
"22/11/2010","1020","1020","1020","1020","314"
"23/11/2010","1060","1060","1060","1060","302"
"25/11/2010","1059","1059","1059","1059","977"
"26/11/2010","1023","1058","1008","1058","121"
"29/11/2010","1012","1068","1012","1068","603"
"30/11/2010","1023","1072","1023","1072","2"
"02/12/2010","1022","1071","1022","1069","524"
"06/12/2010","1060","1068","1060","1068","310"
"08/12/2010","1066","1075","1066","1075","994"
"09/12/2010","1027","1027","1027","1027","123"
"10/12/2010","1036","1069","1027","1069","816"
"13/12/2010","1031","1031","1031","1031","1"
"14/12/2010","1032","1035","1031","1031","892"
"16/12/2010","1028","1028","1020","1025","833"
"17/12/2010","1035","1035","1035","1035","150"
"20/12/2010","1020","1020","1020","1020","100"
"21/12/2010","1035","1035","1013","1013","75"
"22/12/2010","1015","1015","1013","1013","5980"
"23/12/2010","1014","1015","1014","1015","817"
"24/12/2010","1012","1012","1006","1007","755"
"27/12/2010","1008","1008","1006","1006","120"
"29/12/2010","1006","1006","992","1006","285"
"30/12/2010","1005","1005","1005","1005","100"
"31/12/2010","1005","1034","992","1030","563"
"03/01/2011","1036","1036","1035","1035","830"
"04/01/2011","1008","1025","1008","1025","223"
"05/01/2011","1025","1030","1025","1030","14337"
"06/01/2011","1035","1035","1011","1030","10575"
"07/01/2011","1035","1050","1035","1050","1586"
"10/01/2011","1023","1050","1023","1050","504"
"12/01/2011","1050","1099","1050","1099","1240"
"13/01/2011","1095","1130","1095","1103","4544"
"14/01/2011","1103","1130","1103","1130","6657"
"17/01/2011","1120","1120","1120","1120","2177"
"18/01/2011","1099","1119","1056","1119","255"
"19/01/2011","1066","1115","1066","1115","1971"
"20/01/2011","1085","1099","1080","1098","459"
"21/01/2011","1099","1115","1099","1115","214"
"24/01/2011","1080","1113","1080","1113","49"
"25/01/2011","1072","1111","1072","1111","201"
"26/01/2011","1111","1111","1111","1111","46"
"28/01/2011","1081","1081","1070","1080","7145"
"31/01/2011","1070","1080","1070","1070","2390"
"03/02/2011","1070","1070","1070","1070","2059"
"07/02/2011","1070","1100","1038","1100","128"
"08/02/2011","1098","1100","1098","1100","375"
"09/02/2011","1080","1080","1080","1080","3000"
"10/02/2011","1060","1060","1050","1050","100"
"11/02/2011","1054","1071","1054","1070","3365"
"14/02/2011","1090","1090","1090","1090","2"
"18/02/2011","1060","1060","1054","1054","335"
"21/02/2011","1036","1037","1000","1002","2515"
"22/02/2011","1003","1020","1000","1020","3106"
"23/02/2011","1020","1020","1020","1020","370"
"24/02/2011","1020","1020","1020","1020","504"
"25/02/2011","1015","1019","1010","1010","1051"
"28/02/2011","1010","1019","1010","1019","94"
"01/03/2011","1012","1017","1012","1012","4293"
"03/03/2011","1013","1013","1013","1013","1700"
"04/03/2011","1015","1015","1011","1012","110"
"07/03/2011","1012","1012","1012","1012","2850"
"08/03/2011","1016","1016","1016","1016","65"
"09/03/2011","1013","1013","1013","1013","138"
"11/03/2011","1016","1016","1014","1014","1173"
"14/03/2011","1020","1020","1020","1020","62"
"15/03/2011","1021","1021","1018","1021","6052"
"16/03/2011","1021","1021","1020","1021","870"
"17/03/2011","1020","1020","1020","1020","45"
"18/03/2011","1024","1060","1024","1060","250"
"21/03/2011","1012","1020","1012","1020","123"
"25/03/2011","1020","1020","1020","1020","282"
"28/03/2011","1016","1016","1016","1016","20"
"30/03/2011","1018","1018","1018","1018","8000"
"31/03/2011","1018","1018","1013","1013","1620"
"01/04/2011","1013","1013","1005","1005","4040"
"04/04/2011","1005","1005","1005","1005","1834"
"06/04/2011","1019","1019","1005","1010","1752"
"07/04/2011","968","1010","968","1010","65"
"15/04/2011","1004","1004","1004","1004","495"
"18/04/2011","1004","1004","1004","1004","2"
"19/04/2011","1005","1005","999","999","2260"
"22/04/2011","999","999","999","999","305"
"26/04/2011","1000","1000","999","999","81"
"27/04/2011","984","984","984","984","58"
"29/04/2011","932","940","931","932","1211"
"03/05/2011","950","950","950","950","20"
"04/05/2011","950","950","950","950","5"
"05/05/2011","990","990","990","990","5"
"06/05/2011","950","985","938","985","14"
"11/05/2011","970","970","970","970","3015"
"13/05/2011","960","988","960","988","136"
"16/05/2011","989","989","989","989","4"
"17/05/2011","962","963","930","930","103"
"18/05/2011","936","936","930","932","5039"
"19/05/2011","945","945","945","945","150"
"20/05/2011","967","967","945","945","495"
"24/05/2011","933","933","910","910","215"
"25/05/2011","915","916","915","916","251"
"26/05/2011","923","923","923","923","252"
"27/05/2011","945","970","945","970","677"
"30/05/2011","975","975","975","975","3"
"31/05/2011","985","989","975","989","1703"
"01/06/2011","975","1000","975","1000","205"
"06/06/2011","955","955","955","955","4"
"08/06/2011","990","990","990","990","2000"
"09/06/2011","989","989","989","989","130"
"10/06/2011","990","990","990","990","36"
"15/06/2011","985","985","980","980","3110"
"16/06/2011","985","985","930","930","151"
"17/06/2011","977","977","930","931","945"
"20/06/2011","977","977","930","930","24"
"23/06/2011","903","903","903","903","160"
"24/06/2011","911","911","911","911","4533"
"28/06/2011","965","965","965","965","11"
"29/06/2011","965","965","916","916","13"
"30/06/2011","910","910","910","910","205"
"04/07/2011","952","963","952","963","11"
"07/07/2011","910","910","910","910","20"
"08/07/2011","909","909","909","909","4"
"15/07/2011","911","911","911","911","12"
"18/07/2011","915","915","915","915","500"
"19/07/2011","932","946","915","925","751"
"20/07/2011","946","959","946","959","19"
"21/07/2011","978","978","910","910","18"
"22/07/2011","911","911","911","911","85"
"25/07/2011","962","962","962","962","4"
"26/07/2011","912","922","912","922","209"
"01/08/2011","931","931","867","867","138"
"02/08/2011","833","917","833","917","1004"
"03/08/2011","862","862","862","862","24"
"04/08/2011","870","910","851","853","255"
"05/08/2011","834","834","834","834","461"
"08/08/2011","840","883","791","883","15061"
"09/08/2011","831","832","831","832","2073"
"10/08/2011","832","832","808","808","300"
"11/08/2011","790","848","790","796","1030"
"12/08/2011","820","840","820","825","1047"
"15/08/2011","828","874","828","874","5"
"16/08/2011","865","865","822","830","258"
"17/08/2011","865","865","830","830","95"
"19/08/2011","834","834","834","834","88"
"23/08/2011","834","834","834","834","15"
"26/08/2011","816","825","816","825","385"
"30/08/2011","834","834","816","816","19"
"05/09/2011","820","820","818","818","405"
"06/09/2011","823","823","822","822","3"
"07/09/2011","861","862","861","861","26"
"08/09/2011","850","850","850","850","500"
"09/09/2011","850","850","816","816","483"
"12/09/2011","862","862","862","862","1"
"13/09/2011","898","898","898","898","1778"
"15/09/2011","898","898","898","898","3"
"16/09/2011","898","898","890","890","4100"
"19/09/2011","850","861","850","860","1322"
"21/09/2011","855","855","855","855","15"
"23/09/2011","855","860","830","860","582"
"26/09/2011","850","850","850","850","365"
"27/09/2011","850","850","850","850","647"
"29/09/2011","850","899","850","899","50"
"30/09/2011","899","900","855","900","990"
"05/10/2011","865","865","860","860","80"
"06/10/2011","860","860","860","860","1460"
"07/10/2011","860","860","860","860","105"
"10/10/2011","860","866","860","866","621"
"12/10/2011","865","866","865","866","159"
"13/10/2011","875","875","862","862","1734"
"17/10/2011","875","875","875","875","1500"
"18/10/2011","880","880","880","880","520"
"19/10/2011","880","880","880","880","500"
"20/10/2011","888","890","880","880","1220"
"21/10/2011","880","880","880","880","11"
"24/10/2011","865","895","865","880","135"
"25/10/2011","880","880","880","880","504"
"26/10/2011","881","881","881","881","180"
"28/10/2011","880","880","880","880","333"
"31/10/2011","880","880","880","880","32"
"01/11/2011","880","880","880","880","249"
"02/11/2011","880","880","880","880","369"
"04/11/2011","884","900","884","900","375"
"09/11/2011","900","900","900","900","602"
"10/11/2011","900","900","900","900","1400"
"11/11/2011","900","900","900","900","158"
"14/11/2011","900","929","900","900","607"
"16/11/2011","900","915","900","915","3022"
"21/11/2011","900","900","900","900","1052"
"22/11/2011","900","900","900","900","998"
"24/11/2011","900","900","900","900","100"
"25/11/2011","906","906","900","900","2100"
"29/11/2011","900","910","900","905","240"
"30/11/2011","910","910","910","910","114"
"01/12/2011","901","901","901","901","48"
"02/12/2011","905","905","900","900","10760"
"06/12/2011","900","900","900","900","5546"
"07/12/2011","900","900","900","900","6200"
"08/12/2011","901","905","900","905","391"
"09/12/2011","910","910","910","910","23"
"12/12/2011","910","920","910","920","3060"
"13/12/2011","910","919","910","919","18500"
"14/12/2011","919","919","919","919","600"
"15/12/2011","920","920","920","920","200"
"16/12/2011","919","919","905","907","1977"
"19/12/2011","919","919","907","907","71"
"20/12/2011","900","919","900","907","3200"
"21/12/2011","915","915","901","901","1569"
"22/12/2011","901","919","901","915","3209"
"23/12/2011","915","919","905","905","2978"
"26/12/2011","918","919","918","919","3634"
"27/12/2011","905","905","905","905","100"
"28/12/2011","905","913","905","905","2551"
"29/12/2011","910","910","905","906","8915"
"30/12/2011","905","905","905","905","3609"
"04/01/2012","905","910","905","910","46"
"09/01/2012","863","863","861","861","420"
"12/01/2012","906","906","906","906","1"
"13/01/2012","861","861","861","861","530"
"18/01/2012","897","910","897","910","10"
"19/01/2012","875","882","875","882","1519"
"20/01/2012","890","900","890","900","462"
"26/01/2012","899","899","899","899","30"
"27/01/2012","881","899","848","848","683"
"01/02/2012","850","853","850","852","315"
"02/02/2012","855","855","855","855","35"
"03/02/2012","890","892","849","849","37"
"07/02/2012","890","890","890","890","5"
"10/02/2012","885","888","837","840","3137"
"14/02/2012","834","834","834","834","115"
"17/02/2012","826","826","826","826","100"
"20/02/2012","828","828","828","828","390"
"22/02/2012","870","870","870","870","2"
"27/02/2012","837","850","837","850","80"
"28/02/2012","828","850","828","850","720"
"29/02/2012","831","831","830","830","103"
"06/03/2012","836","836","836","836","22"
"07/03/2012","837","837","830","830","600"
"08/03/2012","830","830","825","825","400"
"09/03/2012","826","826","826","826","311"
"12/03/2012","830","830","825","825","35"
"13/03/2012","830","830","830","830","15"
"14/03/2012","829","829","820","820","420"
"15/03/2012","822","822","820","820","15"
"16/03/2012","818","818","810","810","675"
"20/03/2012","806","806","800","800","345"
"23/03/2012","791","799","791","795","1301"
"26/03/2012","792","792","792","792","500"
"27/03/2012","799","799","770","770","279"
"28/03/2012","772","772","772","772","85"
"29/03/2012","795","795","772","772","103"
"30/03/2012","780","780","761","765","2595"
"02/04/2012","762","762","761","761","110"
"03/04/2012","780","780","761","761","60"
"05/04/2012","761","762","761","762","740"
"06/04/2012","763","763","762","762","450"
"09/04/2012","764","764","763","763","1200"
"10/04/2012","775","775","763","765","1093"
"11/04/2012","765","765","765","765","2052"
"12/04/2012","765","765","765","765","2407"
"13/04/2012","769","769","756","756","5211"
"16/04/2012","752","752","750","750","2350"
"17/04/2012","751","751","751","751","40"
"18/04/2012","753","753","750","750","100"
"19/04/2012","760","760","751","751","250"
"20/04/2012","752","760","751","760","4450"
"24/04/2012","804","804","804","804","500"
"25/04/2012","762","770","762","770","369"
"26/04/2012","764","764","764","764","20"
"27/04/2012","764","764","761","761","453"
"30/04/2012","753","753","753","753","22"
"03/05/2012","759","759","750","750","110"
"04/05/2012","751","752","750","752","715"
"08/05/2012","732","788","732","788","16"
"11/05/2012","753","753","753","753","406"
"14/05/2012","790","790","790","790","24"
"15/05/2012","751","788","751","788","565"
"16/05/2012","748","752","748","752","1533"
"17/05/2012","752","752","752","752","500"
"18/05/2012","740","740","740","740","100"
"23/05/2012","715","722","715","722","462"
"24/05/2012","721","721","721","721","2"
"28/05/2012","725","732","725","727","264"
"29/05/2012","766","767","751","751","210"
"30/05/2012","778","788","752","752","267"
"31/05/2012","795","795","770","770","128"
"01/06/2012","770","795","770","795","1264"
"04/06/2012","796","796","780","780","252"
"05/06/2012","790","800","790","800","2280"
"06/06/2012","801","801","800","800","372"
"07/06/2012","800","800","800","800","489"
"08/06/2012","800","830","800","830","319"
"11/06/2012","835","835","835","835","1011"
"12/06/2012","847","860","830","830","400664"
"13/06/2012","848","848","848","848","50"
"15/06/2012","830","845","830","845","650"
"18/06/2012","844","870","844","855","2110"
"19/06/2012","865","879","865","879","274"
"20/06/2012","838","888","836","888","230"
"21/06/2012","885","885","885","885","2000"
"22/06/2012","837","837","837","837","40"
"26/06/2012","863","863","863","863","20"
"27/06/2012","812","812","812","812","20"
"28/06/2012","859","859","835","850","2261"
"29/06/2012","850","865","835","835","20762"
"02/07/2012","830","831","830","830","52"
"03/07/2012","831","831","830","830","738"
"06/07/2012","830","830","830","830","1844"
"09/07/2012","832","832","830","830","445"
"10/07/2012","829","830","829","830","9616"
"13/07/2012","810","810","810","810","1"
"16/07/2012","810","810","810","810","10"
"18/07/2012","810","810","810","810","512"
"19/07/2012","810","810","810","810","10"
"23/07/2012","810","810","810","810","2"
"26/07/2012","840","845","840","845","671"
"27/07/2012","812","813","810","813","70"
"31/07/2012","815","815","815","815","100"
"06/08/2012","830","830","830","830","10"
"16/08/2012","847","854","847","854","1009"
"24/08/2012","853","870","853","870","165"
"27/08/2012","825","890","825","890","42"
"28/08/2012","855","855","855","855","1000"
"30/08/2012","889","900","860","860","5120"
"31/08/2012","860","860","860","860","1585"
"03/09/2012","860","860","860","860","235"
"04/09/2012","844","905","844","905","14"
"06/09/2012","851","903","851","903","32"
"07/09/2012","870","875","855","855","3676"
"10/09/2012","855","855","855","855","306"
"13/09/2012","869","869","869","869","10"
"14/09/2012","840","841","840","841","529"
"17/09/2012","845","845","845","845","141"
"19/09/2012","845","862","845","862","8495"
"21/09/2012","850","850","821","830","3018"
"24/09/2012","840","840","840","840","500"
"26/09/2012","827","830","827","827","1102"
"27/09/2012","876","876","876","876","100"
"28/09/2012","831","831","831","831","340"
"01/10/2012","830","830","830","830","2"
"02/10/2012","830","830","830","830","50"
"03/10/2012","865","865","865","865","100"
"04/10/2012","864","864","818","864","17"
"05/10/2012","816","835","816","835","205"
"08/10/2012","865","865","865","865","10"
"12/10/2012","860","860","860","860","500"
"17/10/2012","820","820","811","820","900"
"18/10/2012","811","812","811","812","124"
"19/10/2012","814","850","814","850","1443"
"23/10/2012","814","821","814","821","1005"
"24/10/2012","822","822","822","822","250"
"25/10/2012","818","818","818","818","100"
"29/10/2012","818","848","818","848","1401"
"30/10/2012","846","846","846","846","2"
"09/11/2012","823","823","823","823","2"
"15/11/2012","822","822","820","820","20"
"19/11/2012","812","820","810","810","339"
"21/11/2012","811","812","811","812","8200"
"22/11/2012","832","835","832","835","6000"
"23/11/2012","830","830","810","810","1501"
"26/11/2012","810","810","810","810","43"
"27/11/2012","810","811","810","810","66"
"29/11/2012","830","835","830","835","1110"
"30/11/2012","840","840","840","840","1032"
"04/12/2012","831","831","831","831","50"
"05/12/2012","840","840","840","840","2000"
"07/12/2012","832","832","832","832","121"
"12/12/2012","840","840","840","840","1000"
"14/12/2012","844","844","844","844","10"
"17/12/2012","835","835","835","835","3000"
"19/12/2012","833","833","833","833","56"
"20/12/2012","839","839","839","839","3000"
"21/12/2012","840","840","840","840","5610"
"24/12/2012","839","840","831","831","700"
"26/12/2012","844","849","831","834","31362"
"28/12/2012","831","831","831","831","1465"
"31/12/2012","831","831","831","831","1325"
"07/01/2013","832","832","832","832","6"
"08/01/2013","835","835","835","835","323"
"09/01/2013","831","835","831","835","410"
"14/01/2013","831","831","831","831","104"
"15/01/2013","831","831","831","831","580"
"16/01/2013","831","850","831","850","251"
"17/01/2013","820","820","820","820","187"
"18/01/2013","820","820","800","800","5015"
"22/01/2013","772","840","772","840","47"
"23/01/2013","830","830","830","830","7"
"28/01/2013","810","812","810","812","421"
"30/01/2013","767","767","767","767","35"
"31/01/2013","809","809","809","809","10"
"04/02/2013","762","810","762","810","50"
"06/02/2013","800","800","800","800","230"
"07/02/2013","770","842","770","842","383"
"08/02/2013","810","830","810","830","223"
"12/02/2013","805","805","805","805","1000"
"14/02/2013","805","805","805","805","6000"
"15/02/2013","781","781","781","781","1600"
"18/02/2013","810","810","810","810","5"
"19/02/2013","805","805","805","805","30"
"20/02/2013","772","809","772","800","1186"
"21/02/2013","776","807.9","776","807.9","2"
"22/02/2013","775","775","775","775","278"
"25/02/2013","775.5","775.5","775","775","314"
"26/02/2013","776","776","775","775","16"
"27/02/2013","764","775","764","765","443"
"28/02/2013","768","803","768","803","4050"
"01/03/2013","771","801","768","772","3108"
"04/03/2013","772","772","772","772","1500"
"05/03/2013","808","808","808","808","2"
"06/03/2013","824","824","824","824","1"
"07/03/2013","776","776","776","776","200"
"08/03/2013","780","815","755","755","1502"
"12/03/2013","750","800","750","800","217"
"13/03/2013","760","809","760","809","15"
"15/03/2013","765","809","765","765","233"
"18/03/2013","765","785","765","785","2"
"19/03/2013","803","803","765","765","6"
"20/03/2013","803","803","766.1","785","100003"
"21/03/2013","766","802","766","766","4"
"22/03/2013","772","784.9","772","784.9","4001"
"25/03/2013","769","772","765","765","102458"
"26/03/2013","782","782","782","782","8"
"28/03/2013","784.9","784.9","784.9","784.9","3"
"03/04/2013","767.1","799","765","799","40"
"08/04/2013","768","800","768","800","3"
"10/04/2013","800","802.9","768","802.9","42"
"11/04/2013","772","805","772","805","162"
"15/04/2013","772","772","770","770","5"
"19/04/2013","770","770","766","768","2600"
"23/04/2013","760","760","760","760","15"
"24/04/2013","760","760","760","760","2148"
"26/04/2013","790","790","790","790","150"
"29/04/2013","790","790","790","790","19800"
"30/04/2013","755.1","790","755.1","790","75"
"10/05/2013","755","755","755","755","100"
"13/05/2013","788","788","788","788","15"
"14/05/2013","785","785","785","785","334"
"17/05/2013","761","761","761","761","1400"
"20/05/2013","789.9","789.9","789.9","789.9","2"
"22/05/2013","770","770","770","770","188"
"23/05/2013","770","770","770","770","4"
"28/05/2013","701.6","784.4","701.6","784.4","50"
"30/05/2013","738","784","738","784","1642"
"04/06/2013","741","779","741","779","3"
"07/06/2013","750","750","750","750","177"
"10/06/2013","741","780","711","780","132"
"11/06/2013","755","780","755","780","100"
"12/06/2013","778","826","734.1","810","30536"
"13/06/2013","766","766","763","763","54"
"14/06/2013","745","746","742","746","7109"
"17/06/2013","790.7","790.7","790.7","790.7","50"
"19/06/2013","808","808","808","808","20"
"20/06/2013","759.6","790","759.6","790","9"
"26/06/2013","760","825","760","825","31034"
"28/06/2013","752","804","752","789","3797"
"05/07/2013","742.5","742.5","742.5","742.5","487"
"09/07/2013","720.5","720.5","700","700","50"
"10/07/2013","740.5","740.5","740.5","740.5","1"
"11/07/2013","740","783","740","783","104"
"12/07/2013","789","789","789","789","10"
"18/07/2013","799","799","799","799","150"
"01/08/2013","755","798","755","798","55"
"05/08/2013","790","798","790","798","200"
"30/08/2013","760","772","760","772","2020"
"03/09/2013","772","772","772","772","179"
"04/09/2013","795","795","795","795","400"
"26/09/2013","780","780","748","748","1123"
"27/09/2013","748","780","748","780","1137"
"04/10/2013","736.1","779","736.1","779","2"
"07/10/2013","736.3","776","735","776","21"
"09/10/2013","755","755","755","755","1522"
"11/10/2013","755","774","755","774","101"
"14/10/2013","774","777","774","777","51"
"25/10/2013","776.9","800","776.9","800","10000"
"28/10/2013","800","800","800","800","6"
"29/10/2013","840","840","752","835","81"
"31/10/2013","790","800","790","800","101"
"01/11/2013","800","800","800","800","1000"
"07/11/2013","810","820","810","820","3039"
"08/11/2013","818","819.9","818","819","1005"
"13/11/2013","769.9","814","769.9","814","130"
"14/11/2013","812","814","812","813.8","733"
"15/11/2013","780","780","780","780","2303"
"22/11/2013","782.1","782.1","782","782","1544"
"25/11/2013","784","784","784","784","50"
"26/11/2013","783","783","737","737","130"
"29/11/2013","765","765","765","765","21"
"02/12/2013","753","753","750.1","750.1","11"
"05/12/2013","751.5","751.5","750","750","100"
"06/12/2013","708","708","708","708","4526"
"09/12/2013","776","776","776","776","15"
"10/12/2013","732","732","732","732","220"
"13/12/2013","734","734","733","733","30"
"16/12/2013","752","776","752","776","130"
"17/12/2013","779","790","779","790","2000"
"18/12/2013","788","804","788","802.8","32339"
"19/12/2013","793","801.9","792","801.9","33484"
"25/12/2013","789","790","789","790","60"
"27/12/2013","790","790","790","790","500"
"02/01/2014","790","790","790","790","50"
"03/01/2014","743","743","743","743","148"
"08/01/2014","744","745","744","745","101"
"09/01/2014","777","777","777","777","5"
"10/01/2014","744","744","730.4","730.4","1984"
"13/01/2014","702","702","702","702","177"
"16/01/2014","747","747","746","747","40"
"20/01/2014","745","745","745","745","50"
"21/01/2014","742","742","742","742","5"
"22/01/2014","733","740","732","740","358"
"23/01/2014","740","740","740","740","50"
"24/01/2014","741","741","741","741","200"
"29/01/2014","731.1","731.1","731.1","731.1","150"
"31/01/2014","732","735","731.1","735","748"
"03/02/2014","735","735","735","735","1372"
"05/02/2014","737","737","737","737","300"
"06/02/2014","737","737","737","737","143"
"07/02/2014","748.9","748.9","748.9","748.9","4"
"11/02/2014","748.9","750","748.9","750","4081"
"12/02/2014","740","767","740","750.1","722"
"13/02/2014","735.2","765.5","735.2","765.5","13"
"14/02/2014","760","760","760","760","80"
"17/02/2014","778.9","778.9","778.9","778.9","1"
"21/02/2014","737.1","756","737","756","25"
"27/02/2014","759.9","760","759.9","760","34"
"03/03/2014","760","760","760","760","70"
"04/03/2014","760","800","760","800","24786"
"06/03/2014","761","795","753","753","1206"
"07/03/2014","760","760","758","758","36"
"11/03/2014","756","756","716","716","167"
"19/03/2014","784","784","784","784","78"
"20/03/2014","795","820","795","820","20116"
"21/03/2014","805","805","784","784","6"
"24/03/2014","771.1","771.1","771","771","20"
"25/03/2014","780","780","780","780","3"
"26/03/2014","780","780","780","780","2"
"27/03/2014","789","789","780","780","192"
"03/04/2014","805","805.8","805","805.8","6"
"04/04/2014","780","780","780","780","404"
"08/04/2014","760","760","760","760","50"
"11/04/2014","795","795","795","795","9540"
"15/04/2014","753","753","753","753","95"
"17/04/2014","798","798","798","798","47"
"29/04/2014","756.1","756.1","750.2","750.2","11"
"30/04/2014","752.5","788","750","788","107"
"07/05/2014","771","771","771","771","300"
"09/05/2014","785","785.1","785","785.1","12851"
"15/05/2014","785","785","785","785","109"
"16/05/2014","770","770","770","770","16"
"22/05/2014","770","780","770","775","408"
"23/05/2014","775","775","775","775","100"
"29/05/2014","726","726","726","726","30"
"30/05/2014","769.5","769.5","769.5","769.5","6"
"06/06/2014","774","774","774","774","144"
"11/06/2014","760","775","760","775","141"
"13/06/2014","760","775","760","775","116"
"17/06/2014","775","808","775","808","30174"
"20/06/2014","759.6","759.6","759.6","759.6","7"
"26/06/2014","740","740","740","740","1"
"27/06/2014","779","779","760","760","27"
"07/07/2014","760","780","760","780","2000"
"08/07/2014","797","797","797","797","4"
"14/07/2014","750","750","750","750","8"
"17/07/2014","786","786","786","786","5"
"18/07/2014","780","780","780","780","800"
"23/07/2014","775","775","775","775","3000"
"31/07/2014","751","751","749.5","749.5","27"
"01/08/2014","749.6","749.6","749.6","749.6","3"
"04/08/2014","777","780","777","780","20"
"07/08/2014","780","780","780","780","100"
"08/08/2014","752","752","752","752","39"
"15/08/2014","780","780","780","780","235"
"25/08/2014","745","745","745","745","100"
"27/08/2014","775","776","775","776","9000"
"28/08/2014","776","785","776","780","5588"
"29/08/2014","780","780","780","780","100"
"03/09/2014","780","780","780","780","150"
"04/09/2014","780","780","780","780","4"
"10/09/2014","758","780","741","780","170"
"11/09/2014","780","780","780","780","625"
"12/09/2014","780","780","780","780","1337"
"15/09/2014","780","780","780","780","262"
"16/09/2014","780","780","780","780","653"
"17/09/2014","784","790","784","790","158"
"19/09/2014","790","790","790","790","547"
"26/09/2014","798","798","798","798","418"
"29/09/2014","760","765","760","765","16"
"30/09/2014","763","796","720","750","592"
"02/10/2014","760","760","760","760","20"
"03/10/2014","797","797","797","797","50"
"07/10/2014","797","797","797","797","800"
"09/10/2014","796","796","796","796","46"
"13/10/2014","785","785","784","784","2002"
"15/10/2014","760","784","760","784","102"
"16/10/2014","763","763","763","763","138"
"17/10/2014","780","780","775","775","2112"
"21/10/2014","775","775","775","775","8"
"22/10/2014","750","755","750","755","3102"
"24/10/2014","755","755","754","755","8567"
"27/10/2014","756","756","756","756","2"
"31/10/2014","758","758","758","758","250"
"03/11/2014","760","760","760","760","16"
"05/11/2014","760","760","760","760","5"
"07/11/2014","760","780","760","780","47"
"10/11/2014","760","760","760","760","500"
"11/11/2014","805","805","805","805","1"
"20/11/2014","757","762","757","760","4023"
"21/11/2014","778","778","778","778","9"
"24/11/2014","760","760","760","760","408"
"28/11/2014","751","777","715","722","82"
"01/12/2014","723","750","715","750","17635"
"02/12/2014","750","750","750","750","2"
"05/12/2014","760","775","725","725","440158"
"08/12/2014","722","722","722","722","141"
"09/12/2014","747","747","747","747","423"
"10/12/2014","726","726","722","722","447"
"15/12/2014","740","740","720","720","431"
"16/12/2014","717","717","717","717","141"
"19/12/2014","700","700","700","700","1159"
"22/12/2014","685","700","670","700","735807"
"23/12/2014","720","720","720","720","155000"
"24/12/2014","733.9","733.9","733.9","733.9","418"
"25/12/2014","733.9","733.9","710","733","70156"
"26/12/2014","712","712","709","710","1098"
"30/12/2014","724.9","724.9","724.9","724.9","6100"
"31/12/2014","725","725","711","711","66"
"02/01/2015","711","711","710","710","50"
"06/01/2015","712","712","712","712","2000"
"09/01/2015","711","750","710","750","1018"
"14/01/2015","750","750","750","750","10400"
"15/01/2015","754","754","754","754","5"
"16/01/2015","750","750","750","750","347"
"21/01/2015","750","750","750","750","2754"
"23/01/2015","747","750","744","744","2819"
"28/01/2015","750","750","725","725","960"
"06/02/2015","747","747","747","747","7"
"11/02/2015","744","744","744","744","1500"
"13/02/2015","725","725","725","725","690"
"20/02/2015","661","681","660","671","2295"
"23/02/2015","676","710","676","710","1432"
"24/02/2015","680","680","680","680","304"
"25/02/2015","681","681","681","681","10"
"26/02/2015","694","694","694","694","109"
"27/02/2015","700","700.1","693","693","188"
"03/03/2015","705","705","700","700","168"
"04/03/2015","700","700","697","697","22"
"06/03/2015","693","693","659","659","1600"
"09/03/2015","692","692","692","692","2"
"10/03/2015","659","680","651","680","147"
"11/03/2015","651","651","651","651","241"
"12/03/2015","680","680","680","680","20"
"13/03/2015","695","695","695","695","100"
"18/03/2015","655","694","655","694","700"
"19/03/2015","665","665","665","665","94"
"20/03/2015","689","689","689","689","40"
"23/03/2015","680","680","680","680","100"
"25/03/2015","676","676","676","676","2"
"30/03/2015","680","680","677","677","115"
"31/03/2015","677","677","677","677","2"
"01/04/2015","670","670","660","660","1123"
"02/04/2015","660","660","660","660","20"
"03/04/2015","665","665","660","660","70"
"07/04/2015","665","665","660","660","382"
"08/04/2015","670","670","670","670","16"
"10/04/2015","665","665","655","655","364"
"15/04/2015","655","655","655","655","7"
"16/04/2015","655","655","655","655","42"
"17/04/2015","655","655","655","655","19"
"20/04/2015","655","655","655","655","89"
"22/04/2015","655","655","650","650","53"
"23/04/2015","651","653","650","653","1978"
"24/04/2015","653","653","653","653","1005"
"27/04/2015","651","652","650","650","4092"
"29/04/2015","650","650","650","650","605"
"30/04/2015","650","650","650","650","176"
"05/05/2015","650","650.1","650","650","215"
"06/05/2015","650","650","611","650","3704"
"07/05/2015","650","650","650","650","10"
"13/05/2015","640","640","637","637","166"
"14/05/2015","633","633","633","633","100"
"15/05/2015","649.1","649.1","649.1","649.1","2"
"19/05/2015","650","650","650","650","47"
"20/05/2015","642","642","640","640","1115"
"21/05/2015","640","641","640","641","29"
"22/05/2015","641","650","641","650","6"
"26/05/2015","642","642","642","642","50"
"27/05/2015","642","642","642","642","4140"
"02/06/2015","643","643","643","643","5"
"03/06/2015","642","642","642","642","50"
"04/06/2015","650","650","650","650","2497"
"05/06/2015","650","650","642.2","642.2","1981"
"08/06/2015","642","669","626","669","3175"
"09/06/2015","667","696","642","655","184002"
"10/06/2015","665","665","665","665","147"
"11/06/2015","611","649","611","649","6"
"12/06/2015","620","645","620","645","206"
"16/06/2015","645","645","645","645","153"
"18/06/2015","625","644","625","644","3"
"23/06/2015","622.1","625","621","621","321"
"25/06/2015","626","628.7","611","628.7","332"
"26/06/2015","615","615","600","600","2250"
"30/06/2015","605","625","605","625","348"
"03/07/2015","610.1","627","610.1","627","32"
"13/07/2015","621","621","615","615","20"
"15/07/2015","605","620","605","620","1926"
"23/07/2015","629","630","629","630","91"
"24/07/2015","621","621","620","620","568"
"27/07/2015","615","615.2","615","615.2","500"
"29/07/2015","615","615","615","615","30"
"04/08/2015","625","633.4","625","633.4","92"
"07/08/2015","615","615","600","600","248"
"11/08/2015","658.9","658.9","658.9","658.9","10"
"17/08/2015","619.4","619.4","619.4","619.4","3"
"24/08/2015","630","630","630","630","14"
"25/08/2015","630","630","630","630","27"
"28/08/2015","597","597","596","596","914"
"01/09/2015","596","596","562","562","536"
"04/09/2015","563","563","555","555","594"
"07/09/2015","562","562","562","562","290"
"08/09/2015","562","562","562","562","58"
"09/09/2015","562","562","562","562","140"
"10/09/2015","595","595","595","595","2"
"11/09/2015","620","620","620","620","2"
"16/09/2015","559.4","598.9","559.4","598.9","41"
"18/09/2015","565","565","565","565","56"
"21/09/2015","590","590","590","590","3"
"23/09/2015","560","560","560","560","1"
"28/09/2015","590","590","590","590","50"
"30/09/2015","555","555","555","555","100"
"02/10/2015","588.2","588.3","555","555","54"
"06/10/2015","550","550","550","550","10"
"07/10/2015","537","550","533","550","42"
"12/10/2015","550","550","550","550","108"
"13/10/2015","516","583","516","583","39"
"14/10/2015","560","560","560","560","40"
"20/10/2015","560","560","560","560","3"
"21/10/2015","545","545","545","545","28"
"26/10/2015","531","531","531","531","1"
"27/10/2015","535","549","535","549","8"
"30/10/2015","540","580","540","580","170"
"02/11/2015","580","580","580","580","2"
"04/11/2015","579.2","595","579.2","595","1183"
"09/11/2015","599.9","599.9","599.9","599.9","14"
"11/11/2015","599.9","600","599.9","600","10"
"16/11/2015","598","598","598","598","8015"
"17/11/2015","615","619","615","619","2605"
"19/11/2015","619","648","619","640","570952"
"24/11/2015","601.6","620","601.6","620","13"
"27/11/2015","620","620","620","620","100"
"01/12/2015","600","600","600","600","544"
"02/12/2015","600","600","599","599","2420"
"04/12/2015","590","590","590","590","2500"
"07/12/2015","555","594.9","554.6","554.6","622"
"09/12/2015","580","580","580","580","100"
"10/12/2015","570","570","545.2","545.2","4030"
"11/12/2015","546","546","515","515","1418"
"14/12/2015","515","544.8","515","544.8","182"
"17/12/2015","517","517","515","515","22"
"18/12/2015","515","544.8","502","544.8","752508"
"21/12/2015","544.8","577.4","540","577.4","11451"
"22/12/2015","578","612","578","612","21164"
"23/12/2015","600","635","599","635","262607"
"28/12/2015","660","673","600","664","234127"
"29/12/2015","626.1","639","624.2","624.2","1594"
"30/12/2015","640","640","640","640","4500"
"31/12/2015","640","640","640","640","1000"
"04/01/2016","601.6","601.6","601.6","601.6","16"
"08/01/2016","566","566","566","566","20"
"12/01/2016","540.2","540.2","540","540","1319"
"14/01/2016","540","540","539.9","539.9","381"
"15/01/2016","539.9","539.9","539.9","539.9","1"
"18/01/2016","539","539","539","539","206"
"21/01/2016","539","539","539","539","95"
"22/01/2016","530.1","530.1","530.1","530.1","1000"
"25/01/2016","530.1","530.1","530.1","530.1","100"
"29/01/2016","530","530","530","530","4"
"01/02/2016","530","530","512","512","125"
"02/02/2016","512","512","512","512","1415"
"03/02/2016","512","512","512","512","600"
"04/02/2016","512","512","512","512","200"
"05/02/2016","515","515","515","515","1010"
"08/02/2016","505","524.4","505","524.4","36"
"09/02/2016","510","510","510","510","3"
"10/02/2016","515","515","510","510","789"
"11/02/2016","510","510","508","510","755"
"12/02/2016","510","510","506","506","903"
"15/02/2016","506.3","506.3","485","506","1455"
"16/02/2016","488","520","488","520","210"
"17/02/2016","515","515","515","515","5"
"18/02/2016","508","517","505","517","227"
"19/02/2016","520","534.9","510","510","637"
"22/02/2016","538.9","538.9","510","530","106"
"23/02/2016","539.9","539.9","539.9","539.9","2"
"26/02/2016","510","510","510","510","903"
"29/02/2016","507","510","507","510","4910"
"09/03/2016","510","510","510","510","521"
"10/03/2016","510","510","510","510","279"
"11/03/2016","510","528.9","510","528.9","1315"
"14/03/2016","529.9","553.9","529.9","553.9","96"
"16/03/2016","521","523","521","523","1415"
"17/03/2016","520","554","520","554","694"
"18/03/2016","580","580","580","580","1500"
"21/03/2016","588","590","546","590","599"
"22/03/2016","557","600","555","556","667857"
"23/03/2016","585","585","585","585","30"
"28/03/2016","580","580","580","580","5"
"29/03/2016","580","614.8","580","614.8","6449"
"31/03/2016","605","630","605","630","808"
"01/04/2016","596","620","595.5","620","350"
"05/04/2016","619","619","619","619","60"
"06/04/2016","600","600","600","600","20"
"07/04/2016","600","600","600","600","10"
"08/04/2016","600","600","570","570","954"
"11/04/2016","598","598","598","598","1080"
"12/04/2016","594","615","594","615","20001"
"15/04/2016","614","614","614","614","10"
"18/04/2016","581","581","581","581","10"
"20/04/2016","581.3","581.3","581","581.2","165"
"21/04/2016","600","600","600","600","4090"
"27/04/2016","591","591","591","591","15"
"04/05/2016","619","625","619","625","5198"
"05/05/2016","640","640","640","640","5000"
"06/05/2016","638","640","631","631","927"
"09/05/2016","631","650","631","650","6565"
"11/05/2016","648","655","648","655","5164"
"13/05/2016","657.5","657.5","657.5","657.5","159"
"16/05/2016","626","626.6","626","626.6","1085"
"17/05/2016","648","648","648","648","2"
"19/05/2016","630","647","630","647","54"
"20/05/2016","647","647","647","647","300"
"23/05/2016","650","650","650","650","200"
"25/05/2016","626.5","645","611","645","196"
"27/05/2016","630","649","630","649","699"
"03/06/2016","649","649","649","649","236"
"20/06/2016","585","617","583","617","117"
"24/06/2016","626","626","626","626","30"
"30/06/2016","590","648","590","648","261"
"01/07/2016","648","648","648","648","22"
"19/07/2016","620","620","620","620","1560"
"21/07/2016","615","615","615","615","2"
"22/07/2016","646","646","646","646","30"
"29/07/2016","620","620","620","620","90"
"05/08/2016","610","610","600","600","2349"
"08/08/2016","610","610","610","610","262"
"09/08/2016","630","630","630","630","1"
"15/08/2016","620","620","620","620","20"
"18/08/2016","620","620","620","620","1011"
"19/08/2016","635","635","635","635","100"
"23/08/2016","607","607","607","607","8"
"24/08/2016","610","610","610","610","305"
"26/08/2016","610","610","610","610","37"
"31/08/2016","610","610","610","610","1"
"05/09/2016","610","610","610","610","8"
"06/09/2016","610","610","603","603","24"
"09/09/2016","603.6","603.6","601.7","601.7","33"
"14/09/2016","601.7","601.7","601.7","601.7","10"
"16/09/2016","605","605","605","605","3685"
"19/09/2016","605","605","605","605","500"
"22/09/2016","593","593","593","593","85"
"23/09/2016","600","628.5","588","628.5","76"
"27/09/2016","600","600","600","600","29"
"28/09/2016","599","599","599","599","48"
"29/09/2016","600","600","600","600","2581"
"30/09/2016","600","600","600","600","500"
"04/10/2016","600","600","600","600","52"
"06/10/2016","600","600","600","600","100"
"07/10/2016","600.2","600.2","600.2","600.2","500"
"10/10/2016","589","589","589","589","17"
"21/10/2016","619","619","619","619","5"
"25/10/2016","579","580.1","579","580.1","76"
"28/10/2016","600","600","600","600","1599"
"01/11/2016","599.9","600","590","590","432"
"02/11/2016","600","600","600","600","1"
"04/11/2016","600","600","600","600","2083"
"07/11/2016","600","600","600","600","1000"
"11/11/2016","590","590","590","590","139"
"15/11/2016","599","599","599","599","10"
"16/11/2016","599","599","599","599","93"
"17/11/2016","600","600","600","600","624"
"22/11/2016","588","588","588","588","63"
"23/11/2016","583.5","583.5","583.5","583.5","14"
"25/11/2016","583.7","583.7","583.7","583.7","7"
"01/12/2016","599","599","590","590","1050"
"02/12/2016","584","584","582.3","582.3","857"
"06/12/2016","590.1","590.1","590","590","7"
"08/12/2016","600","600","600","600","50"
"09/12/2016","600","600","600","600","16"
"14/12/2016","595.1","595.1","595.1","595.1","1"
"16/12/2016","610","610","610","610","10189"
"19/12/2016","610","610","610","610","17"
"22/12/2016","620","620","620","620","6500"
"23/12/2016","640","640","640","640","6961"
"28/12/2016","603","606.1","600","600","24447"
"29/12/2016","601","615","601","615","2340"
"30/12/2016","601","610","601","610","3272"
"02/01/2017","603","629","601","629","2093"
"05/01/2017","627","640","627","635","661"
"06/01/2017","602","639","602","639","12691"
"10/01/2017","620","620","604","604","203"
"12/01/2017","606","606","606","606","463"
"13/01/2017","630","630","609","630","5760"
"17/01/2017","627.9","640","627.9","640","32675"
"18/01/2017","635","635","620","620","3262"
"20/01/2017","610.5","610.5","610.5","610.5","13"
"23/01/2017","610","610","610","610","70"
"27/01/2017","620","620","620","620","1407"
"02/02/2017","609","609","609","609","1947"
"06/02/2017","603","603","603","603","104"
"07/02/2017","601","601","601","601","120"
"08/02/2017","601","601","601","601","35"
"09/02/2017","601.5","601.5","601.5","601.5","78"
"10/02/2017","602","602","602","602","5"
"13/02/2017","602","602","602","602","64"
"14/02/2017","600","600","600","600","30"
"15/02/2017","600","600","600","600","653"
"16/02/2017","600","600","600","600","42"
"20/02/2017","600","600","600","600","1228"
"21/02/2017","601","601","601","601","716"
"23/02/2017","616","616","616","616","6"
"27/02/2017","600","600","600","600","55"
"28/02/2017","600","600","600","600","16175"
"01/03/2017","600","600","600","600","110"
"07/03/2017","598","598","598","598","1022"
"09/03/2017","615","615","615","615","2100"
"10/03/2017","615","615","615","615","218"
"13/03/2017","601","601","601","601","70"
"14/03/2017","601","601","601","601","47"
"20/03/2017","601","601","601","601","13"
"21/03/2017","637","637","637","637","374"
"22/03/2017","637","637","637","637","80"
"23/03/2017","650","650","650","650","89"
"24/03/2017","644","644","644","644","10"
"28/03/2017","640","640","640","640","2312"
"29/03/2017","640","640","640","640","144"
"30/03/2017","640","640","640","640","77"
"31/03/2017","639","639","639","639","168"
"04/04/2017","640","640","640","640","4830"
"06/04/2017","640","640","640","640","16"
"07/04/2017","640","640","640","640","138"
"13/04/2017","649","649","649","649","43"
"14/04/2017","638","638","638","638","100"
"18/04/2017","640","640","640","640","125"
"19/04/2017","645","645","645","645","9005"
"20/04/2017","640","640","640","640","168"
"21/04/2017","645","645","645","645","245"
"24/04/2017","640","640","640","640","33"
"28/04/2017","645","645","645","645","36"
"02/05/2017","650","650","650","650","100"
"04/05/2017","658","658","658","658","27"
"05/05/2017","655","655","655","655","500"
"08/05/2017","655","655","655","655","100"
"09/05/2017","600","600","600","600","4931"
"10/05/2017","600","600","600","600","5775"
"11/05/2017","580","580","580","580","27"
"15/05/2017","586","586","586","586","10"
"17/05/2017","592","592","592","592","10"
"25/05/2017","594.5","594.5","594.5","594.5","197"
"29/05/2017","594","594","594","594","400"
"30/05/2017","620","620","620","620","200"
"31/05/2017","620","620","620","620","3"
"07/06/2017","615","615","615","615","678"
"08/06/2017","615","615","615","615","500"
"14/06/2017","620","620","620","620","1150"
"15/06/2017","630","630","630","630","10000"
"19/06/2017","615","615","615","615","300"
"20/06/2017","630","630","630","630","114"
"22/06/2017","630.1","630.1","630.1","630.1","100"
"23/06/2017","660","660","660","660","46"
"28/06/2017","645","645","645","645","53"
"30/06/2017","650","650","650","650","2990"
"04/07/2017","660","660","660","660","1210"
"05/07/2017","650","650","650","650","1345"
"06/07/2017","650","650","650","650","1666"
"07/07/2017","650","650","650","650","3366"
"10/07/2017","649","649","649","649","1668"
"13/07/2017","626","626","626","626","96"
"14/07/2017","632","632","632","632","1028"
"18/07/2017","632","632","632","632","22107"
"19/07/2017","631","631","631","631","982"
"20/07/2017","670","670","670","670","3500"
"21/07/2017","630","630","630","630","167"
"24/07/2017","631","674.5","631","674.5","2038"
"26/07/2017","655","655","640","640","3001"
"28/07/2017","680","680","680","680","606"
"04/08/2017","670","670","670","670","97"
"16/08/2017","635","640.3","635","640.3","63"
"18/08/2017","670","670","670","670","50"
"22/08/2017","650","650","650","650","138"
"25/08/2017","641","669.9","640.1","669.9","101"
"30/08/2017","650","650","650","650","220"
"31/08/2017","650","650","650","650","10"
"07/09/2017","643","660","641.1","660","123"
"08/09/2017","660","700","659","700","6960"
"11/09/2017","700","736","700","715","1368"
"14/09/2017","736","736","736","736","90"
"15/09/2017","736","750","736","750","204"
"19/09/2017","750","750","749","749","290"
"20/09/2017","726.6","726.6","726.6","726.6","1500"
"28/09/2017","695","695","695","695","108"
"29/09/2017","705","750","700","750","27432"
"02/10/2017","760","760","760","760","50"
"03/10/2017","760","765","760","765","1290"
"04/10/2017","765","765","765","765","20"
"06/10/2017","765","765","765","765","5"
"11/10/2017","765","841.4","765","841.4","21162"
"12/10/2017","870","870","840","850","522"
"13/10/2017","850","880","820","880","3065"
"16/10/2017","890","900","880","880","360"
"17/10/2017","883.1","883.1","883","883","25"
"18/10/2017","880","949.9","879","925","5950"
"19/10/2017","911","930","911","920","3523"
"20/10/2017","900","920","900","920","4898"
"23/10/2017","920","939","913.3","939","3741"
"24/10/2017","939","967","939","940","8395"
"25/10/2017","939","950","911","939","548"
"26/10/2017","916","940","916","940","111"
"27/10/2017","917","917","917","917","175"
"30/10/2017","933","933","880","880","41590"
"31/10/2017","880","880","880","880","190"
"03/11/2017","850","865","850","865","14639"
"07/11/2017","865","865","865","865","250"
"08/11/2017","833.6","833.6","833.6","833.6","38"
"10/11/2017","808","874","808","874","1542"
"13/11/2017","880","880","880","880","611"
"15/11/2017","865","865","865","865","300"
"16/11/2017","872","872","872","872","5100"
"17/11/2017","879","879","879","879","300"
"20/11/2017","880","880","877","877","4395"
"24/11/2017","850","850","850","850","800"
"27/11/2017","850","850","850","850","4"
"28/11/2017","876.9","877","876.9","877","6"
"29/11/2017","877","877","877","877","15"
"30/11/2017","877","877","877","877","15"
"04/12/2017","877","877","877","877","23"
"05/12/2017","870","870","870","870","1000"
"06/12/2017","877","877","870","870","5680"
"07/12/2017","870","870","868","868","5"
"08/12/2017","850","850","850","850","10211"
"11/12/2017","850","850","850","850","2500"
"12/12/2017","869","870","869","870","15341"
"13/12/2017","879","880","870","870","584"
"14/12/2017","850","850","850","850","120"
"15/12/2017","869","869","855","855","949"
"18/12/2017","850.5","850.5","850","850","9"
"19/12/2017","850","850","850","850","20"
"20/12/2017","868","869","868","869","200"
"21/12/2017","850","850","850","850","20"
"22/12/2017","850","865","825","856","5556"
"26/12/2017","850","850","850","850","1000"
"28/12/2017","850","850","850","850","3236"
"29/12/2017","850","850","850","850","1500"
"03/01/2018","870","870","870","870","2154"
"05/01/2018","870","870","870","870","2994"
"08/01/2018","870","870.1","870","870","32191"
"10/01/2018","895","895","870","870","120"
"12/01/2018","877.1","909","877.1","909","611"
"15/01/2018","900","940","900","920.1","12065"
"16/01/2018","940","985","940","975","12323"
"17/01/2018","950","950","950","950","11800"
"18/01/2018","970","970","960","960","166"
"19/01/2018","961.5","979.5","961.5","979.5","2661"
"22/01/2018","980","995","964","970","1231"
"23/01/2018","970","1000","970","1000","30548"
"24/01/2018","1016","1028","1016","1019","398"
"25/01/2018","1001","1015","1000","1015","3743"
"26/01/2018","1019","1020","1019","1019","588"
"30/01/2018","1006","1015","1005","1015","7081"
"31/01/2018","1019","1020","1019","1020","31"
"01/02/2018","1004","1012","1004","1012","22"
"02/02/2018","1006","1006","1006","1006","600"
"05/02/2018","1007","1007","991","991","671"
"06/02/2018","1019","1019","1000","1000","1015"
"08/02/2018","980.1","980.2","980.1","980.2","127"
"09/02/2018","980.2","980.2","980","980","1731"
"13/02/2018","980","980","980","980","3700"
"14/02/2018","980.1","980.1","980","980","63"
"15/02/2018","980","980","975.9","980","4404"
"16/02/2018","1000","1000","991","995","7092"
"19/02/2018","980","980","980","980","7000"
"20/02/2018","1000","1000","980","1000","526"
"21/02/2018","1003","1004","1003","1004","23"
"22/02/2018","980","980","976","976","40"
"23/02/2018","976","1003","975","1003","1398"
"26/02/2018","1003","1004","1002","1002","148"
"27/02/2018","1000","1000","1000","1000","12"
"02/03/2018","986","994","980","994","52226"
"05/03/2018","999.9","1000","990","995","1117"
"06/03/2018","999","1000","999","1000","4138"
"07/03/2018","1000","1000","1000","1000","40"
"08/03/2018","985","985","985","985","45"
"13/03/2018","985","985","975","975","10253"
"14/03/2018","980","980","980","980","2"
"15/03/2018","980","980","975","976","5159"
"16/03/2018","979","979","975.5","975.5","170"
"19/03/2018","976","976","976","976","33"
"21/03/2018","976","976","935","945","11409"
"23/03/2018","970","970","935","935","102"
"26/03/2018","935","936","935","936","85"
"27/03/2018","936","936","930","936","5025"
"28/03/2018","930","930.3","902.5","902.5","3011"
"29/03/2018","905","906","905","906","20000"
"30/03/2018","902.7","905","902.7","905","101"
"02/04/2018","903","903","903","903","1"
"05/04/2018","902","902","901","901","20"
"06/04/2018","902","949.9","902","930","22764"
"09/04/2018","908","945","908","945","15"
"10/04/2018","911","990","911","955","28106"
"11/04/2018","980","980","980","980","3"
"12/04/2018","945","945","945","945","100"
"13/04/2018","970","970","950","950","3090"
"17/04/2018","932.5","932.5","932.5","932.5","2"
"18/04/2018","970","970","950","970","8232"
"20/04/2018","970","970","950","950","458"
"24/04/2018","955","955","955","955","1041"
"27/04/2018","950","950","950","950","100"
"30/04/2018","955","955.1","955","955","58"
"04/05/2018","960","960","960","960","60"
"07/05/2018","950","950","950","950","12000"
"08/05/2018","933","950","933","950","495"
"09/05/2018","930","930","923","923","286"
"10/05/2018","923.5","930","923.5","930","238"
"11/05/2018","950","950","950","950","864"
"18/05/2018","922","950","922","945","1038"
"21/05/2018","945","1039","945","1000","43468"
"22/05/2018","1034","1040","995","995","13233"
"23/05/2018","995","995","995","995","160"
"24/05/2018","995","1000","995","1000","70"
"25/05/2018","994","994","994","994","3034"
"28/05/2018","994","994","994","994","94"
"29/05/2018","995","995","995","995","31"
"30/05/2018","995","995","970","970","2152"
"31/05/2018","970","970","951","951","14206"
"01/06/2018","980","980","930","930","12759"
"04/06/2018","911","979","902.1","902.1","1444"
"05/06/2018","930","957.8","915","957.8","1015"
"06/06/2018","976","976","976","976","3"
"07/06/2018","985","989","945","945","506"
"08/06/2018","979","979","930","960","4554"
"12/06/2018","967","967","967","967","5"
"14/06/2018","950","960","950","960","15"
"18/06/2018","960","960","960","960","25"
"19/06/2018","940","940","940","940","17"
"20/06/2018","964","964","964","964","211"
"21/06/2018","950","964","950","964","2721"
"22/06/2018","963","963","962","962","270"
"25/06/2018","962","962","962","962","50"
"26/06/2018","960","960","917","955","1893"
"27/06/2018","948","948","948","948","50"
"28/06/2018","940","958","940","958","53"
"29/06/2018","940","940","866","866","3419"
"02/07/2018","948","950","947.9","950","77"
"03/07/2018","950","950","900","900","25545"
"04/07/2018","910","910","900","900","5178"
"05/07/2018","900","900","859","859","21428"
"06/07/2018","762","762","685.9","685.9","10636"
"09/07/2018","740","740","680","695","533"
"11/07/2018","694","694","634","685","148"
"13/07/2018","650","670","650","670","12288"
"17/07/2018","642","687.9","642","687.9","10"
"18/07/2018","690","693.8","690","693.8","8"
"20/07/2018","693.8","715","689","715","8387"
"26/07/2018","718.7","718.7","718.7","718.7","5"
"27/07/2018","718","725","715","725","5762"
"31/07/2018","725","741","701","701","915"
"01/08/2018","701","701.1","701","701","74"
"02/08/2018","708","708","708","708","20"
"03/08/2018","729.8","729.8","702.5","702.5","14"
"07/08/2018","723.5","730","723.5","730","4126"
"08/08/2018","739.5","739.5","739.5","739.5","43"
"10/08/2018","744.9","760","744.9","760","661"
"13/08/2018","750","750","750","750","2487"
"15/08/2018","770","770","770","770","3"
"17/08/2018","779.9","779.9","779.9","779.9","31"
"24/08/2018","712","779.5","712","779.5","13"
"30/08/2018","720","775","720","775","4"
"31/08/2018","752","752","730","750","1395"
"05/09/2018","720","773","720","773","2018"
"06/09/2018","720","720","720","720","34"
"07/09/2018","770","770","672","672","16813"
"10/09/2018","739","739","739","739","6"
"17/09/2018","730","730","730","730","11000"
"19/09/2018","720","730","720","730","3000"
"20/09/2018","730","730","730","730","9100"
"21/09/2018","749","749","749","749","3030"
"26/09/2018","763","763","763","763","10"
"27/09/2018","763","763","763","763","7000"
"28/09/2018","762.9","779","760","779","18157"
"05/10/2018","770","770","770","770","13"
"09/10/2018","769","769","769","769","56000"
"12/10/2018","703","703","703","703","788"
"16/10/2018","715","750","715","750","1010"
"17/10/2018","750","750","750","750","533"
"18/10/2018","710","710","710","710","18104"
"19/10/2018","710","750","710","750","5100"
"25/10/2018","710","710","710","710","18683"
"26/10/2018","720","739","720","739","2958"
"31/10/2018","739","739","739","739","8"
"02/11/2018","745","745","730","730","203"
"05/11/2018","740","740","690","690","2895"
"07/11/2018","691","691","680","680","1092"
"08/11/2018","729","729","680","680","1502"
"09/11/2018","680","719","680","719","3000"
"16/11/2018","670","670","670","670","583"
"22/11/2018","709","709","670","670","2421"
"23/11/2018","670","706","670","670.1","9052"
"28/11/2018","670.2","670.2","670.2","670.2","5000"
"29/11/2018","699.9","699.9","670.5","670.5","5020"
"30/11/2018","670","670","670","670","266"
"06/12/2018","670","670","670","670","2125"
"07/12/2018","700","700","651","651","2387"
"11/12/2018","670","670","651.1","651.1","3540"
"12/12/2018","669.9","669.9","669.9","669.9","3"
"14/12/2018","643","643","643","643","256"
"18/12/2018","626","670","626","670","14602"
"21/12/2018","632","632","632","632","383"
"24/12/2018","645","645","645","645","162"
"25/12/2018","645.1","670","645.1","670","9729"
"26/12/2018","706","714","690","705.9","13425"
"27/12/2018","710","725","661","661","3323"
"28/12/2018","680","720","680","720","28237"
"31/12/2018","730","730","718","718","11000"
"03/01/2019","697","697","680","680","556"
"04/01/2019","665","665","665","665","211"
"07/01/2019","661","661","650","650","8"
"15/01/2019","682","682","670","670","80"
"16/01/2019","653","660","653","660","15"
"17/01/2019","660","660","660","660","186"
"18/01/2019","660","661","660","661","13255"
"22/01/2019","670","678","670","678","2012"
"23/01/2019","683","683","683","683","2656"
"24/01/2019","682","682","682","682","4"
"25/01/2019","707.8","707.8","661","661","1579"
"28/01/2019","695.9","695.9","695.9","695.9","4"
"29/01/2019","695","708.9","695","708.9","1001"
"30/01/2019","690","690","690","690","600"
"31/01/2019","690","707.6","690","690","549"
"01/02/2019","707.6","707.6","690","690","521"
"04/02/2019","706.9","706.9","706.9","706.9","1"
"05/02/2019","707.5","741.5","707.5","731.2","120"
"06/02/2019","740.9","740.9","691","691","53"
"07/02/2019","711.7","711.7","711.7","711.7","1"
"08/02/2019","691","711.7","690","690","1355"
"11/02/2019","710.6","710.6","710.6","710.6","1"
"12/02/2019","700","700","700","700","280"
"13/02/2019","690.5","690.5","690.5","690.5","43"
"19/02/2019","700","700","700","700","2000"
"20/02/2019","700","710","700","710","28601"
"22/02/2019","722","722","722","722","4390"
"25/02/2019","727","758","727","758","8"
"28/02/2019","723","723","723","723","5"
"01/03/2019","722","741","720","740","687"
"05/03/2019","750","750","750","750","3"
"07/03/2019","754","771","754","771","2684"
"08/03/2019","755","755","755","755","100"
"11/03/2019","769.9","769.9","769.9","769.9","1"
"13/03/2019","745","745","745","745","4"
"14/03/2019","750","750","750","750","2"
"15/03/2019","750","788","745","745","650"
"18/03/2019","784","784","784","784","1"
"21/03/2019","783","795","760","760","456"
"22/03/2019","745","745","745","745","1978"
"26/03/2019","785","785","745","745","3004"
"28/03/2019","730","730","730","730","4002"
"29/03/2019","722","722","700","705","1088"
"02/04/2019","700","700","700","700","429"
"03/04/2019","705","705","700","700","504"
"04/04/2019","700","700","680","680","902"
"05/04/2019","645.1","679.7","645","679.7","7666"
"08/04/2019","659.5","660","659.5","660","5010"
"09/04/2019","651","660.1","650.5","660","14518"
"11/04/2019","660.1","660.1","660","660","7094"
"12/04/2019","660","660","651.3","651.3","158"
"16/04/2019","653.2","653.2","645","646.1","8949"
"18/04/2019","660","660","660","660","195"
"19/04/2019","665","665","665","665","5"
"22/04/2019","665","665","665","665","2"
"23/04/2019","665","665","646.3","646.3","255"
"24/04/2019","661","673","661","673","27"
"25/04/2019","669.7","669.7","669.7","669.7","18"
"26/04/2019","669.7","669.7","665","668","183"
"29/04/2019","665","665","665","665","18"
"03/05/2019","661","661","661","661","2"
"06/05/2019","675","676","675","676","28"
"08/05/2019","665","665","665","665","25"
"09/05/2019","665","665","665","665","100"
"13/05/2019","674.9","675","674.9","675","221"
"17/05/2019","690","690","690","690","5"
"20/05/2019","725","725","725","725","11"
"21/05/2019","680","680","680","680","1"
"22/05/2019","635","635","628","635","139"
"23/05/2019","640","640","635","635","17"
"24/05/2019","630","630","630","630","50"
"29/05/2019","630","630","630","630","287"
"10/06/2019","631","640","631","640","1033"
"19/06/2019","639","639","639","639","28"
"20/06/2019","639","639","639","639","1006"
"21/06/2019","639","639","639","639","505"
"24/06/2019","639","639","639","639","1298"
"27/06/2019","639","639","610","610","85"
"28/06/2019","640","650","640","650","10075"
"01/07/2019","650","650","650","650","50"
"03/07/2019","650","650","650","650","10"
"04/07/2019","640","640","640","640","20"
"05/07/2019","637","650","637","650","743"
"08/07/2019","660","660","660","660","5"
"09/07/2019","620.5","660","606","660","291"
"11/07/2019","651","662","650","662","93"
"12/07/2019","661","661","661","661","20"
"15/07/2019","650","650","650","650","2000"
"17/07/2019","651","651","651","651","164"
"19/07/2019","650","655","650","655","2809"
"24/07/2019","651","651","650","650","20"
"26/07/2019","650.1","662","650.1","662","2504"
"29/07/2019","660","660","645","650","211"
"31/07/2019","650.1","660","650.1","660","592"
"02/08/2019","660","660","660","660","5"
"06/08/2019","650","660","650","660","5033"
"07/08/2019","656","660","656","660","530"
"08/08/2019","663","664","663","664","33"
"15/08/2019","660","660","660","660","19"
"16/08/2019","660","665","660","660","1236"
"23/08/2019","660","660","660","660","10"
"26/08/2019","664","664","664","664","20"
"27/08/2019","674","680","660","661","1424"
"29/08/2019","665","665","665","665","20"
"30/08/2019","666","666","651","651","230"
"02/09/2019","651","651","651","651","9"
"05/09/2019","679","679","679","679","1"
"06/09/2019","634","634","634","634","108"
"09/09/2019","635","635","631.6","631.6","575"
"16/09/2019","664.9","664.9","664.9","664.9","10"
"20/09/2019","660","660","632","632","550"
"24/09/2019","633","633","630","630","1514"
"27/09/2019","631","660","631","660","1412"
"01/10/2019","620","620","600","600.1","48004"
"03/10/2019","612","612","612","612","20000"
"04/10/2019","645","648","625","648","1100"
"07/10/2019","620","620.5","620","620.1","20000"
"08/10/2019","630","630","630","630","5721"
"11/10/2019","640","640","640","640","1000"
"18/10/2019","635","640","635","640","10063"
"23/10/2019","649","649","635","635","5006"
"24/10/2019","635","635","635","635","5"
"25/10/2019","635","635","635","635","1772"
"29/10/2019","621.4","635","616","635","70"
"30/10/2019","616","621","600.2","621","251"
"31/10/2019","616","634","608","634","191"
"01/11/2019","634","648","634","648","5041"
"04/11/2019","635","635","635","635","8000"
"05/11/2019","635","635","635","635","171"
"07/11/2019","640","640","640","640","9974"
"08/11/2019","621.1","651","621","651","342"
"12/11/2019","651","651","640","640","7824"
"13/11/2019","640","640","640","640","3000"
"14/11/2019","640","649.9","640","649.9","3130"
"15/11/2019","640","650","635","650","11363"
"20/11/2019","655","655","640","640","7092"
"21/11/2019","659","660","640","640","8176"
"22/11/2019","645","662.5","645","662.5","5427"
"26/11/2019","650","650","649","650","11016"
"27/11/2019","650","655","650","655","1260"
"28/11/2019","657","664","657","664","1311"
"02/12/2019","650","650","650","650","10"
"03/12/2019","665","665","665","665","20"
"05/12/2019","660","660","660","660","50"
"06/12/2019","667.9","684","667.9","684","10154"
"10/12/2019","680","680","680","680","16"
"11/12/2019","662","662","662","662","3540"
"13/12/2019","685","698","685","698","26502"
"18/12/2019","690","690","690","690","435"
"20/12/2019","680","700","680","700","7203"
"23/12/2019","710","710","700","700","132"
"24/12/2019","724.9","725","724.9","725","56"
"26/12/2019","725","725","725","725","2"
"27/12/2019","700","700","700","700","200"
"31/12/2019","715","715","715","715","2000"
"09/01/2020","700","715","700","715","5187"
"10/01/2020","720","722","720","722","10144"
"13/01/2020","722","725","722","725","180"
"15/01/2020","715","719.9","715","719.9","4419"
"17/01/2020","720","720","720","720","2884"
"21/01/2020","720","720","720","720","525"
"22/01/2020","724.8","740","724.8","740","1266"
"23/01/2020","730","730","730","730","2904"
"24/01/2020","730","730","730","730","18398"
"28/01/2020","730","730","730","730","4514"
"31/01/2020","720","720","720","720","9350"
"06/02/2020","711","711","711","711","7854"
"07/02/2020","712.2","712.2","700","700","7163"
"10/02/2020","700","700","700","700","1634"
"11/02/2020","700","700","700","700","50"
"20/02/2020","705","705","705","705","2669"
"24/02/2020","705","705","705","705","689"
"25/02/2020","686","686","685","685","84"
"26/02/2020","690","710","690","700","702"
"27/02/2020","710","710","710","710","2"
"28/02/2020","720","720","710.6","710.6","5026"
"02/03/2020","718","718","718","718","500"
"03/03/2020","738","789","738","789","5010"
"04/03/2020","789","799","741","780","5212"
"05/03/2020","785","785","770","770","120"
"06/03/2020","770","770","721","721","5777"
"09/03/2020","715","715","700","710","5405"
"10/03/2020","706","765","706","750","676"
"11/03/2020","740","740","740","740","6722"
"12/03/2020","740","740","687","687","3997"
"13/03/2020","690","702.5","690","702.5","463"
"16/03/2020","693","693","632.3","632.3","949"
"17/03/2020","607.1","608.1","607.1","607.1","3510"
"18/03/2020","607.1","607.1","584","584","2968"
"19/03/2020","590","590","590","590","250"
"20/03/2020","613.5","613.5","613.5","613.5","10"
"24/03/2020","638","638","620","638","6684"
"25/03/2020","612.5","612.5","612.5","612.5","96"
"26/03/2020","588.1","588.1","588.1","588.1","45"
"27/03/2020","564.7","588","564.6","588","11440"
"01/04/2020","600","600","600","600","350"
"02/04/2020","576.2","576.2","576.1","576.1","4000"
"03/04/2020","560","560","560","560","10806"
"07/04/2020","560.1","560.1","537.7","537.7","243"
"08/04/2020","530.1","559","530.1","559","45"
"10/04/2020","536.7","536.7","536.7","536.7","7913"
"13/04/2020","537","537","537","537","150"
"14/04/2020","547","547","547","547","1489"
"16/04/2020","535","535","535","535","205"
"17/04/2020","536.5","536.5","520","520","6157"
"20/04/2020","534","534","534","534","250"
"21/04/2020","533","534","533","534","100"
"22/04/2020","533.9","540","533.9","534","1361"
"24/04/2020","535.1","535.1","535.1","535.1","416"
"27/04/2020","545","545","545","545","5"
"29/04/2020","566.7","566.7","566.6","566.7","120"
"30/04/2020","589.1","589.1","589.1","589.1","2"
"05/05/2020","580","580","580","580","10"
"06/05/2020","570","585","570","585","2429"
"08/05/2020","585","585","585","585","20"
"12/05/2020","573.4","573.4","573.4","573.4","173"
"15/05/2020","562.1","580","550.5","550.6","1282"
"19/05/2020","542","542","540","540","2970"
"21/05/2020","540","540","540","540","1500"
"22/05/2020","540","561.5","540","561.5","29"
"27/05/2020","555","555","555","555","3"
"28/05/2020","570","570","550","550","222"
"29/05/2020","550","550.5","530","532","2022"
"02/06/2020","532.1","540","532","540","97"
"03/06/2020","561.5","561.5","561.5","561.5","82"
"05/06/2020","570","583.9","570","570","466"
"09/06/2020","571","575","571","572","7585"
"11/06/2020","571","572","570","570","6603"
"12/06/2020","570","578.9","570","570","1289"
"17/06/2020","592.7","592.7","592","592.7","678"
"18/06/2020","592","595","580","580","5652"
"23/06/2020","590","590","580","580","75"
"24/06/2020","580","580","580","580","5"
"26/06/2020","580","580","560","560","565"
"29/06/2020","560","560","560","560","18382"
"30/06/2020","558","558","558","558","29"
"01/07/2020","558","558","558","558","110"
"02/07/2020","558","558","558","558","4762"
"06/07/2020","558","558","555","555","5000"
"07/07/2020","551","551","550","550","15000"
"08/07/2020","569.9","569.9","569.9","569.9","4"
"09/07/2020","551","551","550","550","12015"
"13/07/2020","555","560","555","560","13461"
"14/07/2020","556","570.9","556","570.9","6073"
"15/07/2020","575","585","575","585","1010"
"16/07/2020","589.9","589.9","570","570","203"
"17/07/2020","570","587","570","587","859"
"20/07/2020","590","590","590","590","17"
"22/07/2020","578.3","578.3","571","571","8"
"23/07/2020","575","585","575","585","2145"
"24/07/2020","585","590","585","590","13360"
"27/07/2020","567","595","567","595","2160"
"28/07/2020","595","605","595","605","1403"
"03/08/2020","629","629","629","629","2"
"04/08/2020","604","604","604","604","5000"
"05/08/2020","605","605","605","605","9"
"06/08/2020","601.9","605","600","601","8434"
"07/08/2020","601","622","601","622","250"
"11/08/2020","610","611","606","610","4151"
"17/08/2020","610","610","610","610","100"
"18/08/2020","609.9","609.9","609.9","609.9","1"
"19/08/2020","605","610","605","610","1700"
"26/08/2020","609","609","609","609","1"
"31/08/2020","587","608","585","608","184"
"04/09/2020","610","610","610","610","500"
"11/09/2020","585.7","590.1","585.7","590.1","1231"
"15/09/2020","566.5","566.5","566.5","566.5","31"
"25/09/2020","555.2","555.2","544","544","2500"
"28/09/2020","544","544","540","540","100"
"29/09/2020","544","544","530","530","43"
"30/09/2020","530.1","530.1","521","521","210"
"01/10/2020","540","540","535","535","54"
"02/10/2020","535","535","535","535","157"
"06/10/2020","530","548","530","548","643"
"08/10/2020","541.1","548","540","548","592"
"13/10/2020","560","560","560","560","252"
"14/10/2020","570","570","570","570","1000"
"15/10/2020","579.6","580","579.6","580","6024"
"19/10/2020","570","580","570","580","80"
"20/10/2020","576.5","576.5","576.5","576.5","1633"
"21/10/2020","578.9","578.9","578.9","578.9","10"
"22/10/2020","579","585","579","585","2119"
"23/10/2020","595","595","595","595","200"
"26/10/2020","585","594","585","585","23146"
"27/10/2020","598","598","594","594","203"
"02/11/2020","594","594","594","594","2"
"04/11/2020","590","590","590","590","1"
"09/11/2020","596","609","596","609","253"
"10/11/2020","608.9","608.9","608.9","608.9","3"
"13/11/2020","610","610","610","610","940"
"16/11/2020","610","610","610","610","224"
"17/11/2020","610","610","601","610","354"
"19/11/2020","603.1","603.1","600","600","1322"
"20/11/2020","616","616","612","615","18730"
"23/11/2020","615.7","621","605","607","7073"
"24/11/2020","609","631","607","631","759"
"25/11/2020","620","637","620","629","20242"
"26/11/2020","640","654","630","642","5056"
"27/11/2020","653","653","620","620","721"
"01/12/2020","630","630","615","615","306"
"02/12/2020","620","620","615","615","46"
"03/12/2020","615","615","611","611","88"
"04/12/2020","611","611","611","611","164"
"07/12/2020","623","623","623","623","52"
"08/12/2020","621","621","620","620","6621"
"09/12/2020","620","620","620","620","36"
"10/12/2020","620","641","620","641","4360"
"11/12/2020","645","645","645","645","2000"
"14/12/2020","630","642.8","630","642.8","2550"
"15/12/2020","625","625","625","625","2602"
"17/12/2020","637.4","645","637.4","645","5350"
"18/12/2020","644.8","645","630","645","2135"
"21/12/2020","640","640","619.3","619.3","1895"
"22/12/2020","611.1","641.5","610","641.5","3047"
"23/12/2020","639.5","655","639.5","655","22613"
"24/12/2020","665.9","669","647","647","66"
"25/12/2020","646.5","646.5","622","622","4467"
"28/12/2020","645","645","645","645","10"
"30/12/2020","635","635","619.3","619.3","348"
"31/12/2020","638","638","638","638","10000"
"05/01/2021","620","620","620","620","1400"
"06/01/2021","620","620","615","615","215"
"07/01/2021","620.1","620.1","620.1","620.1","268"
"08/01/2021","630","630","620.3","620.3","3115"
"12/01/2021","630","630","630","630","2800"
"13/01/2021","630","640","630","640","2505"
"14/01/2021","633","645","630","645","5729"
"15/01/2021","650","650","650","650","50"
"18/01/2021","645","670","645","670","2053"
"19/01/2021","670","670","670","670","15601"
"20/01/2021","670","692.9","670","671","110"
"21/01/2021","671","680","665","669","16624"
"22/01/2021","670","670","669","669.9","13919"
"25/01/2021","683.2","683.2","683.2","683.2","1"
"26/01/2021","679","710","679","700","6222"
"28/01/2021","690","690","690","690","100"
"29/01/2021","690","690","683","683","5879"
"01/02/2021","688","688","688","688","1500"
"03/02/2021","699","710","695","710","627"
"04/02/2021","700","705","700","700","152"
"05/02/2021","700.1","700.1","700.1","700.1","88"
"08/02/2021","699.9","699.9","699.9","699.9","1660"
"09/02/2021","699.9","700","694","694","4217"
"10/02/2021","691.2","691.2","666.5","666.5","7195"
"11/02/2021","666.5","666.5","660","660","57"
"12/02/2021","660","686","660","686","180"
"15/02/2021","670","670","670","670","650"
"19/02/2021","662","680","662","680","75"
"24/02/2021","679.9","679.9","679.9","679.9","1"
"26/02/2021","678.9","679.9","653","653","287"
"02/03/2021","679","679","679","679","141"
"11/03/2021","660","660","652","660","1533"
"12/03/2021","660","670","660","660","1612"
"15/03/2021","660","660","660","660","26"
"17/03/2021","655","657.1","655","655","6481"
"18/03/2021","663.9","663.9","663.9","663.9","1"
"19/03/2021","655","655","655","655","12"
"22/03/2021","665","665","655.3","665","1802"
"23/03/2021","668","676.9","650","676.9","57"
"24/03/2021","677","703","677","700","7430"
"25/03/2021","700","700","700","700","63"
"26/03/2021","700","727","700","719.8","6795"
"29/03/2021","718.9","718.9","700","700","230"
"30/03/2021","685.1","710","685.1","700","1382"
"31/03/2021","708","709.9","700","709.9","750"
"01/04/2021","715","733.5","715","720","8975"
"02/04/2021","720","720","715","715","367"
"05/04/2021","728","728.9","720","720","568"
"06/04/2021","729","735","717","717","24284"
"07/04/2021","717","720","717","720","157"
"08/04/2021","717","725","717","719","1732"
"09/04/2021","723","723","714","714","2627"
"12/04/2021","714","714","710","710","308"
"13/04/2021","710","710","710","710","736"
"14/04/2021","710","722","710","710","1924"
"15/04/2021","710","710","710","710","191"
"16/04/2021","710","710","710","710","2"
"19/04/2021","700","700","700","700","200"
"20/04/2021","714.5","714.5","700","709.9","16666"
"21/04/2021","697","697","695","695","9502"
"22/04/2021","708.9","709","708","709","90"
"23/04/2021","696","708","695","708","85"
"26/04/2021","696","696","695","695","8102"
"27/04/2021","706.8","706.8","695","695","767"
"28/04/2021","706.7","706.7","695","705","6503"
"29/04/2021","696","696","696","696","1501"
"30/04/2021","696","696","696","696","5218"
"03/05/2021","706.9","708","700","700","3443"
"04/05/2021","702","702","700","700","8075"
"05/05/2021","705","707.8","705","707.8","3523"
"06/05/2021","707.8","715","707","707","9821"
"07/05/2021","710","710","695","695","6748"
"10/05/2021","695","705","695","705","203"
"11/05/2021","705","705","705","705","1000"
"12/05/2021","705","708","695","700","11327"
"17/05/2021","700.1","727.9","700","727.9","11443"
"18/05/2021","732.9","732.9","732.9","732.9","1"
"19/05/2021","710.1","728","703.6","703.6","108764"
"20/05/2021","687","687","656.8","660","78724"
"21/05/2021","662","683.9","662","683.9","8"
"24/05/2021","680","690","680","680","11"
"25/05/2021","671","680","665","680","93"
"26/05/2021","678.8","678.8","667","670","1112"
"27/05/2021","670","670","667.2","667.2","24"
"28/05/2021","667","667","657","657","1262"
"31/05/2021","656.1","665","656","656","1176"
"01/06/2021","656","656","655","655","342"
"02/06/2021","656","660","655","660","2140"
"03/06/2021","656","657","656","656","330"
"04/06/2021","655","656","650","650","779"
"07/06/2021","650","653","638","653","1925"
"08/06/2021","640","640","639","639","111"
"09/06/2021","639.1","640","638","640","352"
"10/06/2021","639","639","634","634","89"
"11/06/2021","635","647","635","645","627"
"14/06/2021","633","643","633","643","7"
"15/06/2021","633.3","636","630","635","5758"
"16/06/2021","635","635","630","630","1302"
"17/06/2021","630","630","630","630","5501"
"18/06/2021","630","635","630","635","7882"
"21/06/2021","629","635","626","626","3884"
"22/06/2021","625.3","625.3","622.1","623","381"
"23/06/2021","634","634.4","634","634.4","20"
"24/06/2021","634.4","634.8","623","623","15"
"25/06/2021","624.1","630","624.1","630","8013"
"28/06/2021","627","627","626","626.2","12"
"29/06/2021","626","626","626","626","3"
"30/06/2021","625","625","625","625","3"
"01/07/2021","623","623","622","622","6"
"02/07/2021","625","625","620","620","1883"
"05/07/2021","630","630","620","620","2690"
"06/07/2021","620","620","620","620","267"
"07/07/2021","619","619","615","615","41"
"08/07/2021","615","615","601","615","1818"
"12/07/2021","625","625","625","625","10"
"14/07/2021","624.9","624.9","615","615.5","2250"
"15/07/2021","615.5","615.5","612","612","697"
"16/07/2021","613.5","623","613.5","623","1512"
"19/07/2021","623","623","623","623","16"
"20/07/2021","614.2","614.2","614.2","614.2","1"
"27/07/2021","615.4","615.4","615.4","615.4","2"
"28/07/2021","620","620","615","615","129"
"29/07/2021","620","620","620","620","81"
"02/08/2021","620","630","620","630","1595"
"03/08/2021","625","634","625","634","203"
"04/08/2021","634","634","620","620","260"
"05/08/2021","620","630","620","630","2174"
"09/08/2021","624.1","650","624.1","650","20603"
"11/08/2021","650","660","630.1","660","28458"
"12/08/2021","652","652","652","652","1"
"13/08/2021","668","668","668","668","758"
"16/08/2021","654.7","654.7","652.3","652.3","635"
"18/08/2021","653.6","653.6","650","650","600"
"19/08/2021","640.1","650","640.1","650","128"
"23/08/2021","672","672","672","672","752"
"24/08/2021","666","676","666","676","2470"
"25/08/2021","652.1","652.1","652.1","652.1","15"
"26/08/2021","678","678","672","672","149"
"27/08/2021","661","680","661","680","1439"
"30/08/2021","680","680","671.1","671.1","33"
"31/08/2021","671","675","662","670","2515"
"02/09/2021","670","670","670","670","2353"
"06/09/2021","670.3","680","670","680","5510"
"07/09/2021","681","700","681","700","13851"
"08/09/2021","700","703","700","703","26"
"09/09/2021","703.5","704","700","700","4161"
"10/09/2021","700","700","700","700","1000"
"15/09/2021","683.3","683.3","683.3","683.3","12"
"17/09/2021","694.9","700","691","691","9346"
"20/09/2021","683","694.5","677.5","680","83"
"22/09/2021","680","680","680","680","52"
"24/09/2021","680","680","680","680","8"
"27/09/2021","680","685","680","683","12219"
"28/09/2021","685","685","685","685","50"
"30/09/2021","685","685","680","680","55"
"01/10/2021","680","680","672.4","672.4","357"
"04/10/2021","670.1","670.1","670.1","670.1","715"
"05/10/2021","670.2","670.3","651","651","1246"
"07/10/2021","656","656","656","656","15"
"08/10/2021","657","660","656","660","83"
"12/10/2021","679","679","679","679","15"
"13/10/2021","679","688","679","688","18"
"14/10/2021","688","688","688","688","50"
"15/10/2021","687","688","665","665","454"
"18/10/2021","666","670","666","670","120"
"21/10/2021","680","687","671.1","671.1","75"
"22/10/2021","688.9","688.9","660","661","4992"
"26/10/2021","662","686.5","662","686.5","784"
"27/10/2021","680","685.5","670","680","15752"
"28/10/2021","672","672","667","667.5","333"
"29/10/2021","675","684","671","684","26215"
"02/11/2021","671.3","674","666","670","1161"
"05/11/2021","667","667","667","667","29"
"09/11/2021","679","679","662","662","85"
"10/11/2021","660","660","660","660","10"
"11/11/2021","679","679","660","660","2039"
"12/11/2021","670","670","670","670","39"
"16/11/2021","655","655","640","640","7131"
"17/11/2021","642","642","640","640.5","3227"
"19/11/2021","657.9","658","640","640","82"
"22/11/2021","645","645","645","645","4"
"23/11/2021","668","668","668","668","15"
"26/11/2021","641","645","628.7","628.7","5758"
"29/11/2021","635","635","635","635","5"
"01/12/2021","635","635","630.1","630.1","38"
"02/12/2021","644","644","630","630","187"
"03/12/2021","631","635","630","630","172"
"08/12/2021","645","645","628","628","3"
"09/12/2021","630","630","628.5","630","3389"
"10/12/2021","630","630.1","625","625","833"
"13/12/2021","635","635","635","635","16000"
"14/12/2021","631","635","630","635","736"
"15/12/2021","630","630","625.2","630","640"
"16/12/2021","630","630","627","630","6107"
"17/12/2021","630","630","630","630","3942"
"20/12/2021","635","635","632","635","100"
"21/12/2021","630","632","629","629","153"
"22/12/2021","630","630","620","620","2534"
"23/12/2021","621.1","622","621.1","622","4057"
"24/12/2021","622.3","622.3","622.3","622.3","147"
"27/12/2021","624.1","624.1","622.3","622.3","200"
"28/12/2021","639.7","640","639.7","640","50"
"29/12/2021","623.2","640","623.2","640","1060"
"30/12/2021","640","640","640","640","15"
"31/12/2021","630.6","647","630.6","647","12915"
"03/01/2022","631","631","631","631","1500"
"05/01/2022","635","635","635","635","1270"
"06/01/2022","649.9","649.9","649","649","96"
"07/01/2022","649.7","658","649","658","1029"
"10/01/2022","640","640","640","640","26"
"13/01/2022","641.3","650","641.3","650","5018"
"14/01/2022","657.9","657.9","657.9","657.9","1788"
"17/01/2022","658","662","658","662","4032"
"18/01/2022","662","670","662","662","8558"
"19/01/2022","663","663","663","663","5"
"20/01/2022","662","665","662","662","5750"
"21/01/2022","662","662","662","662","327"
"25/01/2022","646.1","668","646.1","668","1210"
"26/01/2022","668","668","662","662","2161"
"28/01/2022","662","662","662","662","7225"
"31/01/2022","655","655","655","655","407"
"01/02/2022","651","655","646.1","650","486"
"02/02/2022","647.6","647.6","640","640","1155"
"03/02/2022","640","640","640","640","123"
"04/02/2022","641","655","640","640","2030"
"09/02/2022","650","650","650","650","103"
"10/02/2022","645","645","640","640","165"
"11/02/2022","642","642","640","640","5893"
"14/02/2022","640","640.1","639","639","252"
"15/02/2022","638","638","637","637","7848"
"16/02/2022","640","640","639","640","3520"
"17/02/2022","640","640","630","640","6851"
"21/02/2022","640","640","630","630","3279"
"22/02/2022","630","630","620","620","3360"
"23/02/2022","630","630","620","620","656"
"24/02/2022","620","621","615.1","615.1","350"
"25/02/2022","619","619","601","610","19767"
"28/02/2022","612","614","601","601","850"
"01/03/2022","621.9","621.9","604","606","228"
"02/03/2022","615","620","615","619.4","173"
"03/03/2022","609","609","601","601","353"
"04/03/2022","600","601.1","596","597","3375"
"07/03/2022","597","597","583.1","596.5","51"
"08/03/2022","589","589","589","589","8"
"09/03/2022","590","615","590","615","13"
"10/03/2022","610","614.9","610","610","165"
"11/03/2022","614","615","605","605","345"
"14/03/2022","616.8","617","605","605","18"
"15/03/2022","617","617","617","617","7"
"16/03/2022","625","630","625","630","150"
"17/03/2022","640","640","640","640","10"
"18/03/2022","615","615","615","615","239"
"22/03/2022","620","620","615","615","130"
"23/03/2022","615","615","610","610","179"
"24/03/2022","615","615","610","610","513"
"25/03/2022","610","610","585","585","734"
"28/03/2022","609","609","575.1","605","333"
"29/03/2022","605","605","605","605","35"
"30/03/2022","600","604.9","586","586","49401"
"31/03/2022","590","591","590","590.1","15402"
"01/04/2022","600","609.8","591","600","5123"
"04/04/2022","595","595","593","595","103"
"05/04/2022","595","595","580","585","816"
"06/04/2022","605.8","605.8","605.8","605.8","1"
"07/04/2022","592","604","592","604","503"
"08/04/2022","605.8","605.8","602","602","604"
"11/04/2022","605.9","610","605.9","610","21"
"12/04/2022","600","600.1","600","600","2359"
"13/04/2022","600","600","600","600","366"
"14/04/2022","599.1","599.1","587","590","4734"
"15/04/2022","590","590","587.1","588","23147"
"18/04/2022","590","595","590","595","750"
"19/04/2022","600","600","600","600","2"
"20/04/2022","595","600","595","600","335"
"21/04/2022","595","595","595","595","501"
"22/04/2022","600","600","595","595","28"
"25/04/2022","600","600","600","600","416"
"27/04/2022","600","600","590.1","600","267"
"29/04/2022","600","600","580","580","5486"
"05/05/2022","545.3","545.3","545.3","545.3","1161"
"06/05/2022","512.6","535","512.6","512.6","7867"
"09/05/2022","529","530","516","518","751"
"10/05/2022","528.9","530","487","487","3962"
"11/05/2022","488","500","488","498.95","3696"
"12/05/2022","490","497.95","490","497","13"
"13/05/2022","488.05","493","480.1","480.1","1676"
"16/05/2022","480.5","500","470","470","2250"
"17/05/2022","471","495.95","471","490","69483"
"18/05/2022","489","490","485","490","325"
"19/05/2022","498","498","490","490","471"
"20/05/2022","491","499","475","475","1138"
"23/05/2022","485","490","475","475","219"
"24/05/2022","488.95","488.95","470","470","467"
"25/05/2022","471","480","460","460","5651"
"26/05/2022","460.1","470","460","470","20307"
"27/05/2022","460.55","470","460","460","4943"
"30/05/2022","461","468.9","460.1","460.1","101"
"31/05/2022","460","465","460","460","100"
"01/06/2022","468.85","470","460","470","10285"
"02/06/2022","469","470","460","460","845"
"03/06/2022","469.95","469.95","460","460","8305"
"06/06/2022","470","470","460","469","325"
"07/06/2022","460","460.1","460","460","1338"
"08/06/2022","469.9","470","463","470","962"
"09/06/2022","470","494","470","494","490"
"10/06/2022","465.05","479.1","465.05","468","10468"
