"Date","Open","High","Low","Close","Volume"
"03/01/2000","386.88","386.88","386.88","386.88","20.16"
"05/01/2000","391.96","391.96","391.96","391.96","20.16"
"06/01/2000","396.68","396.68","396.68","396.68","516.13"
"07/01/2000","394.32","394.32","394.32","394.32","34.27"
"12/01/2000","396.68","396.68","396.68","396.68","127.42"
"13/01/2000","396.8","396.8","396.8","396.8","905.24"
"14/01/2000","396.8","396.8","396.8","396.8","87.1"
"17/01/2000","391.84","391.84","391.84","391.84","532.26"
"18/01/2000","396.8","396.8","396.8","396.8","53.23"
"20/01/2000","395.31","395.31","395.31","395.31","247.98"
"21/01/2000","395.31","395.31","395.31","395.31","0.4"
"24/01/2000","395.31","395.31","395.31","395.31","45.97"
"25/01/2000","379.44","379.44","379.44","379.44","410.89"
"26/01/2000","391.84","391.84","391.84","391.84","4.03"
"28/01/2000","379.44","379.44","379.44","379.44","168.95"
"01/02/2000","384.4","384.4","384.4","384.4","286.29"
"03/02/2000","379.44","379.44","379.44","379.44","20.16"
"04/02/2000","381.92","381.92","381.92","381.92","195.56"
"07/02/2000","372","372","372","372","250.4"
"08/02/2000","372","372","372","372","221.37"
"10/02/2000","349.68","349.68","349.68","349.68","204.44"
"11/02/2000","358.36","358.36","358.36","358.36","120.97"
"14/02/2000","357.12","357.12","357.12","357.12","8.06"
"15/02/2000","354.64","354.64","354.64","354.64","88.71"
"16/02/2000","342.24","342.24","342.24","342.24","161.29"
"17/02/2000","342.24","342.24","342.24","342.24","195.56"
"18/02/2000","357.12","357.12","357.12","357.12","204.44"
"21/02/2000","347.2","347.2","347.2","347.2","60.48"
"22/02/2000","329.84","329.84","329.84","329.84","1584.68"
"23/02/2000","327.36","327.36","327.36","327.36","149.19"
"24/02/2000","322.4","322.4","322.4","322.4","493.95"
"25/02/2000","322.4","322.4","322.4","322.4","282.26"
"28/02/2000","319.92","319.92","319.92","319.92","102.82"
"29/02/2000","319.8","319.8","319.8","319.8","608.87"
"01/03/2000","319.92","319.92","319.92","319.92","112.9"
"02/03/2000","310.74","310.74","310.74","310.74","60.48"
"03/03/2000","310","310","310","310","44.35"
"06/03/2000","305.04","305.04","305.04","305.04","653.23"
"07/03/2000","307.64","307.64","307.64","307.64","201.61"
"08/03/2000","307.52","307.52","307.52","307.52","52.42"
"09/03/2000","302.56","302.56","302.56","302.56","495.97"
"10/03/2000","300.08","300.08","300.08","300.08","524.19"
"13/03/2000","292.89","292.89","292.89","292.89","192.74"
"15/03/2000","277.76","277.76","277.76","277.76","700.4"
"16/03/2000","277.76","277.76","277.76","277.76","158.87"
"20/03/2000","290.16","290.16","290.16","290.16","40.32"
"21/03/2000","277.76","277.76","277.76","277.76","484.68"
"22/03/2000","290.16","290.16","290.16","290.16","258.06"
"24/03/2000","280.24","280.24","280.24","280.24","428.23"
"27/03/2000","277.76","277.76","277.76","277.76","16.13"
"28/03/2000","275.28","275.28","275.28","275.28","189.52"
"31/03/2000","228.71","228.71","228.71","228.71","3227.82"
"04/04/2000","202.12","202.12","202.12","202.12","3268.15"
"05/04/2000","198.4","198.4","198.4","198.4","2906.45"
"11/04/2000","236.24","236.24","236.24","236.24","2302.42"
"12/04/2000","235.6","235.6","235.6","235.6","1484.68"
"13/04/2000","243.04","243.04","243.04","243.04","608.06"
"14/04/2000","241.8","241.8","241.8","241.8","697.58"
"17/04/2000","241.8","241.8","241.8","241.8","745.97"
"18/04/2000","238.08","238.08","238.08","238.08","312.5"
"19/04/2000","233.12","233.12","233.12","233.12","725.81"
"20/04/2000","235.35","235.35","235.35","235.35","655.24"
"21/04/2000","233.12","233.12","233.12","233.12","422.58"
"24/04/2000","223.2","223.2","223.2","223.2","811.69"
"26/04/2000","223.45","223.45","223.45","223.45","1814.52"
"27/04/2000","223.2","223.2","223.2","223.2","2220.97"
"28/04/2000","215.76","215.76","215.76","215.76","730.24"
"02/05/2000","210.8","210.8","210.8","210.8","504.03"
"03/05/2000","205.84","205.84","205.84","205.84","84.68"
"04/05/2000","210.8","210.8","210.8","210.8","1310.48"
"05/05/2000","220.72","220.72","220.72","220.72","140.32"
"08/05/2000","223.2","223.2","223.2","223.2","685.48"
"09/05/2000","223.2","223.2","223.2","223.2","757.26"
"10/05/2000","223.2","223.2","223.2","223.2","1350.81"
"11/05/2000","225.68","225.68","225.68","225.68","967.74"
"12/05/2000","233.12","233.12","233.12","233.12","1290.32"
"15/05/2000","233.12","233.12","233.12","233.12","770.56"
"16/05/2000","235.85","235.85","235.85","235.85","2410.08"
"17/05/2000","235.6","235.6","235.6","235.6","247.98"
"18/05/2000","235.6","235.6","235.6","235.6","846.77"
"19/05/2000","238.08","238.08","238.08","238.08","1144.35"
"22/05/2000","238.08","238.08","238.08","238.08","802.42"
"23/05/2000","235.6","235.6","235.6","235.6","181.45"
"24/05/2000","240.31","240.31","240.31","240.31","625"
"26/05/2000","269.95","269.95","269.95","269.95","4217.34"
"29/05/2000","267.84","267.84","267.84","267.84","1814.11"
"30/05/2000","257.92","257.92","257.92","257.92","1346.77"
"31/05/2000","257.92","257.92","257.92","257.92","1211.29"
"01/06/2000","257.92","257.92","257.92","257.92","362.9"
"02/06/2000","255.44","255.44","255.44","255.44","131.05"
"05/06/2000","257.92","257.92","257.92","257.92","161.29"
"06/06/2000","257.92","257.92","257.92","257.92","38.31"
"07/06/2000","252.96","252.96","252.96","252.96","23.79"
"08/06/2000","252.96","252.96","252.96","252.96","120.97"
"09/06/2000","245.52","245.52","245.52","245.52","333.87"
"12/06/2000","241.8","241.8","241.8","241.8","536.29"
"13/06/2000","228.16","228.16","228.16","228.16","322.58"
"14/06/2000","228.16","228.16","228.16","228.16","135.08"
"19/06/2000","216.26","216.26","216.26","216.26","120.97"
"20/06/2000","228.16","228.16","228.16","228.16","48.39"
"21/06/2000","228.16","228.16","228.16","228.16","60.48"
"22/06/2000","228.16","228.16","228.16","228.16","22.18"
"23/06/2000","228.16","228.16","228.16","228.16","116.94"
"26/06/2000","223.2","223.2","223.2","223.2","98.79"
"28/06/2000","224.44","224.44","224.44","224.44","504.03"
"29/06/2000","224.44","224.44","224.44","224.44","60.48"
"30/06/2000","228.16","228.16","228.16","228.16","403.23"
"03/07/2000","225.93","225.93","225.93","225.93","13.71"
"04/07/2000","233.12","233.12","233.12","233.12","40.32"
"05/07/2000","226.92","226.92","226.92","226.92","24.6"
"06/07/2000","233.12","233.12","233.12","233.12","161.29"
"07/07/2000","227.17","227.17","227.17","227.17","60.48"
"10/07/2000","235.35","235.35","235.35","235.35","322.58"
"11/07/2000","233.12","233.12","233.12","233.12","44.35"
"12/07/2000","227.42","227.42","227.42","227.42","120.97"
"13/07/2000","230.64","230.64","230.64","230.64","231.85"
"14/07/2000","228.41","228.41","228.41","228.41","24.19"
"17/07/2000","233.12","233.12","233.12","233.12","41.94"
"18/07/2000","225.68","225.68","225.68","225.68","252.02"
"19/07/2000","225.68","225.68","225.68","225.68","1993.55"
"20/07/2000","223.2","223.2","223.2","223.2","42.34"
"21/07/2000","223.2","223.2","223.2","223.2","29.44"
"24/07/2000","223.2","223.2","223.2","223.2","464.52"
"25/07/2000","221.96","221.96","221.96","221.96","491.94"
"26/07/2000","215.02","215.02","215.02","215.02","502.02"
"27/07/2000","214.52","214.52","214.52","214.52","522.98"
"28/07/2000","213.28","213.28","213.28","213.28","443.55"
"31/07/2000","205.59","205.59","205.59","205.59","404.84"
"01/08/2000","215.76","215.76","215.76","215.76","201.61"
"02/08/2000","210.55","210.55","210.55","210.55","491.94"
"03/08/2000","215.51","215.51","215.51","215.51","28.23"
"04/08/2000","215.76","215.76","215.76","215.76","40.32"
"07/08/2000","210.8","210.8","210.8","210.8","677.42"
"11/08/2000","220.72","220.72","220.72","220.72","203.63"
"15/08/2000","223.2","223.2","223.2","223.2","272.58"
"16/08/2000","220.72","220.72","220.72","220.72","0.81"
"17/08/2000","210.55","210.55","210.55","210.55","423.39"
"18/08/2000","208.32","208.32","208.32","208.32","1008.06"
"22/08/2000","217.99","217.99","217.99","217.99","403.23"
"23/08/2000","217.99","217.99","217.99","217.99","564.52"
"24/08/2000","217.99","217.99","217.99","217.99","389.92"
"25/08/2000","210.8","210.8","210.8","210.8","1015.32"
"28/08/2000","210.8","210.8","210.8","210.8","3830.65"
"29/08/2000","210.8","210.8","210.8","210.8","475.81"
"30/08/2000","203.36","203.36","203.36","203.36","2822.58"
"31/08/2000","203.36","203.36","203.36","203.36","483.87"
"01/09/2000","210.55","210.55","210.55","210.55","548.39"
"04/09/2000","208.32","205.84","205.84","205.84","261.29"
"05/09/2000","210.55","210.55","210.55","210.55","262.1"
"06/09/2000","210.55","210.55","210.55","210.55","156.45"
"07/09/2000","210.55","210.55","210.55","210.55","1536.29"
"08/09/2000","210.55","209.56","209.56","209.56","9415.32"
"11/09/2000","209.56","209.56","209.56","209.56","979.84"
"12/09/2000","208.32","203.61","203.61","203.61","758.06"
"13/09/2000","205.84","205.84","205.84","205.84","1154.44"
"14/09/2000","207.08","207.08","207.08","207.08","364.92"
"15/09/2000","203.36","203.36","203.36","203.36","2215.73"
"18/09/2000","207.08","207.08","207.08","207.08","217.74"
"19/09/2000","203.36","203.36","203.36","203.36","849.19"
"20/09/2000","200.88","200.88","200.88","200.88","861.69"
"21/09/2000","198.4","197.16","197.16","197.16","2112.9"
"22/09/2000","198.4","198.4","198.4","198.4","597.58"
"25/09/2000","198.4","198.4","198.4","198.4","151.21"
"26/09/2000","197.16","195.92","195.92","195.92","685.48"
"27/09/2000","198.4","198.4","198.4","198.4","756.45"
"28/09/2000","195.92","195.92","195.92","195.92","866.94"
"29/09/2000","198.4","197.16","197.16","197.16","250"
"02/10/2000","190.96","190.96","190.96","190.96","403.23"
"03/10/2000","190.96","190.96","190.96","190.96","2040.32"
"04/10/2000","190.96","190.96","190.96","190.96","403.23"
"05/10/2000","190.96","190.96","190.96","190.96","1370.97"
"06/10/2000","190.96","190.96","190.96","190.96","1616.53"
"09/10/2000","190.96","190.96","190.96","190.96","490.73"
"10/10/2000","190.96","191.21","191.21","191.21","1345.97"
"11/10/2000","190.46","190.46","190.46","190.46","1178.23"
"12/10/2000","195.92","186","186","186","1129.03"
"13/10/2000","194.68","194.68","194.68","194.68","24.19"
"16/10/2000","195.92","195.42","195.42","195.42","250"
"17/10/2000","200.88","200.88","200.88","200.88","272.98"
"18/10/2000","208.32","208.32","208.32","208.32","854.84"
"19/10/2000","210.8","210.8","210.8","210.8","1528.23"
"20/10/2000","210.8","210.8","210.8","210.8","802.42"
"23/10/2000","210.8","210.8","210.8","210.8","475.81"
"24/10/2000","210.55","208.32","208.32","208.32","161.29"
"25/10/2000","209.56","209.56","209.56","209.56","250"
"26/10/2000","202.62","201.38","201.38","201.38","421.77"
"27/10/2000","206.34","206.34","206.34","206.34","201.61"
"30/10/2000","205.84","201.13","201.13","201.13","203.63"
"31/10/2000","205.84","205.84","205.84","205.84","22.18"
"01/11/2000","214.52","214.52","214.52","214.52","4052.42"
"02/11/2000","215.76","218.24","215.76","218.24","2741.94"
"03/11/2000","213.28","213.28","213.28","213.28","141.13"
"07/11/2000","213.28","213.28","213.28","213.28","122.98"
"08/11/2000","213.28","213.28","213.28","213.28","85.08"
"09/11/2000","208.57","208.57","208.57","208.57","4.03"
"10/11/2000","213.28","213.28","213.28","213.28","44.35"
"13/11/2000","218.24","218.24","218.24","218.24","431.45"
"14/11/2000","217.74","217.74","217.74","217.74","80.65"
"15/11/2000","218.24","218.24","218.24","218.24","193.15"
"16/11/2000","213.53","213.53","213.53","213.53","157.26"
"17/11/2000","215.76","215.76","215.76","215.76","4153.23"
"20/11/2000","213.53","213.53","213.28","213.28","221.77"
"21/11/2000","206.09","213.03","206.09","213.03","108.87"
"22/11/2000","206.34","206.34","206.34","206.34","68.55"
"23/11/2000","206.09","206.09","205.84","205.84","1362.9"
"24/11/2000","213.28","213.28","213.28","213.28","52.42"
"27/11/2000","210.8","210.8","210.8","210.8","33.47"
"28/11/2000","203.61","205.84","203.61","205.84","171.37"
"29/11/2000","205.84","205.84","205.84","205.84","20.16"
"30/11/2000","215.76","215.76","215.76","215.76","564.52"
"01/12/2000","203.61","203.61","203.61","203.61","8.87"
"04/12/2000","203.36","203.36","203.36","203.36","34.27"
"05/12/2000","198.4","198.4","198.4","198.4","84.68"
"06/12/2000","198.4","198.4","198.4","198.4","102.82"
"07/12/2000","198.45","198.45","198.45","198.45","28.23"
"08/12/2000","208.32","208.32","208.32","208.32","20.16"
"11/12/2000","200.88","200.88","200.88","200.88","28.23"
"12/12/2000","208.32","208.32","208.32","208.32","40.32"
"13/12/2000","205.84","208.32","205.84","208.32","625"
"14/12/2000","208.32","208.32","208.32","208.32","645.97"
"15/12/2000","203.36","203.36","203.36","203.36","264.11"
"18/12/2000","208.32","208.32","208.32","208.32","102.82"
"19/12/2000","202.12","202.12","202.12","202.12","38.31"
"20/12/2000","201.62","201.62","201.62","201.62","266.94"
"22/12/2000","201.87","201.87","201.87","201.87","10.08"
"26/12/2000","201.38","201.38","201.38","201.38","302.42"
"29/12/2000","198.4","198.4","198.4","198.4","120.97"
"02/01/2001","198.4","198.4","198.4","198.4","725.81"
"04/01/2001","205.84","205.84","205.84","205.84","70.56"
"05/01/2001","210.8","210.8","198.4","198.4","4088.71"
"08/01/2001","198.4","198.4","198.4","198.4","6.05"
"09/01/2001","208.32","208.32","208.32","208.32","80.65"
"10/01/2001","198.4","198.4","198.4","198.4","72.58"
"12/01/2001","198.4","198.4","195.92","195.92","1088.71"
"15/01/2001","198.4","198.4","198.4","198.4","92.74"
"16/01/2001","193.69","193.69","193.44","193.44","659.27"
"17/01/2001","193.44","193.44","193.44","193.44","4153.23"
"18/01/2001","193.69","193.69","186","186","6250"
"19/01/2001","186","186","186","186","2483.87"
"22/01/2001","174.84","186","174.84","186","2383.06"
"23/01/2001","186","186","186","186","1552.42"
"24/01/2001","186","186","186","186","774.19"
"25/01/2001","190.96","190.96","186","186","1341.94"
"26/01/2001","186","186","186","186","483.87"
"29/01/2001","186","186","186","186","3689.52"
"30/01/2001","186","186","186","186","713.71"
"31/01/2001","186","186","186","186","1576.61"
"01/02/2001","186","186","186","186","782.26"
"02/02/2001","186","186","186","186","524.19"
"05/02/2001","186","186","186","186","120.97"
"06/02/2001","186","186","186","186","1584.68"
"07/02/2001","186","186","186","186","2084.68"
"08/02/2001","186","186","186","186","346.77"
"09/02/2001","186","186","185.75","185.75","564.52"
"12/02/2001","186","186","186","186","1391.13"
"13/02/2001","186","186","186","186","5685.48"
"14/02/2001","188.48","193.44","188.48","193.44","326.61"
"15/02/2001","193.44","193.44","193.44","193.44","1297.58"
"16/02/2001","195.92","195.92","195.92","195.92","3842.74"
"19/02/2001","198.4","198.4","198.4","198.4","1155.24"
"20/02/2001","195.92","195.92","195.92","195.92","1875"
"21/02/2001","193.44","193.44","193.44","193.44","3477.82"
"22/02/2001","195.92","195.92","195.92","195.92","241.94"
"23/02/2001","192.2","192.45","192.2","192.45","270.16"
"26/02/2001","195.92","195.92","195.92","195.92","1616.13"
"27/02/2001","195.92","195.92","193.69","193.69","1472.18"
"28/02/2001","195.92","195.92","193.44","193.44","3018.55"
"01/03/2001","197.9","197.9","197.9","197.9","114.92"
"02/03/2001","195.92","195.92","195.92","195.92","100.81"
"05/03/2001","195.92","195.92","195.92","195.92","40.32"
"08/03/2001","195.67","195.67","195.67","195.67","106.45"
"09/03/2001","193.69","193.94","193.69","193.94","423.79"
"12/03/2001","195.67","195.67","195.67","195.67","88.71"
"13/03/2001","195.67","195.67","195.67","195.67","459.68"
"14/03/2001","195.67","195.67","195.67","195.67","80.65"
"15/03/2001","195.42","195.42","195.42","195.42","403.23"
"16/03/2001","193.44","193.44","193.44","193.44","340.73"
"19/03/2001","194.68","194.68","193.44","193.44","118.95"
"20/03/2001","193.44","193.44","193.44","193.44","162.1"
"21/03/2001","193.19","193.19","193.19","193.19","64.52"
"22/03/2001","186","186","186","186","701.21"
"23/03/2001","186","186","186","186","28.23"
"26/03/2001","193.44","193.44","186.25","186.25","1118.55"
"28/03/2001","186","186","186","186","4.03"
"29/03/2001","186.25","186.25","186.25","186.25","270.16"
"30/03/2001","186.25","186.25","186.25","186.25","65.32"
"02/04/2001","184.76","184.76","183.27","183.27","349.19"
"03/04/2001","185.5","185.5","185.5","185.5","169.35"
"04/04/2001","182.28","182.28","182.28","182.28","161.29"
"05/04/2001","178.56","178.56","178.56","178.56","44.35"
"06/04/2001","181.04","181.04","173.6","173.6","209.68"
"09/04/2001","166.16","166.16","166.16","166.16","20.16"
"10/04/2001","173.6","173.6","173.6","173.6","8.06"
"11/04/2001","176.08","176.08","176.08","176.08","161.29"
"12/04/2001","176.08","176.08","176.08","176.08","28.23"
"13/04/2001","173.6","178.56","173.6","178.56","8.06"
"16/04/2001","171.37","171.37","171.37","171.37","282.26"
"17/04/2001","171.12","171.12","171.12","171.12","40.32"
"18/04/2001","171.62","171.62","171.62","171.62","40.32"
"19/04/2001","166.41","166.41","166.41","166.41","211.69"
"20/04/2001","172.36","172.36","172.36","172.36","80.65"
"23/04/2001","174.84","174.84","174.84","174.84","403.23"
"24/04/2001","171.12","171.12","171.12","171.12","10.08"
"25/04/2001","171.12","171.12","171.12","171.12","20.16"
"26/04/2001","171.37","171.37","171.37","171.37","80.65"
"27/04/2001","171.12","171.12","171.12","171.12","4.84"
"03/05/2001","171.12","171.12","171.12","171.12","80.65"
"04/05/2001","171.12","171.12","171.12","171.12","6.05"
"07/05/2001","173.6","173.6","173.6","173.6","12.1"
"08/05/2001","171.12","171.12","171.12","171.12","46.37"
"10/05/2001","175.34","175.34","175.34","175.34","104.84"
"14/05/2001","173.35","173.35","173.35","173.35","110.89"
"15/05/2001","173.6","173.6","171.12","171.12","189.11"
"16/05/2001","161.94","161.94","161.94","161.94","403.23"
"17/05/2001","170.87","170.87","170.87","170.87","443.55"
"18/05/2001","163.93","163.93","163.93","163.93","86.69"
"21/05/2001","164.42","170.62","164.42","170.62","108.87"
"22/05/2001","164.67","164.67","164.67","164.67","14.11"
"23/05/2001","163.93","163.93","163.93","163.93","2.02"
"24/05/2001","166.16","166.16","166.16","166.16","6.05"
"25/05/2001","156.24","163.68","156.24","163.68","1250"
"28/05/2001","170.87","170.87","170.87","170.87","403.23"
"29/05/2001","170.87","170.87","170.87","170.87","403.23"
"31/05/2001","168.64","168.64","168.64","168.64","411.29"
"01/06/2001","168.64","168.64","168.64","168.64","40.32"
"04/06/2001","168.64","168.64","168.64","168.64","40.32"
"07/06/2001","163.43","163.43","163.43","163.43","141.13"
"08/06/2001","162.69","162.69","162.69","162.69","82.66"
"11/06/2001","163.68","163.68","163.68","163.68","56.45"
"13/06/2001","161.2","161.2","161.2","161.2","222.98"
"14/06/2001","161.2","161.2","161.2","161.2","4.03"
"15/06/2001","163.68","163.68","163.68","163.68","89.92"
"18/06/2001","168.39","168.39","168.39","168.39","3.63"
"19/06/2001","161.94","161.94","161.2","161.2","564.52"
"20/06/2001","156.49","156.49","156.49","156.49","100.81"
"21/06/2001","157.48","157.48","157.48","157.48","403.23"
"27/06/2001","156.24","156.24","151.53","151.53","201.61"
"28/06/2001","151.53","151.53","151.53","151.53","6.05"
"29/06/2001","153.76","153.76","151.78","151.78","166.13"
"02/07/2001","151.28","151.28","151.28","151.28","8.06"
"03/07/2001","146.32","151.28","146.32","151.28","435.48"
"04/07/2001","151.28","151.28","151.28","151.28","80.65"
"06/07/2001","157.48","157.48","157.48","157.48","423.39"
"09/07/2001","166.16","166.16","166.16","166.16","411.29"
"10/07/2001","156.24","156.24","156.24","156.24","11.29"
"11/07/2001","151.28","151.28","151.28","151.28","425.4"
"12/07/2001","153.76","153.76","153.76","153.76","16.13"
"13/07/2001","158.47","158.47","158.47","158.47","36.29"
"17/07/2001","156.24","156.24","156.24","156.24","80.65"
"18/07/2001","155","155","155","155","201.61"
"19/07/2001","160.7","160.7","160.7","160.7","20.16"
"20/07/2001","155.25","155.25","155.25","155.25","241.94"
"23/07/2001","161.2","161.2","161.2","161.2","20.16"
"24/07/2001","156.24","156.24","156.24","156.24","5.24"
"25/07/2001","156.24","156.24","155","155","531.45"
"27/07/2001","156.24","156.24","153.76","153.76","526.21"
"31/07/2001","153.76","153.76","153.76","153.76","21.37"
"01/08/2001","153.76","153.76","153.76","153.76","80.65"
"02/08/2001","158.72","158.72","158.72","158.72","4.03"
"03/08/2001","153.76","153.76","153.76","153.76","6.05"
"07/08/2001","153.76","153.76","153.76","153.76","158.06"
"08/08/2001","158.72","158.72","158.72","158.72","180.65"
"09/08/2001","161.2","161.2","161.2","161.2","104.84"
"10/08/2001","161.2","161.2","161.2","161.2","187.5"
"13/08/2001","161.2","161.2","161.2","161.2","40.32"
"15/08/2001","161.2","161.2","161.2","161.2","64.52"
"16/08/2001","161.45","161.45","161.45","161.45","332.66"
"17/08/2001","161.45","161.45","161.45","161.45","243.15"
"23/08/2001","161.2","161.2","161.2","161.2","826.61"
"24/08/2001","161.2","161.2","161.2","161.2","44.35"
"27/08/2001","161.2","161.2","161.2","161.2","53.23"
"29/08/2001","161.2","161.2","161.2","161.2","40.32"
"30/08/2001","170.87","170.87","170.87","170.87","40.32"
"31/08/2001","161.2","161.2","161.2","161.2","35.89"
"04/09/2001","161.2","161.2","161.2","161.2","164.92"
"05/09/2001","170.87","170.87","170.87","170.87","201.61"
"06/09/2001","181.04","181.04","181.04","181.04","4032.26"
"10/09/2001","171.12","171.12","171.12","171.12","990.73"
"12/09/2001","171.12","171.12","171.12","171.12","564.52"
"13/09/2001","163.68","163.68","163.68","163.68","40.32"
"14/09/2001","173.35","173.35","173.35","173.35","68.55"
"17/09/2001","163.68","163.68","163.68","163.68","39.11"
"19/09/2001","163.68","163.68","163.68","163.68","40.32"
"20/09/2001","173.1","173.1","173.1","173.1","80.65"
"21/09/2001","163.93","172.31","163.93","172.31","443.55"
"25/09/2001","165.42","168.64","165.42","168.64","406.05"
"28/09/2001","163.68","163.68","163.68","163.68","40.32"
"01/10/2001","161.2","161.2","161.2","161.2","204.84"
"03/10/2001","154.5","154.5","154.5","154.5","59.68"
"04/10/2001","154.5","154.5","154.5","154.5","16.13"
"05/10/2001","154.75","154.75","154.75","154.75","60.48"
"08/10/2001","153.76","153.76","153.76","153.76","141.13"
"09/10/2001","153.76","153.76","153.76","153.76","80.65"
"10/10/2001","151.53","151.53","151.53","151.53","8.06"
"11/10/2001","151.38","151.38","151.38","151.38","40.32"
"12/10/2001","158.72","158.72","153.76","153.76","818.55"
"16/10/2001","149.54","149.54","149.54","149.54","64.52"
"17/10/2001","150.78","150.78","150.78","150.78","141.13"
"18/10/2001","148.8","148.8","148.8","148.8","161.29"
"19/10/2001","148.8","148.8","148.8","148.8","80.65"
"22/10/2001","148.8","148.8","148.8","148.8","403.23"
"24/10/2001","148.8","148.8","148.8","148.8","80.65"
"26/10/2001","146.32","146.32","146.32","146.32","40.32"
"29/10/2001","147.56","147.56","147.56","147.56","806.45"
"30/10/2001","148.3","148.3","148.3","148.3","322.58"
"31/10/2001","148.55","148.55","148.55","148.55","80.65"
"01/11/2001","148.3","148.3","148.3","148.3","20.16"
"05/11/2001","139.87","139.87","139.87","139.87","40.32"
"07/11/2001","136.4","136.4","136.4","136.4","223.79"
"12/11/2001","128.96","128.96","128.96","128.96","40.32"
"13/11/2001","126.48","126.48","126.48","126.48","120.56"
"14/11/2001","124","124","124","124","1092.74"
"15/11/2001","119.04","119.04","119.04","119.04","44.35"
"16/11/2001","124","124","124","124","3839.11"
"19/11/2001","124","124","119.29","119.29","463.71"
"22/11/2001","142","142","142","142","224.6"
"23/11/2001","147.56","147.56","147.56","147.56","722.18"
"26/11/2001","145.08","145.08","145.08","145.08","80.65"
"27/11/2001","148.8","148.8","148.8","148.8","399.19"
"30/11/2001","148.8","148.8","148.8","148.8","80.65"
"06/12/2001","133.92","133.92","133.92","133.92","165.32"
"07/12/2001","125.88","125.88","125.88","125.88","403.23"
"20/12/2001","126.48","126.48","126.48","126.48","80.65"
"21/12/2001","134.07","134.07","134.07","134.07","8.06"
"26/12/2001","126.98","126.98","126.98","126.98","14.11"
"27/12/2001","126.98","126.98","126.98","126.98","28.23"
"28/12/2001","128.96","128.96","128.96","128.96","52.42"
"02/01/2002","126.98","126.98","126.98","126.98","20.16"
"03/01/2002","126.98","126.98","126.98","126.98","12.1"
"04/01/2002","132.68","132.68","131.19","131.19","120.97"
"07/01/2002","131.44","131.44","131.44","131.44","241.94"
"08/01/2002","126.48","126.48","126.48","126.48","221.77"
"09/01/2002","126.53","126.53","126.53","126.53","80.65"
"10/01/2002","126.48","126.48","126.48","126.48","1668.95"
"14/01/2002","126.48","126.48","126.48","126.48","1048.39"
"15/01/2002","126.48","126.48","123.01","123.01","766.13"
"16/01/2002","121.52","121.52","121.52","121.52","217.74"
"17/01/2002","124","124","124","124","34.27"
"18/01/2002","124","124","124","124","161.69"
"21/01/2002","124","126.48","124","126.48","306.45"
"23/01/2002","124","124","124","124","20.16"
"24/01/2002","126.48","131.44","126.48","131.44","2159.27"
"25/01/2002","133.92","133.92","131.44","131.44","302.42"
"28/01/2002","133.92","133.92","133.92","133.92","120.97"
"31/01/2002","133.92","133.92","133.92","133.92","33.47"
"04/02/2002","129.21","129.21","129.21","129.21","60.48"
"05/02/2002","126.98","126.98","126.98","126.98","745.97"
"08/02/2002","129.36","129.36","129.36","129.36","8.06"
"11/02/2002","129.31","129.31","129.31","129.31","112.9"
"12/02/2002","129.31","129.31","126.48","126.48","165.32"
"13/02/2002","126.48","126.48","126.48","126.48","4.03"
"14/02/2002","126.48","126.48","126.48","126.48","109.27"
"15/02/2002","126.48","126.48","126.48","126.48","92.34"
"18/02/2002","131.44","131.44","131.44","131.44","161.29"
"19/02/2002","128.96","128.96","128.96","128.96","120.97"
"20/02/2002","129.01","129.01","128.96","128.96","100.81"
"21/02/2002","131.44","131.44","131.44","131.44","20.16"
"22/02/2002","130.94","130.94","128.96","128.96","88.71"
"26/02/2002","128.96","128.96","128.96","128.96","161.29"
"27/02/2002","128.96","128.96","128.96","128.96","92.74"
"28/02/2002","126.98","126.98","126.98","126.98","2.02"
"01/03/2002","126.48","126.48","126.48","126.48","445.56"
"04/03/2002","126.73","131.44","126.73","131.44","18.15"
"05/03/2002","131.44","131.44","131.44","131.44","40.32"
"07/03/2002","131.44","131.44","131.44","131.44","201.61"
"08/03/2002","128.96","128.96","128.96","128.96","88.71"
"11/03/2002","126.48","126.48","126.48","126.48","483.87"
"12/03/2002","126.48","126.48","125.49","125.49","377.42"
"13/03/2002","128.96","128.96","128.96","128.96","50.4"
"14/03/2002","128.96","128.96","128.96","128.96","201.61"
"15/03/2002","128.96","128.96","126.48","126.48","363.31"
"18/03/2002","126.48","126.48","126.48","126.48","104.84"
"19/03/2002","126.48","126.48","126.48","126.48","40.32"
"20/03/2002","126.48","126.48","126.48","126.48","126.61"
"22/03/2002","126.48","126.48","126.48","126.48","145.56"
"25/03/2002","128.71","128.71","128.71","128.71","120.97"
"26/03/2002","124","124","124","124","18.95"
"27/03/2002","128.96","128.96","125.24","125.24","1088.71"
"28/03/2002","124","124","124","124","82.66"
"02/04/2002","131.44","131.44","131.44","131.44","241.94"
"03/04/2002","126.48","131.44","126.48","131.44","114.11"
"04/04/2002","131.44","131.44","131.44","131.44","161.29"
"05/04/2002","130.2","130.2","128.96","128.96","201.61"
"09/04/2002","126.73","126.73","126.73","126.73","382.66"
"10/04/2002","127.97","127.97","127.97","127.97","40.32"
"11/04/2002","127.97","127.97","126.48","126.48","504.03"
"12/04/2002","126.48","126.48","126.48","126.48","1235.89"
"15/04/2002","126.43","126.43","126.43","126.43","16.13"
"16/04/2002","126.48","126.48","126.48","126.48","14.11"
"22/04/2002","126.48","126.48","126.48","126.48","147.18"
"23/04/2002","126.63","126.63","126.63","126.63","3.63"
"24/04/2002","128.96","128.96","126.73","126.73","149.19"
"25/04/2002","126.48","126.48","126.48","126.48","48.39"
"26/04/2002","128.96","128.96","124.74","124.74","592.74"
"29/04/2002","124","124","124","124","221.77"
"30/04/2002","124.25","124.25","124.25","124.25","60.48"
"02/05/2002","124.74","124.74","124.74","124.74","40.32"
"03/05/2002","126.48","126.48","126.48","126.48","40.32"
"06/05/2002","124.25","124.25","124.25","124.25","120.97"
"07/05/2002","124.5","124.5","124.5","124.5","40.32"
"08/05/2002","124.25","124.25","124.25","124.25","120.97"
"09/05/2002","124","124","124","124","147.18"
"10/05/2002","124","124","124","124","40.32"
"13/05/2002","124","124","124","124","506.05"
"14/05/2002","124","124","121.52","121.52","496.37"
"15/05/2002","124","124","121.52","121.52","403.63"
"16/05/2002","124","124","124","124","120.56"
"17/05/2002","121.52","121.52","121.52","121.52","87.1"
"20/05/2002","124","124","124","124","201.21"
"21/05/2002","120.28","120.28","117.06","117.06","1236.29"
"23/05/2002","119.04","119.04","119.04","119.04","40.32"
"24/05/2002","119.04","119.04","119.04","119.04","423.39"
"27/05/2002","121.52","121.52","121.52","121.52","20.16"
"28/05/2002","119.04","119.04","119.04","119.04","208.87"
"29/05/2002","117.06","117.06","117.06","117.06","10.48"
"30/05/2002","124","124","124","124","806.45"
"03/06/2002","117.06","117.06","117.06","117.06","20.16"
"04/06/2002","117.06","117.06","117.06","117.06","8.06"
"07/06/2002","117.3","117.3","117.3","117.3","218.55"
"10/06/2002","122.76","122.76","122.76","122.76","120.97"
"12/06/2002","119.04","119.04","117.3","117.3","172.98"
"14/06/2002","119.04","119.04","119.04","119.04","60.48"
"18/06/2002","119.04","119.04","119.04","119.04","100.81"
"19/06/2002","117.3","117.3","117.3","117.3","56.45"
"20/06/2002","116.56","116.56","116.56","116.56","403.63"
"21/06/2002","111.6","111.6","109.62","109.62","745.97"
"02/07/2002","106.64","106.64","106.64","106.64","84.68"
"03/07/2002","104.41","104.41","104.41","104.41","60.48"
"05/07/2002","104.16","104.16","104.16","104.16","149.19"
"09/07/2002","104.16","104.16","104.16","104.16","2479.84"
"10/07/2002","104.16","104.16","104.16","104.16","169.35"
"11/07/2002","104.16","104.16","104.16","104.16","1745.97"
"12/07/2002","104.66","104.66","104.16","104.16","1129.03"
"16/07/2002","108.13","108.13","108.13","108.13","8.06"
"17/07/2002","114.58","114.58","114.58","114.58","0.4"
"22/07/2002","104.41","104.41","104.41","104.41","40.73"
"24/07/2002","104.66","104.9","104.66","104.9","1330.24"
"25/07/2002","104.66","104.66","104.16","104.16","435.48"
"26/07/2002","105.4","105.4","105.4","105.4","80.65"
"02/08/2002","116.31","116.31","105.4","105.4","161.29"
"06/08/2002","111.6","111.6","111.6","111.6","40.32"
"07/08/2002","111.55","111.55","111.55","111.55","4.44"
"08/08/2002","105.15","105.15","105.15","105.15","20.16"
"09/08/2002","105.2","105.2","105.2","105.2","24.19"
"12/08/2002","106.64","106.64","106.64","106.64","201.61"
"13/08/2002","106.64","106.64","106.64","106.64","10.08"
"15/08/2002","105.15","105.15","105.15","105.15","40.32"
"22/08/2002","111.45","111.45","111.45","111.45","7.66"
"23/08/2002","105.4","105.4","105.4","105.4","241.94"
"27/08/2002","104.66","104.66","104.66","104.66","12.1"
"28/08/2002","104.66","104.66","104.66","104.66","2.02"
"29/08/2002","104.9","104.9","104.9","104.9","122.98"
"02/09/2002","106.64","106.64","106.64","106.64","426.61"
"03/09/2002","111.6","111.6","111.6","111.6","80.65"
"04/09/2002","106.64","106.64","106.64","106.64","524.19"
"05/09/2002","106.64","106.64","106.64","106.64","120.97"
"10/09/2002","104.66","104.66","104.66","104.66","266.13"
"12/09/2002","104.16","104.16","104.16","104.16","161.29"
"13/09/2002","106.64","106.64","106.64","106.64","217.34"
"16/09/2002","105.15","105.15","105.15","105.15","40.32"
"18/09/2002","104.16","104.16","104.16","104.16","1303.23"
"19/09/2002","101.68","101.68","101.68","101.68","44.35"
"20/09/2002","101.68","101.68","101.68","101.68","4.03"
"23/09/2002","107.78","107.78","107.78","107.78","54.03"
"25/09/2002","101.68","101.68","101.68","101.68","24.19"
"26/09/2002","100.94","100.94","100.94","100.94","50.4"
"27/09/2002","100.44","100.44","99.94","99.94","808.47"
"30/09/2002","100.94","100.94","99.2","99.2","1800.81"
"01/10/2002","99.2","99.2","99.2","99.2","586.69"
"03/10/2002","97.71","97.71","97.71","97.71","20.16"
"04/10/2002","93","99.2","93","99.2","154.84"
"09/10/2002","87.69","87.69","87.69","87.69","39.11"
"11/10/2002","83.58","83.58","83.58","83.58","2177.42"
"17/10/2002","82.09","82.09","82.09","82.09","40.32"
"18/10/2002","87","87","87","87","40.32"
"22/10/2002","91.76","91.76","91.76","91.76","80.65"
"23/10/2002","97.27","97.27","97.27","97.27","1246.37"
"24/10/2002","91.66","91.71","91.66","91.71","60.48"
"25/10/2002","89.28","89.28","89.28","89.28","112.9"
"30/10/2002","86.8","86.8","86.8","86.8","806.45"
"01/11/2002","89.28","89.28","89.28","89.28","189.52"
"04/11/2002","89.28","89.28","89.28","89.28","201.61"
"05/11/2002","91.26","91.26","89.28","89.28","54.44"
"07/11/2002","89.28","89.28","89.28","89.28","143.15"
"11/11/2002","89.33","89.33","89.33","89.33","201.61"
"12/11/2002","94.69","94.69","94.69","94.69","40.73"
"13/11/2002","91.76","91.76","91.76","91.76","201.61"
"19/11/2002","81.84","81.84","81.84","81.84","846.77"
"20/11/2002","81.84","81.84","79.36","79.36","758.06"
"21/11/2002","81.84","81.84","81.84","81.84","443.55"
"22/11/2002","79.36","84.32","79.36","84.32","554.44"
"25/11/2002","84.32","84.32","84.32","84.32","120.97"
"26/11/2002","79.36","79.36","79.36","79.36","52.42"
"27/11/2002","79.61","79.61","79.61","79.61","87.1"
"29/11/2002","83.82","83.82","79.86","79.86","204.44"
"03/12/2002","79.91","79.91","79.91","79.91","45.56"
"04/12/2002","81.84","81.84","81.84","81.84","318.55"
"12/12/2002","81.84","81.84","81.84","81.84","161.29"
"13/12/2002","84.32","84.32","84.32","84.32","60.48"
"17/12/2002","80.6","80.6","80.6","80.6","806.45"
"19/12/2002","81.84","81.84","81.84","81.84","322.58"
"20/12/2002","79.86","79.86","79.86","79.86","403.23"
"23/12/2002","79.61","79.61","79.61","79.61","390.32"
"24/12/2002","79.36","79.36","79.36","79.36","712.5"
"25/12/2002","84.12","84.12","84.12","84.12","483.87"
"26/12/2002","84.32","84.32","84.32","84.32","362.9"
"27/12/2002","84.57","84.57","84.57","84.57","600.81"
"30/12/2002","84.32","84.32","84.32","84.32","249.6"
"31/12/2002","84.32","84.32","84.32","84.32","403.23"
"06/01/2003","84.32","84.32","84.32","84.32","16.13"
"07/01/2003","84.32","84.32","84.32","84.32","185.48"
"09/01/2003","89.03","89.03","80.6","80.6","445.56"
"15/01/2003","80.6","80.6","80.6","80.6","60.48"
"16/01/2003","85.41","85.41","85.36","85.36","443.55"
"17/01/2003","81.84","81.84","81.84","81.84","15.73"
"20/01/2003","80.6","80.6","80.6","80.6","80.65"
"28/01/2003","84.32","84.32","84.32","84.32","78.23"
"29/01/2003","84.32","84.32","84.32","84.32","2.42"
"30/01/2003","81.1","81.1","81.1","81.1","40.32"
"03/02/2003","83.08","83.08","83.08","83.08","48.39"
"04/02/2003","85.56","85.56","85.56","85.56","80.65"
"05/02/2003","81.84","81.84","81.84","81.84","40.32"
"06/02/2003","81.1","81.1","81.1","81.1","40.32"
"10/02/2003","84.32","84.32","84.32","84.32","60.48"
"11/02/2003","80.6","81.1","80.6","81.1","1141.53"
"19/02/2003","80.6","80.6","80.6","80.6","20.16"
"25/02/2003","81.84","81.84","81.59","81.59","4068.55"
"26/02/2003","81.84","81.84","81.84","81.84","3629.03"
"27/02/2003","80.85","80.85","80.85","80.85","393.15"
"03/03/2003","81.84","81.84","81.84","81.84","1209.68"
"04/03/2003","81.84","81.84","81.84","81.84","604.84"
"06/03/2003","81.84","81.84","81.84","81.84","1153.23"
"07/03/2003","81.84","81.84","81.59","81.59","221.77"
"10/03/2003","81.84","81.84","81.84","81.84","201.61"
"11/03/2003","81.59","81.59","81.59","81.59","201.61"
"12/03/2003","81.84","81.84","81.84","81.84","403.23"
"13/03/2003","80.6","80.6","80.6","80.6","201.61"
"17/03/2003","80.6","80.6","80.6","80.6","161.29"
"18/03/2003","81.1","81.1","81.1","81.1","314.52"
"19/03/2003","80.6","80.6","80.6","80.6","149.19"
"20/03/2003","80.6","80.6","80.6","80.6","60.48"
"21/03/2003","79.86","79.86","79.86","79.86","36.29"
"24/03/2003","79.36","79.36","79.36","79.36","120.97"
"25/03/2003","81.59","81.59","81.59","81.59","40.32"
"26/03/2003","81.59","81.59","79.36","79.36","887.1"
"28/03/2003","76.88","76.88","76.88","76.88","121.37"
"31/03/2003","76.88","76.88","76.88","76.88","28.63"
"01/04/2003","74.4","74.4","74.4","74.4","201.61"
"03/04/2003","74.9","74.9","74.9","74.9","403.23"
"04/04/2003","74.4","74.4","74.4","74.4","342.74"
"08/04/2003","70.93","70.93","70.93","70.93","20.16"
"09/04/2003","69.44","69.44","69.44","69.44","8.06"
"10/04/2003","71.92","71.92","71.92","71.92","773.39"
"11/04/2003","72.42","72.42","72.42","72.42","725.81"
"14/04/2003","71.92","71.92","71.92","71.92","2385.89"
"15/04/2003","71.92","71.92","71.92","71.92","20.16"
"16/04/2003","71.92","71.92","71.92","71.92","16.13"
"17/04/2003","74.4","76.24","74.4","76.24","1162.1"
"22/04/2003","84.07","84.07","84.07","84.07","1411.29"
"23/04/2003","85.56","85.56","85.56","85.56","522.18"
"28/04/2003","99.2","101.68","99.2","101.68","804.44"
"29/04/2003","98.95","98.95","98.95","98.95","1622.98"
"30/04/2003","96.72","98.95","96.72","98.95","596.77"
"02/05/2003","97.96","97.96","97.96","97.96","806.45"
"07/05/2003","97.96","97.96","97.96","97.96","443.55"
"08/05/2003","103.81","103.81","103.81","103.81","802.02"
"09/05/2003","110.01","110.01","110.01","110.01","725.81"
"12/05/2003","111.85","111.85","111.85","111.85","1237.9"
"13/05/2003","123.36","123.5","123.36","123.5","3924.6"
"16/05/2003","123.5","123.5","123.01","123.01","1750.4"
"19/05/2003","116.56","116.81","116.56","116.81","887.1"
"20/05/2003","116.31","116.31","116.31","116.31","137.1"
"21/05/2003","111.35","111.35","111.35","111.35","221.77"
"22/05/2003","111.3","111.3","111.3","111.3","40.32"
"23/05/2003","117.8","117.8","117.8","117.8","241.94"
"26/05/2003","112.84","112.84","111.6","111.6","169.35"
"28/05/2003","111.55","111.55","111.55","111.55","40.32"
"29/05/2003","111.6","111.6","111.6","111.6","766.13"
"30/05/2003","114.08","114.08","114.08","114.08","201.61"
"02/06/2003","111.6","111.6","111.6","111.6","2068.95"
"03/06/2003","114.08","114.08","114.08","114.08","495.97"
"04/06/2003","114.08","114.08","111.6","111.6","261.69"
"05/06/2003","114.08","114.08","114.08","114.08","1612.9"
"06/06/2003","114.08","114.08","114.08","114.08","4318.15"
"09/06/2003","114.13","116.56","114.13","116.56","677.42"
"10/06/2003","117.06","121.52","117.06","121.52","979.03"
"11/06/2003","117.8","117.8","117.8","117.8","1806.45"
"12/06/2003","116.56","116.56","116.56","116.56","119.35"
"13/06/2003","116.56","116.56","116.56","116.56","767.74"
"17/06/2003","116.56","116.56","116.56","116.56","806.45"
"18/06/2003","116.56","116.56","116.56","116.56","322.58"
"20/06/2003","111.6","111.6","111.6","111.6","735.89"
"23/06/2003","111.6","111.6","109.12","109.12","3467.74"
"24/06/2003","105.65","105.65","105.65","105.65","766.13"
"25/06/2003","106.89","107.14","106.89","107.14","1008.06"
"26/06/2003","111.6","111.6","109.12","109.12","342.74"
"27/06/2003","109.12","109.12","109.12","109.12","411.29"
"30/06/2003","109.12","109.12","109.12","109.12","2056.45"
"01/07/2003","111.6","111.6","109.12","109.12","1209.68"
"02/07/2003","102.92","102.92","102.92","102.92","3945.16"
"08/07/2003","102.18","102.18","102.18","102.18","68.55"
"09/07/2003","102.18","102.18","102.18","102.18","919.35"
"10/07/2003","102.18","102.18","101.93","101.93","266.13"
"11/07/2003","102.18","102.92","102.18","102.92","689.52"
"14/07/2003","104.16","104.16","104.16","104.16","86.69"
"15/07/2003","104.16","104.16","104.16","104.16","322.58"
"16/07/2003","104.16","104.16","101.68","101.68","1161.29"
"17/07/2003","101.68","101.68","100.44","100.44","100.81"
"21/07/2003","97.96","97.96","97.22","97.22","3649.19"
"22/07/2003","96.72","96.97","96.72","96.97","564.52"
"23/07/2003","92.01","92.01","92.01","92.01","2415.32"
"24/07/2003","92.01","92.01","91.76","91.76","3770.16"
"25/07/2003","96.47","96.47","96.47","96.47","362.9"
"28/07/2003","93","93","93","93","40.32"
"29/07/2003","95.48","95.48","91.76","91.76","9558.47"
"31/07/2003","96.72","96.72","96.72","96.72","2338.71"
"01/08/2003","99.2","102.52","99.2","102.52","2407.66"
"04/08/2003","108.67","108.67","108.67","108.67","362.9"
"05/08/2003","109.12","109.12","109.12","109.12","564.11"
"06/08/2003","111.35","111.35","111.35","111.35","77.82"
"07/08/2003","105.15","105.15","104.71","104.71","2077.82"
"08/08/2003","103.17","103.17","103.17","103.17","1008.06"
"11/08/2003","107.63","107.63","107.63","107.63","48.39"
"12/08/2003","106.64","106.64","106.59","106.59","301.21"
"13/08/2003","107.63","107.63","107.38","107.38","947.58"
"15/08/2003","105.9","106.64","105.9","106.64","132.66"
"18/08/2003","106.64","106.64","106.64","106.64","40.32"
"19/08/2003","106.54","106.54","106.49","106.49","88.71"
"22/08/2003","104.16","107.63","104.16","107.63","1887.1"
"25/08/2003","107.88","107.88","107.88","107.88","116.94"
"26/08/2003","109.12","110.36","109.12","110.36","965.32"
"27/08/2003","114.08","114.08","114.08","114.08","927.42"
"29/08/2003","113.58","113.58","113.58","113.58","116.94"
"01/09/2003","109.12","113.58","109.12","113.58","2370.56"
"02/09/2003","113.58","113.58","113.58","113.58","343.15"
"03/09/2003","114.08","114.08","113.83","113.83","693.55"
"04/09/2003","114.08","114.08","114.08","114.08","403.23"
"05/09/2003","112.34","116.31","112.34","116.31","689.52"
"08/09/2003","114.08","116.56","114.08","116.56","362.9"
"09/09/2003","116.56","117.11","116.56","117.11","584.68"
"10/09/2003","120.28","120.28","120.28","120.28","645.16"
"11/09/2003","121.52","122.51","121.52","122.51","2133.87"
"12/09/2003","123.26","123.26","123.26","123.26","1487.9"
"15/09/2003","123.01","123.26","123.01","123.26","537.1"
"16/09/2003","121.52","121.52","121.52","121.52","403.23"
"17/09/2003","116.56","116.56","116.56","116.56","40.32"
"18/09/2003","116.06","116.06","116.06","116.06","907.26"
"22/09/2003","116.56","116.56","116.56","116.56","403.23"
"23/09/2003","116.56","116.56","114.33","114.33","1572.58"
"24/09/2003","116.56","117.06","116.56","117.06","625"
"25/09/2003","114.33","114.33","114.33","114.33","282.26"
"29/09/2003","114.58","114.58","114.58","114.58","282.26"
"30/09/2003","114.48","114.48","114.48","114.48","1591.53"
"01/10/2003","114.58","114.58","114.08","114.08","895.16"
"02/10/2003","111.6","112.84","111.6","112.84","1443.55"
"03/10/2003","114.08","115.32","114.08","115.32","1928.23"
"06/10/2003","114.58","116.56","114.58","116.56","247.18"
"07/10/2003","116.56","116.56","116.56","116.56","81.85"
"08/10/2003","116.56","116.56","116.56","116.56","241.94"
"09/10/2003","112.34","116.56","112.34","116.56","26.21"
"10/10/2003","116.56","116.56","116.56","116.56","423.39"
"14/10/2003","114.08","114.08","114.08","114.08","18.95"
"15/10/2003","116.56","119.04","116.56","119.04","2600.81"
"16/10/2003","121.77","121.77","121.77","121.77","806.45"
"17/10/2003","121.52","123.26","121.52","123.26","1239.11"
"20/10/2003","124.25","124.5","124.25","124.5","967.74"
"21/10/2003","131.69","131.69","131.69","131.69","2501.61"
"22/10/2003","133.92","133.92","133.92","133.92","4254.03"
"23/10/2003","132.43","132.43","128.96","128.96","1693.55"
"24/10/2003","128.96","132.93","128.96","132.93","862.9"
"27/10/2003","131.94","131.94","131.94","131.94","133.06"
"28/10/2003","131.44","131.44","129.21","129.21","1035.89"
"29/10/2003","129.21","129.21","129.21","129.21","201.61"
"31/10/2003","132.43","132.43","129.46","129.46","473.79"
"03/11/2003","129.21","129.95","129.21","129.95","409.27"
"04/11/2003","129.95","129.95","129.95","129.95","506.05"
"05/11/2003","129.95","129.95","129.95","129.95","4987.9"
"07/11/2003","130.7","131.19","130.7","131.19","213.71"
"10/11/2003","131.44","131.44","131.44","131.44","16.13"
"11/11/2003","133.92","133.92","133.92","133.92","806.45"
"12/11/2003","133.92","136.15","133.92","136.15","604.84"
"13/11/2003","137.94","143.84","137.94","143.84","935.48"
"14/11/2003","145.82","145.82","144.83","144.83","2798.39"
"17/11/2003","143.84","146.07","143.84","146.07","1776.21"
"19/11/2003","146.32","146.32","146.32","146.32","860.89"
"20/11/2003","148.8","148.8","148.8","148.8","443.55"
"21/11/2003","152.77","152.77","151.28","151.28","709.68"
"25/11/2003","153.76","153.76","153.76","153.76","1435.89"
"28/11/2003","158.72","158.72","158.72","158.72","604.84"
"01/12/2003","163.68","166.16","163.68","166.16","6701.61"
"04/12/2003","197.85","197.85","197.85","197.85","2576.61"
"05/12/2003","198.4","198.4","186","186","11183.47"
"08/12/2003","183.52","183.52","182.28","182.28","8395.16"
"09/12/2003","193.19","193.19","193.19","193.19","3307.26"
"10/12/2003","197.9","197.9","188.48","188.48","2308.47"
"11/12/2003","183.27","183.27","183.27","183.27","645.16"
"12/12/2003","172.31","172.31","172.31","172.31","3770.16"
"15/12/2003","161.99","161.99","161.99","161.99","3743.55"
"17/12/2003","143.15","143.15","143.15","143.15","500"
"18/12/2003","134.66","146.57","134.66","146.57","2540.73"
"22/12/2003","133.18","133.18","132.68","132.68","4129.84"
"23/12/2003","132.68","132.68","132.68","132.68","137.1"
"24/12/2003","136.4","136.4","136.4","136.4","524.19"
"25/12/2003","133.92","133.92","133.92","133.92","854.84"
"26/12/2003","131.44","132.68","131.44","132.68","2822.58"
"29/12/2003","128.96","128.96","128.96","128.96","685.48"
"31/12/2003","128.96","128.96","128.96","128.96","552.42"
"02/01/2004","128.96","132.68","128.96","132.68","1188.31"
"05/01/2004","128.96","128.96","128.96","128.96","52.82"
"06/01/2004","136.15","136.15","136.15","136.15","443.55"
"07/01/2004","131.44","131.44","131.44","131.44","120.97"
"08/01/2004","135.16","135.16","135.16","135.16","201.61"
"09/01/2004","133.92","133.92","133.92","133.92","120.97"
"12/01/2004","133.92","133.92","133.92","133.92","675.4"
"13/01/2004","135.16","135.16","135.16","135.16","268.15"
"14/01/2004","135.21","137.39","135.21","137.39","685.48"
"15/01/2004","143.59","143.59","142.35","142.35","927.42"
"16/01/2004","137.89","137.89","137.39","137.39","1536.29"
"19/01/2004","134.91","134.91","131.44","131.44","3175"
"20/01/2004","131.94","131.94","124","124","867.74"
"22/01/2004","131.44","131.44","131.44","131.44","108.87"
"23/01/2004","126.48","126.48","126.48","126.48","352.42"
"26/01/2004","124","124.74","124","124.74","443.95"
"27/01/2004","124.74","124.74","124","124","402.82"
"28/01/2004","124.74","124.74","119.04","120.28","897.58"
"29/01/2004","113.09","121.02","113.09","121.02","100.81"
"30/01/2004","121.52","121.52","121.52","121.52","120.97"
"03/02/2004","119.04","119.04","114.58","114.58","64.52"
"04/02/2004","116.56","116.56","116.56","116.56","604.84"
"05/02/2004","121.52","121.52","115.57","115.57","2125"
"06/02/2004","114.58","114.58","114.58","114.58","2274.19"
"09/02/2004","114.08","114.08","109.12","109.12","5528.23"
"10/02/2004","109.12","109.12","109.12","109.12","161.29"
"11/02/2004","114.08","114.08","104.16","104.16","435.48"
"12/02/2004","110.36","110.36","104.46","110.36","256.45"
"13/02/2004","109.12","109.12","109.12","109.12","80.65"
"16/02/2004","104.41","109.12","104.41","104.9","713.71"
"17/02/2004","104.41","109.12","101.43","101.43","10500"
"18/02/2004","107.48","107.48","95.38","99.2","33478.63"
"19/02/2004","104.16","105.15","104.16","105.15","2741.94"
"20/02/2004","111.45","111.45","107.63","111.45","5098.79"
"23/02/2004","118.1","118.1","118.05","118.1","5633.47"
"24/02/2004","123.75","123.75","111.05","111.05","3387.1"
"25/02/2004","111.85","117.7","111.85","117.7","455.65"
"26/02/2004","119.04","119.04","114.08","114.33","1116.94"
"27/02/2004","114.33","114.33","111.35","111.35","2391.13"
"01/03/2004","109.12","109.62","106.64","106.64","479.84"
"02/03/2004","110.36","111.6","110.36","111.6","1955.65"
"03/03/2004","109.37","109.37","109.12","109.12","133.06"
"04/03/2004","109.12","111.85","109.12","111.6","305.24"
"05/03/2004","114.08","114.08","109.62","109.62","24.19"
"08/03/2004","110.36","110.36","110.36","110.36","20.56"
"09/03/2004","111.35","116.56","111.35","116.56","1133.06"
"10/03/2004","115.32","115.32","115.32","115.32","52.82"
"11/03/2004","114.08","116.31","114.08","116.31","403.23"
"12/03/2004","110.36","110.36","109.37","109.37","1411.29"
"15/03/2004","109.62","110.11","109.62","110.11","330.65"
"16/03/2004","111.6","111.6","106.64","106.89","2355.65"
"17/03/2004","111.35","111.35","107.88","107.88","483.87"
"18/03/2004","109.12","110.36","107.88","107.88","1447.58"
"19/03/2004","109.12","109.12","106.64","106.64","1955.65"
"22/03/2004","109.12","109.12","108.87","109.12","1975.81"
"23/03/2004","114.08","114.08","106.89","109.12","491.13"
"24/03/2004","106.89","106.89","105.65","105.65","2359.68"
"25/03/2004","106.64","106.64","104.41","104.41","282.26"
"30/03/2004","106.14","106.14","102.18","102.18","951.61"
"31/03/2004","102.42","104.16","96.97","96.97","10733.87"
"01/04/2004","97.22","97.96","97.22","97.96","1451.61"
"02/04/2004","99.2","99.45","99.2","99.2","3629.03"
"05/04/2004","99.2","99.2","97.96","97.96","3887.1"
"06/04/2004","99.2","99.2","96.72","96.72","536.29"
"07/04/2004","98.21","99.2","97.96","97.96","4237.9"
"08/04/2004","99.2","99.2","99.2","99.2","2967.74"
"09/04/2004","99.2","99.2","99.2","99.2","1281.45"
"12/04/2004","104.9","104.9","104.9","104.9","443.55"
"13/04/2004","110.86","110.86","109.12","109.12","1044.76"
"15/04/2004","104.41","105.65","104.16","104.16","959.68"
"16/04/2004","108.87","109.12","108.87","109.12","806.45"
"19/04/2004","111.35","111.35","105.9","106.14","2217.74"
"20/04/2004","109.12","109.12","101.68","101.93","4029.03"
"21/04/2004","104.16","106.64","104.16","106.64","1673.39"
"22/04/2004","101.68","101.68","100.24","100.24","5933.47"
"23/04/2004","98.95","99.2","94.24","94.24","8024.19"
"26/04/2004","95.48","95.48","89.53","89.53","870.97"
"27/04/2004","91.76","94.88","88.04","91.76","1522.58"
"28/04/2004","96.72","96.72","91.76","91.76","9370.16"
"29/04/2004","91.76","91.76","87.54","87.54","4463.71"
"30/04/2004","88.54","89.28","83.08","84.32","8087.9"
"04/05/2004","85.56","85.56","81.84","81.84","1826.21"
"05/05/2004","82.83","82.83","80.35","80.35","1012.5"
"06/05/2004","84.32","84.32","80.4","80.4","3903.23"
"07/05/2004","83.08","85.21","82.09","85.21","3100.81"
"10/05/2004","88.04","90.32","88.04","90.32","5270.16"
"11/05/2004","94.24","94.24","89.28","89.28","4241.94"
"12/05/2004","91.26","91.51","89.53","89.53","3500"
"13/05/2004","91.26","91.26","87.05","87.05","2641.13"
"14/05/2004","88.04","88.29","88.04","88.29","362.9"
"17/05/2004","93.5","93.5","87.54","88.04","1350.81"
"18/05/2004","87.79","88.29","87.79","88.29","2500"
"19/05/2004","89.53","89.53","89.28","89.28","564.52"
"20/05/2004","90.02","90.02","87.54","87.54","1782.26"
"21/05/2004","90.02","90.02","87.59","87.59","6737.9"
"24/05/2004","86.8","86.8","86.8","86.8","2137.1"
"25/05/2004","86.8","86.8","86.8","86.8","532.26"
"26/05/2004","88.78","88.78","86.85","88.04","806.45"
"27/05/2004","88.29","89.03","88.29","89.03","1910.89"
"28/05/2004","89.28","92.26","88.04","89.28","548.79"
"31/05/2004","91.26","91.26","91.26","91.26","306.45"
"01/06/2004","89.23","91.76","88.04","88.04","1411.29"
"02/06/2004","87.3","90.77","87.3","90.77","463.71"
"03/06/2004","88.04","88.04","88.04","88.04","604.84"
"04/06/2004","91.51","91.51","91.51","91.51","16.13"
"07/06/2004","88.54","88.54","88.29","88.29","786.29"
"08/06/2004","88.14","88.14","84.32","84.82","3165.32"
"09/06/2004","86.8","86.8","84.72","84.72","100.81"
"10/06/2004","87.05","87.05","87.05","87.05","201.61"
"11/06/2004","86.8","86.8","86.8","86.8","120.97"
"14/06/2004","86.8","86.8","81.59","81.84","4511.69"
"15/06/2004","81.84","82.09","80.35","81.84","10080.64"
"16/06/2004","81.84","81.84","78.62","78.62","1834.68"
"17/06/2004","81.84","82.34","81.84","81.84","4362.9"
"18/06/2004","86.3","86.3","78.12","84.32","3112.9"
"21/06/2004","81.84","81.84","79.26","79.26","633.06"
"22/06/2004","77.13","81.84","77.13","81.84","725.81"
"23/06/2004","77.13","81.84","77.13","77.87","3155.24"
"24/06/2004","77.38","79.36","74.4","75.39","5155.24"
"25/06/2004","75.39","75.39","74.4","74.4","3508.06"
"28/06/2004","74.15","78.86","74.15","78.86","1149.19"
"29/06/2004","81.34","81.34","81.34","81.34","80.65"
"30/06/2004","81.84","81.84","81.79","81.79","161.29"
"01/07/2004","81.84","81.84","81.84","81.84","40.32"
"02/07/2004","81.84","86.75","81.84","85.56","5814.52"
"05/07/2004","86.8","86.8","83.08","83.08","2641.13"
"06/07/2004","79.36","81.84","78.37","78.62","10322.58"
"07/07/2004","78.12","80.35","78.12","78.12","5403.23"
"08/07/2004","80.35","80.35","76.88","76.88","4349.19"
"09/07/2004","76.88","76.88","74.9","74.9","3911.29"
"12/07/2004","79.36","79.36","74.65","76.88","14750"
"13/07/2004","75.64","75.64","74.4","74.65","2402.02"
"14/07/2004","74.5","74.65","71.92","71.92","4060.48"
"15/07/2004","74.15","74.4","72.91","74.4","7814.11"
"16/07/2004","75.64","75.64","74.4","74.4","1826.61"
"19/07/2004","75.64","76.83","74.4","74.4","16000"
"20/07/2004","74.4","74.4","74.4","74.4","1802.42"
"21/07/2004","74.4","74.4","73.41","74.4","4056.05"
"22/07/2004","75.39","75.64","74.4","74.4","39820.16"
"23/07/2004","75.39","75.89","75.39","75.64","6653.23"
"26/07/2004","79.86","79.86","75.39","76.38","4963.31"
"27/07/2004","75.39","76.88","75.39","75.64","10300.4"
"28/07/2004","77.87","77.87","76.38","76.88","3935.08"
"29/07/2004","78.12","78.86","78.12","78.37","3225.81"
"02/08/2004","80.85","81.34","80.6","81.34","1411.29"
"03/08/2004","79.36","83.08","79.36","80.85","1370.97"
"04/08/2004","81.84","81.84","81.34","81.34","995.97"
"05/08/2004","82.83","82.83","81.84","81.84","959.68"
"06/08/2004","83.08","83.08","82.09","82.09","983.87"
"09/08/2004","83.08","86.25","83.08","84.82","4976.61"
"10/08/2004","86.55","86.55","84.32","86.3","5745.97"
"11/08/2004","86.8","86.8","84.82","86.7","3399.19"
"13/08/2004","86.8","86.8","84.96","84.96","2314.52"
"16/08/2004","86.55","86.55","84.87","84.87","1358.87"
"17/08/2004","86.3","86.3","86.3","86.3","1693.55"
"18/08/2004","85.56","85.56","85.06","85.06","362.9"
"19/08/2004","84.32","84.92","84.32","84.32","2034.27"
"23/08/2004","86.8","86.8","86.3","86.3","1419.35"
"24/08/2004","86.8","86.8","84.32","84.32","564.52"
"25/08/2004","84.27","84.27","81.34","81.59","6491.94"
"26/08/2004","84.07","84.07","80.1","80.1","2181.45"
"27/08/2004","84.07","84.07","79.36","79.36","1571.77"
"30/08/2004","78.17","78.17","78.12","78.12","1290.32"
"31/08/2004","79.36","79.36","74.9","74.9","4463.31"
"01/09/2004","79.36","79.36","76.14","76.88","935.48"
"02/09/2004","77.03","79.31","76.93","76.93","5000"
"03/09/2004","78.37","78.37","74.9","74.95","30399.19"
"06/09/2004","77.77","78.86","75.64","75.89","2161.29"
"07/09/2004","79.11","79.11","76.63","77.13","7903.23"
"08/09/2004","77.62","77.62","76.38","76.88","7463.71"
"09/09/2004","76.63","76.63","75.69","75.89","7088.71"
"10/09/2004","78.86","79.11","76.88","79.11","1596.77"
"14/09/2004","80.6","81.84","79.36","79.36","7913.71"
"15/09/2004","79.31","80.6","78.17","79.11","2618.55"
"16/09/2004","80.4","80.4","78.12","78.12","2229.84"
"17/09/2004","79.36","80.1","79.36","79.36","3216.53"
"20/09/2004","79.11","79.11","76.88","76.88","7661.29"
"21/09/2004","76.88","80.05","75.94","75.99","7014.11"
"22/09/2004","76.88","76.88","75.89","75.89","4088.71"
"23/09/2004","76.88","76.88","75.64","75.64","6657.26"
"24/09/2004","76.38","76.38","75.64","75.64","725.81"
"27/09/2004","76.88","76.88","75.64","75.64","8080.24"
"28/09/2004","76.38","76.38","75.69","75.69","9217.74"
"29/09/2004","76.88","76.88","75.74","75.74","524.19"
"30/09/2004","76.88","76.88","76.88","76.88","52.42"
"01/10/2004","76.88","76.88","76.88","76.88","967.74"
"04/10/2004","75.79","75.79","75.79","75.79","125"
"05/10/2004","76.78","76.88","76.78","76.88","544.35"
"06/10/2004","76.88","76.88","76.88","76.88","120.97"
"07/10/2004","76.63","76.63","76.38","76.38","1443.55"
"08/10/2004","76.38","76.38","75.89","76.38","2258.06"
"11/10/2004","76.88","76.88","76.38","76.38","1330.65"
"12/10/2004","76.88","76.88","76.38","76.88","1048.39"
"13/10/2004","76.38","76.38","76.14","76.14","2137.1"
"14/10/2004","75.99","75.99","74.9","74.9","18897.18"
"15/10/2004","74.9","74.9","71.92","71.92","10921.37"
"18/10/2004","75.39","75.64","75.39","75.64","1209.68"
"20/10/2004","74.4","74.4","74.4","74.4","5604.84"
"21/10/2004","74.4","74.4","70.68","70.68","520.16"
"22/10/2004","69.44","69.44","66.46","66.46","322.58"
"25/10/2004","69.44","69.44","64.48","64.48","2443.55"
"26/10/2004","68.2","68.2","64.53","65.97","1273.79"
"27/10/2004","66.96","66.96","62.25","62.25","3824.6"
"28/10/2004","65.97","65.97","62.25","64.48","2459.68"
"29/10/2004","64.48","64.48","62","62","604.84"
"01/11/2004","64.23","64.48","63.98","64.48","9903.23"
"02/11/2004","66.46","68.35","66.46","66.96","4152.82"
"03/11/2004","69.44","69.44","64.48","64.48","3782.26"
"04/11/2004","66.96","66.96","64.48","64.48","4798.39"
"05/11/2004","64.48","64.48","64.48","64.48","2064.92"
"08/11/2004","64.48","64.48","64.48","64.48","1177.42"
"09/11/2004","66.36","66.36","64.48","64.73","887.1"
"10/11/2004","65.72","65.72","64.73","64.73","2467.74"
"11/11/2004","64.48","64.48","62.3","64.48","6589.52"
"12/11/2004","64.48","64.48","64.48","64.48","927.42"
"16/11/2004","64.48","65.22","64.48","65.22","1875"
"17/11/2004","65.22","65.22","62.5","62.5","78.63"
"19/11/2004","62.3","65.72","62.3","65.47","1608.87"
"22/11/2004","62.25","66.46","62.25","64.48","3125"
"23/11/2004","64.48","65.22","64.48","65.22","4435.48"
"24/11/2004","65.22","65.72","65.22","65.72","1141.13"
"25/11/2004","65.72","65.72","65.72","65.72","564.52"
"26/11/2004","69.64","69.64","69.44","69.44","4556.45"
"29/11/2004","69.69","73.61","69.69","73.61","8608.87"
"30/11/2004","74.9","78.02","74.9","75.64","2074.6"
"01/12/2004","71.13","71.92","71.13","71.13","1729.84"
"02/12/2004","71.13","71.13","69.44","69.44","524.19"
"03/12/2004","70.43","70.43","70.43","70.43","84.68"
"06/12/2004","70.43","70.43","68.2","68.2","1336.69"
"07/12/2004","69.44","69.44","68.45","68.45","604.84"
"08/12/2004","68.45","68.45","66.96","66.96","1951.61"
"09/12/2004","65.72","66.96","65.72","65.72","5403.23"
"10/12/2004","69.54","69.54","65.72","65.72","4052.42"
"13/12/2004","69.44","69.44","66.96","66.96","2115.32"
"14/12/2004","69.19","69.39","65.72","67.21","3467.74"
"15/12/2004","66.96","66.96","64.48","64.48","4112.9"
"16/12/2004","68.2","68.2","64.58","64.58","10504.03"
"17/12/2004","68.45","68.45","68.45","68.45","1637.1"
"20/12/2004","66.96","68.45","64.48","66.96","8671.37"
"21/12/2004","66.71","68.2","64.53","64.53","5443.55"
"22/12/2004","66.96","66.96","64.63","64.73","10455.64"
"23/12/2004","65.97","65.97","64.73","64.73","5625"
"24/12/2004","65.47","65.72","65.47","65.47","2068.15"
"27/12/2004","66.96","66.96","65.72","65.72","2590.73"
"28/12/2004","65.72","65.72","65.72","65.72","8072.98"
"29/12/2004","65.82","65.97","65.77","65.97","3266.13"
"30/12/2004","66.96","66.96","65.82","65.82","1899.19"
"31/12/2004","65.77","65.77","65.77","65.77","1405.65"
"03/01/2005","66.86","66.86","66.86","66.86","1370.97"
"04/01/2005","66.02","66.41","66.02","66.41","947.58"
"05/01/2005","66.41","66.71","66.41","66.71","1572.58"
"06/01/2005","68.94","70.68","68.94","70.43","11318.55"
"07/01/2005","71.92","74.35","71.92","74.35","26400.4"
"10/01/2005","76.88","78.67","71.92","78.67","24314.52"
"12/01/2005","81.84","83.38","81.84","83.38","27857.66"
"27/01/2005","111.45","111.45","111.45","111.45","26977.82"
"31/01/2005","125.14","125.14","111.05","111.45","108158.87"
"01/02/2005","105.4","113.83","105.4","111.6","37753.63"
"02/02/2005","114.18","117.75","114.08","117.06","24087.9"
"03/02/2005","118.79","123.75","118.79","123.7","31683.06"
"04/02/2005","126.48","130.94","126.48","130.89","45587.9"
"07/02/2005","135.16","135.16","123.06","131.44","44945.56"
"08/02/2005","132.68","132.68","126.48","132.43","21452.82"
"09/02/2005","132.58","136.35","132.43","136.35","34273.39"
"11/02/2005","141.36","144.09","137.14","144.09","75975"
"16/02/2005","171.52","171.52","171.52","171.52","20253.23"
"17/02/2005","181.04","181.04","174.84","181.04","122795.97"
"18/02/2005","190.91","191.9","190.91","190.96","74831.45"
"21/02/2005","190.96","190.96","179.5","179.5","43571.77"
"24/02/2005","149.15","149.15","149.15","149.15","7776.21"
"03/03/2005","157.48","157.48","146.32","148.8","120635.48"
"04/03/2005","148.8","148.8","143.59","143.59","9658.87"
"07/03/2005","139.87","141.11","136.4","138.88","20097.98"
"08/03/2005","138.88","138.88","133.92","133.97","36820.16"
"09/03/2005","125.98","129.95","125.93","125.93","10655.24"
"10/03/2005","123.75","133.47","118.4","129.46","59829.84"
"11/03/2005","134.42","137.19","134.42","137.19","9837.1"
"15/03/2005","143.84","146.07","141.11","145.72","30539.52"
"16/03/2005","145.03","147.96","145.03","147.46","18131.45"
"17/03/2005","147.31","156.24","145.58","155.99","27329.84"
"18/03/2005","156.29","158.72","152.77","155.74","30980.24"
"21/03/2005","157.48","157.48","152.77","153.26","9919.76"
"22/03/2005","155.99","155.99","148.8","152.52","11135.08"
"23/03/2005","150.04","153.76","150.04","153.76","4819.76"
"24/03/2005","156.24","156.24","151.53","156.24","14435.48"
"25/03/2005","151.78","153.76","151.78","152.62","1653.23"
"28/03/2005","152.62","153.76","152.62","153.26","2774.6"
"29/03/2005","153.71","153.71","152.77","152.77","2928.23"
"30/03/2005","152.52","152.52","149.1","149.1","2513.31"
"31/03/2005","149.1","156.24","140.17","153.76","21712.9"
"01/04/2005","153.76","153.76","148.8","148.8","14611.69"
"04/04/2005","150.04","152.67","148.85","152.67","3006.85"
"05/04/2005","153.76","153.76","148.95","153.76","2393.15"
"06/04/2005","150.34","153.76","150.34","151.28","967.74"
"07/04/2005","150.09","153.76","150.09","153.76","9758.06"
"08/04/2005","152.27","153.61","152.27","153.61","1166.53"
"11/04/2005","153.76","156.24","153.61","153.76","6838.31"
"12/04/2005","153.81","157.48","153.76","157.48","13935.89"
"13/04/2005","158.72","161.2","157.48","157.88","14081.45"
"14/04/2005","161.2","166.16","161.2","166.06","13751.61"
"15/04/2005","166.41","171.12","166.41","168.64","13508.06"
"18/04/2005","169.88","169.88","166.16","166.16","4879.03"
"19/04/2005","163.98","166.16","163.68","164.92","7512.9"
"20/04/2005","163.68","164.92","163.68","164.67","4677.42"
"25/04/2005","162.44","167.4","162.44","167.35","3964.92"
"26/04/2005","167.1","167.1","166.16","166.16","2241.94"
"27/04/2005","166.16","168.64","166.16","168.64","19345.16"
"28/04/2005","168.39","168.64","168.39","168.59","11419.36"
"29/04/2005","166.41","168.54","166.16","166.16","13491.94"
"02/05/2005","168.64","168.64","163.98","166.16","2862.9"
"03/05/2005","166.16","166.16","165.91","165.91","1330.65"
"04/05/2005","163.93","163.93","163.18","163.68","19576.61"
"05/05/2005","162.69","163.68","162.44","163.68","23956.45"
"06/05/2005","163.68","163.68","162.44","163.63","10692.34"
"09/05/2005","162.49","163.68","162.49","163.68","2094.35"
"10/05/2005","163.18","163.68","163.18","163.68","48310.48"
"11/05/2005","163.68","163.68","163.68","163.68","3951.61"
"12/05/2005","163.68","163.68","159.96","160.21","16162.5"
"13/05/2005","160.31","161.2","159.96","159.96","5665.32"
"16/05/2005","161.2","161.2","159.96","159.96","443.55"
"17/05/2005","159.96","159.96","157.58","157.73","3379.03"
"18/05/2005","157.58","158.62","156.24","158.62","3673.39"
"19/05/2005","158.72","159.22","158.72","158.72","832.66"
"20/05/2005","159.96","161.2","156.49","156.49","11084.27"
"23/05/2005","156.24","158.72","151.28","155.74","10128.63"
"24/05/2005","158.72","165.07","158.72","165.07","113203.23"
"25/05/2005","172.36","172.36","166.16","167.4","58311.29"
"26/05/2005","158.72","161.2","157.38","157.38","41050"
"01/06/2005","145.82","149.4","145.82","148.8","24045.97"
"02/06/2005","151.28","157.38","151.28","151.53","17708.87"
"03/06/2005","148.8","148.8","142.45","146.32","24039.92"
"06/06/2005","148.3","148.3","143.84","146.32","3850.81"
"07/06/2005","144.09","148.75","144.09","146.32","1737.9"
"08/06/2005","146.32","148.65","146.32","147.56","1500"
"09/06/2005","147.56","147.66","147.56","147.56","1108.87"
"10/06/2005","146.32","147.56","146.32","147.31","383.06"
"13/06/2005","146.32","148.8","146.32","148.8","4298.39"
"14/06/2005","150.04","153.76","150.04","151.28","826.61"
"15/06/2005","151.38","153.51","151.28","151.28","645.16"
"16/06/2005","149.35","149.35","149.35","149.35","342.74"
"17/06/2005","148.8","151.78","148.8","150.04","2736.69"
"20/06/2005","151.28","152.27","150.04","150.04","1141.13"
"21/06/2005","150.04","150.04","148.8","148.8","3510.08"
"22/06/2005","148.8","148.8","143.84","148.55","4213.71"
"23/06/2005","148.55","148.8","144.83","148.8","1879.03"
"24/06/2005","145.08","146.57","145.08","146.32","928.23"
"27/06/2005","148.8","148.8","146.32","146.32","471.77"
"28/06/2005","147.56","147.56","147.56","147.56","806.45"
"29/06/2005","145.08","145.08","141.61","143.84","2302.02"
"30/06/2005","143.84","143.84","143.84","143.84","1741.94"
"01/07/2005","142.6","145.08","142.6","143.84","2116.94"
"04/07/2005","146.27","146.27","146.07","146.27","673.39"
"05/07/2005","143.84","143.84","143.84","143.84","3995.97"
"06/07/2005","143.84","143.84","143.84","143.84","2056.45"
"07/07/2005","143.84","143.84","143.84","143.84","2945.16"
"08/07/2005","143.84","143.84","142.6","143.84","1895.16"
"11/07/2005","142.6","146.32","142.6","146.32","2616.53"
"12/07/2005","144.34","151.28","144.34","151.28","8185.48"
"13/07/2005","156.24","160.36","156.24","158.72","18211.69"
"14/07/2005","161.94","163.68","159.96","159.96","16950"
"15/07/2005","161.2","161.2","153.76","156.24","18740.32"
"18/07/2005","156.24","156.24","153.76","156.24","2361.29"
"19/07/2005","156.24","157.48","156.24","157.48","1429.44"
"20/07/2005","156.24","156.24","151.28","153.71","18294.36"
"21/07/2005","153.76","156.24","153.76","154.01","5822.58"
"22/07/2005","156.24","156.24","156.24","156.24","614.92"
"25/07/2005","153.76","156.24","153.76","154.01","5612.1"
"26/07/2005","155","155","153.76","155","17197.58"
"27/07/2005","155.99","155.99","155","155","6229.84"
"28/07/2005","153.76","153.76","148.8","148.8","9416.94"
"02/08/2005","139.38","139.38","139.38","139.38","10906.05"
"03/08/2005","141.11","141.11","131.69","136.4","38608.47"
"05/08/2005","139.38","147.51","139.38","143.84","12495.97"
"08/08/2005","145.82","145.82","141.91","145.08","31476.21"
"09/08/2005","145.08","145.08","144.34","144.34","9601.21"
"10/08/2005","144.34","144.34","143.84","144.34","13419.76"
"11/08/2005","144.09","144.09","143.84","143.84","7862.1"
"12/08/2005","141.91","143.84","141.91","143.59","10581.45"
"15/08/2005","143.59","143.59","141.36","141.36","16431.05"
"16/08/2005","141.41","142.6","141.41","142.6","943.55"
"17/08/2005","143.84","143.84","141.36","143.59","1814.52"
"18/08/2005","143.84","143.84","140.12","142.6","2562.1"
"19/08/2005","143.59","143.84","141.61","143.84","7215.73"
"22/08/2005","143.84","143.84","141.86","142.85","9661.29"
"23/08/2005","144.83","148.8","144.83","148.8","23955.24"
"24/08/2005","154.11","157.73","154.11","157.73","17667.34"
"25/08/2005","160.95","163.68","153.76","156.24","7101.21"
"26/08/2005","158.72","158.72","151.28","153.51","7575"
"29/08/2005","150.04","153.76","150.04","150.34","1665.73"
"30/08/2005","151.28","153.76","141.36","153.36","20375.81"
"31/08/2005","153.71","153.71","147.06","150.54","1209.68"
"01/09/2005","151.28","151.28","146.57","146.57","6147.18"
"02/09/2005","151.28","151.28","151.28","151.28","6821.77"
"05/09/2005","147.56","148.8","147.56","148.75","4246.37"
"06/09/2005","148.8","150.04","147.56","148.8","23193.14"
"07/09/2005","148.8","151.28","148.8","150.54","3739.11"
"08/09/2005","150.54","150.54","148.8","148.8","16991.94"
"09/09/2005","148.8","148.8","146.32","148.8","4586.69"
"12/09/2005","146.57","156.24","146.57","156.24","31438.71"
"13/09/2005","156.24","156.24","152.52","152.52","8608.87"
"14/09/2005","151.28","152.47","150.83","151.28","8145.16"
"15/09/2005","151.28","153.76","151.28","153.76","3173.39"
"16/09/2005","153.81","153.81","146.32","148.8","35618.55"
"19/09/2005","148.8","148.8","146.37","148.8","2969.35"
"20/09/2005","148.8","148.8","146.32","148.8","7259.68"
"21/09/2005","148.7","148.75","146.82","146.87","3061.69"
"22/09/2005","147.56","153.71","147.56","150.04","3600"
"23/09/2005","150.78","151.28","146.87","148.55","6120.97"
"26/09/2005","148.8","152.02","148.8","152.02","7653.23"
"27/09/2005","151.28","153.76","148.85","153.41","5493.95"
"28/09/2005","151.28","153.26","151.28","152.27","8072.58"
"29/09/2005","148.75","148.75","145.08","145.58","20746.77"
"30/09/2005","146.07","146.57","145.38","146.32","5905.65"
"03/10/2005","147.56","147.56","145.43","147.51","8165.73"
"04/10/2005","150.04","151.28","147.81","151.28","2013.71"
"05/10/2005","152.42","152.42","152.42","152.42","241.94"
"06/10/2005","151.28","151.28","151.28","151.28","40.32"
"07/10/2005","150.04","150.04","148.8","148.8","2289.92"
"10/10/2005","148.8","152.42","148.8","148.8","1191.53"
"11/10/2005","150.04","151.23","149.54","151.23","2290.32"
"12/10/2005","146.32","148.8","144.34","147.81","12992.34"
"13/10/2005","147.56","147.81","147.56","147.56","5447.58"
"14/10/2005","148.8","148.8","146.82","148.3","5717.74"
"17/10/2005","145.33","148.3","145.33","148.3","1685.48"
"18/10/2005","146.37","147.76","146.37","147.76","96.77"
"19/10/2005","146.42","148.3","146.42","146.82","1741.94"
"20/10/2005","146.52","146.82","146.37","146.37","6270.16"
"21/10/2005","146.62","146.62","146.37","146.37","10362.9"
"24/10/2005","146.57","146.57","146.32","146.57","3520.97"
"25/10/2005","148.55","148.55","146.57","146.57","100.81"
"26/10/2005","146.57","146.57","145.08","145.08","678.63"
"27/10/2005","146.32","148.06","136.4","142.85","10520.56"
"28/10/2005","148.06","148.06","145.08","145.08","2278.23"
"31/10/2005","147.56","149.99","147.56","148.8","2540.32"
"01/11/2005","150.54","150.54","143.84","143.84","15794.76"
"02/11/2005","148.3","148.8","145.33","148.65","3629.03"
"03/11/2005","148.8","149.94","148.8","149.1","13560.48"
"21/11/2005","145.08","145.08","140.17","140.17","23062.1"
"22/11/2005","143.84","148.55","141.61","148.55","21518.95"
"23/11/2005","151.78","155.25","148.55","153.76","56329.84"
"24/11/2005","154.01","155","154.01","154.5","21293.55"
"25/11/2005","155.25","157.38","155","157.38","16410.08"
"28/11/2005","156.24","162.44","156.24","162.44","17770.16"
"29/11/2005","162.44","172.16","162.44","172.16","47490.73"
"30/11/2005","180.79","180.79","161.84","171.12","207169.76"
"01/12/2005","173.6","178.56","171.12","178.31","110209.68"
"02/12/2005","179.8","179.8","171.62","176.08","73188.71"
"05/12/2005","172.86","176.08","172.86","175.34","8712.9"
"06/12/2005","173.6","173.6","171.07","171.12","46900.81"
"07/12/2005","166.16","169.88","160.95","160.95","177353.63"
"08/12/2005","158.22","158.47","151.78","156.24","11697.98"
"09/12/2005","152.27","160.46","152.27","158.72","13943.55"
"12/12/2005","165.42","165.42","154.26","159.22","23422.18"
"13/12/2005","160.95","160.95","158.72","158.72","7224.6"
"14/12/2005","157.48","161.2","156.24","160.95","20570.16"
"15/12/2005","158.72","158.72","151.33","151.33","94301.21"
"16/12/2005","152.52","156.24","146.32","156.24","87027.02"
"19/12/2005","162.44","162.44","154.75","159.22","48416.13"
"20/12/2005","159.22","160.95","158.72","158.72","8387.1"
"21/12/2005","160.95","160.95","156.98","158.72","2721.77"
"22/12/2005","158.72","163.18","158.72","163.18","28015.73"
"23/12/2005","166.16","172.11","166.16","166.16","37262.1"
"26/12/2005","168.59","169.88","164.92","167.4","39359.27"
"27/12/2005","168.64","171.62","168.64","171.37","112995.56"
"28/12/2005","172.11","181.64","172.11","181.04","198133.47"
"29/12/2005","181.54","191.9","181.04","191.9","298683.06"
"30/12/2005","195.92","198.4","186","186","210470.16"
"02/01/2006","190.96","195.42","186","193.09","20752.42"
"03/01/2006","193.09","204.65","193.09","204.65","45088.71"
"04/01/2006","216.9","216.9","213.38","216.9","26098.79"
"05/01/2006","229.9","229.9","205.84","220.72","78261.29"
"06/01/2006","215.76","225.68","213.28","213.28","35640.32"
"09/01/2006","213.58","218.24","204.65","205.84","40491.53"
"10/01/2006","207.33","210.8","207.08","210.8","28341.13"
"13/01/2006","210.8","210.8","205.84","206.34","16517.34"
"16/01/2006","205.84","208.32","205.84","206.34","12898.79"
"17/01/2006","206.09","208.32","205.84","205.84","21831.45"
"18/01/2006","205.84","205.84","196.66","198.4","16498.39"
"19/01/2006","198.4","209.56","193.44","208.32","40779.03"
"20/01/2006","215.51","215.51","208.32","210.8","21581.45"
"27/01/2006","850","901","850","901","6232"
"30/01/2006","236.55","236.55","236.55","236.55","3440"
"01/02/2006","236.55","250.7","236.55","250.7","1061"
"06/02/2006","298.45","298.45","298.45","298.45","6231"
"09/02/2006","355.4","355.4","355.4","355.4","8735"
"13/02/2006","399.3","399.3","355.4","359.9","41196"
"14/02/2006","355","355","338.35","338.35","15352"
"15/02/2006","318.05","338.35","318.05","338.35","7010"
"16/02/2006","349","349","339","343","1475"
"20/02/2006","320","329.9","315","318.9","8160"
"21/02/2006","320","338","320","338","12936"
"22/02/2006","350","350","328","349.9","5775"
"23/02/2006","365","365","356","362.9","14361"
"24/02/2006","360","362","343","345","4983"
"27/02/2006","350","356","340","340","7570"
"01/03/2006","320","329","313","319","30973"
"02/03/2006","314","319","310","316","19780"
"03/03/2006","318","318","311","317","15755"
"06/03/2006","312","317","312","315","18712"
"07/03/2006","313","316.9","313","314","12484"
"08/03/2006","313","314","296","296","52648"
"09/03/2006","299","308","299","308","25503"
"10/03/2006","310.1","313.8","310","313.8","7239"
"13/03/2006","310","314.5","306","306","5564"
"14/03/2006","310","311.8","295","301","22199"
"15/03/2006","297","297","283","295","18277"
"16/03/2006","295","308","295","306","15789"
"17/03/2006","308.9","309","304","307","3740"
"20/03/2006","310","310","300","302.8","9944"
"21/03/2006","304","304","299.9","300.1","14937"
"22/03/2006","300","304","295.2","304","16409"
"23/03/2006","306.9","308.9","306","308","10766"
"24/03/2006","308.9","310","306.6","308.9","7917"
"27/03/2006","310","314","308","313","16834"
"28/03/2006","314.4","315","313.5","313.5","24130"
"29/03/2006","314","314.8","313","314","9068"
"30/03/2006","312.9","313","309","311","22497"
"31/03/2006","313.7","315","310","313","16380"
"03/04/2006","311.3","317.9","311.3","315.1","13724"
"04/04/2006","319.8","327.9","317","322","30182"
"05/04/2006","330","337","329","334.6","35002"
"06/04/2006","341","348.5","340","343","48925"
"07/04/2006","349.9","363.55","349.9","363.55","69384"
"10/04/2006","380","385.35","375","385.35","75305"
"13/04/2006","390","399","390","393","53786"
"14/04/2006","393","393","380","390","37520"
"17/04/2006","387","388.5","382","388.5","10636"
"18/04/2006","388.5","392","386","388","7348"
"19/04/2006","388.5","388.5","381.5","385","6981"
"20/04/2006","381","385","380.3","381.5","10190"
"21/04/2006","381","382","380","380","12093"
"24/04/2006","380","380","371","378","4680"
"25/04/2006","376","378","375","375","13950"
"26/04/2006","379","379","373","374","6141"
"27/04/2006","375","380","371.1","380","10687"
"28/04/2006","380","390","380","384.5","54609"
"02/05/2006","382","390","382","384","4659"
"03/05/2006","382","385","382","385","8945"
"04/05/2006","382.7","405","382.7","393","80714"
"05/05/2006","410","416.55","410","416.55","18050"
"08/05/2006","440","441.5","439","441.5","44209"
"09/05/2006","464","464","430","430","55936"
"10/05/2006","430","430","404.2","420","41200"
"11/05/2006","427","432","427","430","12032"
"12/05/2006","445","449","442","446","20026"
"15/05/2006","447","447","430","430","7980"
"16/05/2006","419","426","410","426","19725"
"17/05/2006","425","426","423","426","4751"
"18/05/2006","426","438","426","438","7172"
"19/05/2006","430","435","411.75","418","38425"
"22/05/2006","410","410","392.95","392.95","19477"
"23/05/2006","377","377","369.4","369.4","7220"
"24/05/2006","370","391.55","370","380","103434"
"25/05/2006","388","388","366","370","5749"
"26/05/2006","368","375","366","368.1","8221"
"29/05/2006","375","375","355","360","6038"
"30/05/2006","361","375","361","365","8423"
"31/05/2006","365","370","362","370","3051"
"01/06/2006","375.1","378","375","375","2175"
"02/06/2006","370.6","379","370.6","378","2289"
"05/06/2006","374","378","374","376","3110"
"06/06/2006","374","376","370","373.9","5555"
"07/06/2006","368","374","360","369","2850"
"08/06/2006","360","370","356","360","3010"
"09/06/2006","360.2","363","350","350","5102"
"12/06/2006","361","361","350","350","5340"
"13/06/2006","343","352","334","334","4019"
"14/06/2006","335","341","314","341","57174"
"15/06/2006","342","361","342","361","7356"
"16/06/2006","370","380","370","375","10687"
"19/06/2006","375","379","375","378","7214"
"20/06/2006","376.75","376.75","356","374","1841"
"21/06/2006","373","373","355","362.1","460"
"22/06/2006","361","368","360","368","6870"
"23/06/2006","361","361","359","359","5812"
"26/06/2006","359","371.8","342.4","342.4","2613"
"27/06/2006","343.5","345","335.1","340","5820"
"28/06/2006","341","341","326","330","23954"
"29/06/2006","342","342","335","337.5","12490"
"30/06/2006","340","349","340","340.5","53698"
"03/07/2006","354","355","347","354","9306"
"04/07/2006","360","368","359","364.9","22455"
"05/07/2006","384","386.75","380","386.75","14081"
"06/07/2006","384","386","372.5","385","21001"
"07/07/2006","385","385","370","371","19919"
"10/07/2006","366.1","366.1","365","365","7331"
"11/07/2006","361","372","361","372","4542"
"12/07/2006","374","380","374","380","11751"
"13/07/2006","380","384","378","380","7913"
"14/07/2006","380","386","380","386","8478"
"17/07/2006","380","390","380","380.2","6195"
"18/07/2006","382","382","377","377.3","4169"
"19/07/2006","378","378","360","360","25403"
"20/07/2006","360.5","362","351","353","24527"
"21/07/2006","358.5","367.8","356","358","7884"
"24/07/2006","368.9","368.9","360","361","1919"
"25/07/2006","360.5","365","360.5","365","115"
"26/07/2006","368","368","350","350","10712"
"27/07/2006","350","363","350","355.1","3365"
"28/07/2006","360","360","352","352","29580"
"31/07/2006","354","360","354","354","803"
"01/08/2006","360","360","355","360","382"
"02/08/2006","355","358","355","355","3148"
"03/08/2006","360","360","356.1","356.1","930"
"04/08/2006","360","360","355.15","356","1624"
"07/08/2006","360","360","356","356","831"
"08/08/2006","357","374.9","357","367.1","9237"
"09/08/2006","362","373","362","372","1986"
"10/08/2006","373","373","364","369.9","6504"
"11/08/2006","370","370","370","370","3209"
"15/08/2006","365","374.9","365","367.1","1660"
"16/08/2006","367","384","367","377","9283"
"17/08/2006","381.1","381.1","375.1","375.1","3325"
"18/08/2006","375","377","372","372","2486"
"22/08/2006","370","376","370","376","1482"
"23/08/2006","375","390","375","385","7144"
"24/08/2006","387","395","386","392","19799"
"25/08/2006","395","397","391","392","11085"
"28/08/2006","393","393","387","390","7179"
"29/08/2006","387","387.1","380","383","4554"
"30/08/2006","385","389","376.4","389","13228"
"31/08/2006","390","394","385.2","390","9125"
"01/09/2006","385.4","390","385.4","386.1","5591"
"04/09/2006","389","389","385","385.5","2868"
"05/09/2006","389","389","384.5","389","6890"
"06/09/2006","395","412.3","395","412.3","63985"
"07/09/2006","420","429","415","417","32836"
"08/09/2006","415","418.8","410","410","21897"
"11/09/2006","410","410","402","405.1","12857"
"12/09/2006","406","409","400","400","22435"
"13/09/2006","394","404","389","396.95","9629"
"14/09/2006","406","410","396","396","6768"
"15/09/2006","400","402","396","402","12404"
"18/09/2006","399.95","406","397","400","11425"
"19/09/2006","400","400","395","395","8967"
"20/09/2006","390","405","390","404.5","11910"
"21/09/2006","405","410","400","410","11219"
"22/09/2006","418","418","409.9","415","10156"
"25/09/2006","418","418","413.1","415","3790"
"26/09/2006","420","423.9","408","408","41912"
"27/09/2006","405","405","395","403.95","40140"
"28/09/2006","404","415","400","410.1","13546"
"29/09/2006","412","418","412","412.5","13498"
"02/10/2006","418","418","408","408","6500"
"03/10/2006","408","411","408","410","2718"
"04/10/2006","410","410","403","403","26143"
"05/10/2006","404","404","393","396.1","37933"
"06/10/2006","396","399","390","394","6625"
"09/10/2006","394","409","394","400","7028"
"10/10/2006","396","397","394.2","396","1900"
"11/10/2006","396","399","390","390","5281"
"12/10/2006","390.5","390.5","388.1","390","9884"
"13/10/2006","390","390","387.6","387.6","3045"
"16/10/2006","388","388","385.5","386","3905"
"17/10/2006","388","400","388","400","5751"
"18/10/2006","400","400","393","393","1566"
"19/10/2006","399","412","399","410","40673"
"20/10/2006","412","412","407","408","3051"
"23/10/2006","405","409.9","405","408","1267"
"26/10/2006","408","410","407.8","408","6507"
"27/10/2006","408","408","401.1","405","11651"
"30/10/2006","408","429.3","408","429.3","92002"
"01/11/2006","482.35","482.35","450","482.35","340378"
"02/11/2006","483","511","483","511","335015"
"03/11/2006","522","539","518","527","205602"
"07/11/2006","540","558","535","558","206154"
"08/11/2006","591","591","591","591","85044"
"09/11/2006","602","626","556","560","539182"
"10/11/2006","536","589","535","589","208353"
"13/11/2006","624","624","624","624","59209"
"14/11/2006","658","658","640","650","215156"
"15/11/2006","661","680","661","675","189952"
"16/11/2006","660","660","635","642","104721"
"17/11/2006","640","640","604","630","131945"
"20/11/2006","631","639","615","628","45821"
"21/11/2006","620","625","615","620","32370"
"22/11/2006","630","639","620","634","62550"
"23/11/2006","640","663","640","659","78888"
"24/11/2006","675","689","670","675","151604"
"27/11/2006","690","693","653","660","98140"
"28/11/2006","658","658","621","622","218443"
"29/11/2006","630","659","625","659","136967"
"30/11/2006","665","670","653","654","33871"
"01/12/2006","655","682","653","660","116385"
"04/12/2006","659","675","640","640","52037"
"05/12/2006","645","645","627","637","46812"
"06/12/2006","635","645","629","630","34979"
"07/12/2006","631","647","630","640","42790"
"08/12/2006","641","645","632","632","24024"
"11/12/2006","644","644","632","634","26527"
"12/12/2006","634","635","619","620","51211"
"13/12/2006","628","638","621","622","35446"
"14/12/2006","624","625","605","607","47771"
"15/12/2006","600","605","571","580","58437"
"18/12/2006","580","580","555","560","36000"
"19/12/2006","560","560","527","540","19070"
"20/12/2006","511","570","508","555","78534"
"21/12/2006","565","588","565","588","63773"
"22/12/2006","611","620","590","601","74725"
"25/12/2006","614","614","590","596","23818"
"26/12/2006","596","597","575","592","9647"
"27/12/2006","600","600","584","589","28716"
"28/12/2006","590","590","574","574","48379"
"29/12/2006","574","584","572","575","6800"
"02/01/2007","585","586","580","584","9275"
"03/01/2007","586","613","586","606","8266"
"04/01/2007","615","630","610","620","75676"
"05/01/2007","620","640","620","620","31782"
"08/01/2007","629","633","612","614","26527"
"09/01/2007","620","620","605","609","23996"
"10/01/2007","618","618","605","605","11539"
"12/01/2007","603","610","580","593","70909"
"15/01/2007","600","618","590","600","45784"
"16/01/2007","613","615","601","605","20921"
"17/01/2007","610","615","600","600","41767"
"18/01/2007","605","605","596","600","27313"
"19/01/2007","604","604","590","592","26862"
"22/01/2007","599","599","590","591","7618"
"23/01/2007","599","600","593","600","1191"
"24/01/2007","600","600","584","584","33967"
"25/01/2007","590","590","585","590","19236"
"26/01/2007","590","610","590","598","21689"
"29/01/2007","601","609","600","603","26461"
"30/01/2007","613","614","605","606","19140"
"31/01/2007","607","607","597","597","14107"
"01/02/2007","597","597","580","590","29349"
"02/02/2007","594","594","585","594","5004"
"05/02/2007","592","604","590","591","21271"
"06/02/2007","600","600","591","593","9947"
"07/02/2007","593","593","587","587","16025"
"08/02/2007","589","595","585","595","19788"
"09/02/2007","595","608","590","604","12165"
"12/02/2007","600","600","595","596","8583"
"13/02/2007","596","604","593","594","21759"
"14/02/2007","594","604","594","604","80819"
"15/02/2007","608","623","604","611","143439"
"16/02/2007","617","626","614","615","44359"
"19/02/2007","622","637","620","630","67346"
"20/02/2007","639","639","615","615","55633"
"21/02/2007","615","620","615","618","8599"
"22/02/2007","616","620","591","600","43065"
"23/02/2007","604","604","595","603","5342"
"26/02/2007","603","614","600","605","62664"
"27/02/2007","606","615","601","605","65870"
"28/02/2007","600","609","600","605","11437"
"01/03/2007","605","608","600","602","20655"
"02/03/2007","602","610","602","610","20093"
"05/03/2007","610","619","610","617","135608"
"06/03/2007","628","633","617","618","70387"
"07/03/2007","620","620","617","620","38354"
"08/03/2007","623","626","620","620","48449"
"09/03/2007","620","626","613","619","20484"
"12/03/2007","626","626","618","625","167890"
"13/03/2007","632","640","627","633","73293"
"14/03/2007","636","644","630","635","106612"
"15/03/2007","632","639","628","633","38527"
"16/03/2007","625","628","605","605","201445"
"19/03/2007","615","615","594","597","60463"
"20/03/2007","600","610","594","610","21751"
"21/03/2007","607","622","602","622","22912"
"22/03/2007","622","622","602","604","34724"
"23/03/2007","614","614","602","609","23324"
"26/03/2007","611","614","607","607","16206"
"27/03/2007","613","613","605","607","15225"
"28/03/2007","605","610","605","606","62426"
"29/03/2007","610","610","596","601","57595"
"30/03/2007","601","601","594","601","8136"
"03/04/2007","596","617","596","600","33211"
"04/04/2007","612","612","600","606","3812"
"05/04/2007","601","603","600","600","10150"
"06/04/2007","600","606","600","606","6216"
"09/04/2007","606","609","605","606","27501"
"10/04/2007","605","607","600","607","26681"
"11/04/2007","615","615","606","607","18342"
"12/04/2007","610","610","605","610","29540"
"13/04/2007","610","615","609","609","9314"
"16/04/2007","612","617","610","613","14824"
"17/04/2007","615","615","612","615","3898"
"18/04/2007","615","640","615","633","132070"
"19/04/2007","635","638","627","630","86046"
"20/04/2007","635","635","630","632","24224"
"23/04/2007","625","629","620","626","30650"
"24/04/2007","627","638","626","633","79293"
"25/04/2007","636","640","625","640","73460"
"26/04/2007","645","666","645","650","86217"
"27/04/2007","660","687","656","684","198552"
"30/04/2007","703","714","686","710","208644"
"02/05/2007","725","735","718","719","130131"
"03/05/2007","715","724","700","722","107325"
"04/05/2007","725","725","713","717","23677"
"07/05/2007","724","730","720","725","51966"
"08/05/2007","730","738","726","726","74163"
"09/05/2007","730","734","707","713","123215"
"10/05/2007","713","715","671","675","194791"
"11/05/2007","635","682","635","660","218661"
"14/05/2007","642","650","621","621","70924"
"15/05/2007","655","658","585","598","139032"
"16/05/2007","605","624","590","622","64317"
"17/05/2007","615","620","601","615","48762"
"18/05/2007","618","620","603","611","26438"
"21/05/2007","612","625","606","620","23545"
"22/05/2007","615","631","615","619","34175"
"23/05/2007","619","619","590","600","19191"
"24/05/2007","592","605","591","600","13367"
"25/05/2007","605","605","594","594","10196"
"28/05/2007","600","607","590","591","17151"
"29/05/2007","600","600","587","587","15950"
"30/05/2007","590","600","590","600","8034"
"31/05/2007","598","610","598","601","17085"
"01/06/2007","604","607","598","600","20180"
"04/06/2007","607","607","595","600","13942"
"05/06/2007","602","612","600","607","26473"
"06/06/2007","612","612","606","606","5304"
"07/06/2007","602","607","596","600","5090"
"08/06/2007","602","605","600","600","6900"
"11/06/2007","596","609","596","605","8570"
"12/06/2007","603","609","598","605","5496"
"13/06/2007","600","604","593","596","9369"
"14/06/2007","590","596","590","596","2870"
"15/06/2007","592","596","590","591","8679"
"18/06/2007","592","605","592","592","5352"
"19/06/2007","599","599","590","592","3619"
"20/06/2007","594","600","590","592","991"
"21/06/2007","597","600","595","600","261110"
"22/06/2007","598","603","594","600","1301"
"25/06/2007","600","600","591","591","7068"
"26/06/2007","592","599","592","599","821"
"27/06/2007","590","595","590","590","5569"
"28/06/2007","597","597","587","590","1738"
"29/06/2007","590","594","590","590","1585"
"02/07/2007","590","590","580","583","17805"
"03/07/2007","581","589","570","580","19381"
"04/07/2007","589","598","550","590","122451"
"05/07/2007","600","610","600","600","20659"
"06/07/2007","608","610","600","600","9335"
"09/07/2007","605","605","600","600","2210"
"10/07/2007","604","604","591","600","6496"
"11/07/2007","600","600","591","599","1643"
"12/07/2007","592","598","590","590","3518"
"13/07/2007","595","600","590","590","13701"
"16/07/2007","590","600","590","598","26996"
"17/07/2007","600","600","590","590","2237"
"18/07/2007","600","600","590","590","7517"
"19/07/2007","588","590","588","589","2535"
"20/07/2007","585","587","585","585","1964"
"23/07/2007","581","585","581","582","3298"
"24/07/2007","585","589","585","585","2919"
"25/07/2007","590","594","585","585","4435"
"26/07/2007","594","601","590","600","18022"
"27/07/2007","600","612","600","603","6659"
"31/07/2007","610","610","603","610","2256"
"01/08/2007","629","630","610","611","22076"
"02/08/2007","611","642","611","642","23846"
"03/08/2007","640","645","631","639","18685"
"06/08/2007","639","639","622","630","3369"
"07/08/2007","630","638","630","630","4506"
"08/08/2007","626","630","625","630","17870"
"09/08/2007","630","634","628","630","8707"
"10/08/2007","634","635","620","621","5970"
"13/08/2007","620","629","620","621","9757"
"15/08/2007","629","629","618","620","5285"
"16/08/2007","616","620","612","620","5879"
"17/08/2007","620","620","611","620","1610"
"22/08/2007","613","620","613","615","684"
"23/08/2007","620","620","615","620","1781"
"24/08/2007","614","623","614","621","3653"
"27/08/2007","620","627","620","627","5324"
"28/08/2007","630","634","626","634","22010"
"29/08/2007","638","638","624","624","5184"
"30/08/2007","627","627","622","622","5258"
"31/08/2007","625","625","618","618","7012"
"03/09/2007","616","655","616","655","100498"
"04/09/2007","684","684","660","666","105063"
"05/09/2007","672","690","672","680","87637"
"06/09/2007","692","704","650","650","66910"
"07/09/2007","641","669","641","652","20639"
"10/09/2007","672","674","659","659","19495"
"11/09/2007","665","665","650","651","12198"
"12/09/2007","640","649","631","641","12168"
"13/09/2007","648","657","640","650","13514"
"14/09/2007","655","665","650","651","14428"
"17/09/2007","659","660","653","655","12944"
"18/09/2007","655","655","644","650","5119"
"19/09/2007","650","652","642","643","1625"
"20/09/2007","650","652","643","644","2950"
"21/09/2007","650","650","641","645","8912"
"24/09/2007","645","649","643","643","1528"
"25/09/2007","640","643","635","639","4238"
"26/09/2007","638","657","638","648","16326"
"27/09/2007","650","654","641","654","4827"
"28/09/2007","658","660","645","645","43411"
"01/10/2007","645","658","635","658","9495"
"02/10/2007","650","655","648","650","5510"
"03/10/2007","650","659","650","657","26168"
"04/10/2007","658","658","650","650","1632"
"05/10/2007","651","655","650","650","5365"
"08/10/2007","650","660","650","655","4378"
"09/10/2007","659","664","655","660","8452"
"10/10/2007","655","663","655","656","2373"
"11/10/2007","663","664","660","660","275426"
"12/10/2007","663","685","663","666","18663"
"15/10/2007","675","680","668","670","13253"
"16/10/2007","679","683","671","680","17526"
"17/10/2007","685","686","676","676","17803"
"18/10/2007","681","681","670","678","7750"
"19/10/2007","680","680","671","678","19375"
"22/10/2007","681","690","680","688","13581"
"23/10/2007","686","700","680","690","129086"
"24/10/2007","696","700","685","697","27396"
"25/10/2007","695","699","689","690","55592"
"26/10/2007","699","699","690","690","21770"
"29/10/2007","696","696","690","690","8053"
"30/10/2007","690","694","690","690","19577"
"31/10/2007","691","691","688","690","48103"
"01/11/2007","661","685","661","683","8384"
"02/11/2007","685","690","676","689","12578"
"05/11/2007","691","699","690","691","26648"
"07/11/2007","693","693","685","685","5398"
"08/11/2007","690","691","680","689","10539"
"09/11/2007","689","689","680","680","6129"
"12/11/2007","689","689","680","680","7107"
"13/11/2007","680","680","660","660","8970"
"14/11/2007","671","671","660","665","4839"
"15/11/2007","662","669","661","667","2516"
"16/11/2007","669","669","665","669","3373"
"19/11/2007","664","669","660","666","1874"
"20/11/2007","655","663","655","661","1972"
"21/11/2007","661","661","650","653","2944"
"22/11/2007","650","656","650","653","11319"
"23/11/2007","650","650","645","650","6292"
"26/11/2007","650","650","631","635","5483"
"27/11/2007","630","645","612","635","9269"
"28/11/2007","636","655","636","639","8680"
"29/11/2007","651","651","639","639","4332"
"30/11/2007","635","643","630","635","6334"
"03/12/2007","638","638","623","623","3161"
"04/12/2007","625","632","622","625","7750"
"05/12/2007","626","633","621","626","13228"
"06/12/2007","621","640","621","636","14006"
"07/12/2007","636","638","625","634","12090"
"10/12/2007","626","644","626","640","30168"
"11/12/2007","640","645","636","640","25039"
"12/12/2007","645","645","632","640","16126"
"13/12/2007","640","640","630","631","100112"
"14/12/2007","628","638","628","629","36156"
"17/12/2007","635","635","628","630","60008"
"18/12/2007","629","638","629","637","120548"
"19/12/2007","637","645","637","638","55817"
"20/12/2007","645","645","630","630","48076"
"24/12/2007","628","629","621","624","72669"
"25/12/2007","625","630","620","620","86387"
"26/12/2007","624","624","619","619","147807"
"27/12/2007","624","625","621","622","68444"
"28/12/2007","628","639","619","619","118962"
"31/12/2007","638","638","622","630","72830"
"02/01/2008","630","653","630","645","56592"
"03/01/2008","678","678","650","659","9182"
"04/01/2008","660","660","651","655","5092"
"07/01/2008","655","662","655","656","7733"
"08/01/2008","656","658","650","650","5514"
"09/01/2008","650","665","650","663","10674"
"14/01/2008","660","670","658","660","9574"
"15/01/2008","655","658","651","655","4864"
"16/01/2008","654","660","651","651","6447"
"17/01/2008","652","662","650","651","63173"
"18/01/2008","657","660","652","653","28274"
"21/01/2008","652","654","640","640","5826"
"22/01/2008","630","648","621","642","32006"
"23/01/2008","640","654","638","644","12912"
"24/01/2008","643","657","643","645","20032"
"25/01/2008","645","650","645","650","2498"
"28/01/2008","645","650","640","640","2099"
"29/01/2008","635","650","635","640","4407"
"30/01/2008","640","649","640","640","6889"
"31/01/2008","648","648","640","640","6987"
"01/02/2008","650","650","645","650","6920"
"04/02/2008","650","658","650","658","6631"
"05/02/2008","660","674","660","666","14353"
"06/02/2008","659","661","652","660","2468"
"07/02/2008","660","663","658","658","3215"
"08/02/2008","657","660","654","658","1079"
"11/02/2008","658","658","650","650","14316"
"12/02/2008","651","668","651","666","16743"
"13/02/2008","660","665","656","663","6908"
"14/02/2008","659","665","657","665","190198"
"15/02/2008","666","687","666","683","79473"
"18/02/2008","690","696","680","683","59208"
"19/02/2008","685","687","675","675","12676"
"20/02/2008","675","675","667","670","8504"
"21/02/2008","684","689","676","683","66699"
"22/02/2008","684","694","684","685","72766"
"25/02/2008","700","714","688","688","113604"
"26/02/2008","697","697","685","686","19040"
"27/02/2008","690","691","685","685","10636"
"28/02/2008","686","688","678","678","7570"
"29/02/2008","685","689","677","677","16933"
"03/03/2008","670","685","666","666","16927"
"04/03/2008","666","666","655","655","7758"
"05/03/2008","669","670","660","667","5440"
"06/03/2008","669","678","668","668","5284"
"07/03/2008","667","677","667","672","6724"
"10/03/2008","668","672","656","661","8702"
"11/03/2008","657","662","655","660","48595"
"12/03/2008","660","661","653","653","12261"
"13/03/2008","659","660","656","656","5895"
"14/03/2008","660","660","651","653","20951"
"17/03/2008","653","656","640","640","13792"
"18/03/2008","654","654","646","650","9518"
"19/03/2008","650","668","650","652","35236"
"24/03/2008","666","666","647","647","5768"
"25/03/2008","643","644","638","640","21007"
"26/03/2008","640","646","635","635","7608"
"27/03/2008","640","640","633","635","9141"
"28/03/2008","638","638","630","630","31466"
"31/03/2008","630","644","630","630","7756"
"01/04/2008","631","634","627","627","2929"
"02/04/2008","625","626","616","620","18454"
"03/04/2008","620","633","620","630","29817"
"04/04/2008","634","634","630","633","1859"
"07/04/2008","635","641","630","640","62462"
"08/04/2008","634","640","634","634","11246"
"09/04/2008","630","637","629","629","2534"
"10/04/2008","630","634","625","625","2531"
"11/04/2008","629","630","625","630","4223"
"14/04/2008","628","628","619","620","106400"
"15/04/2008","624","625","620","621","2336"
"16/04/2008","625","625","615","619","28324"
"17/04/2008","624","624","615","620","7889"
"18/04/2008","617","620","617","619","7922"
"21/04/2008","624","624","616","616","3044"
"22/04/2008","615","616","605","615","11984"
"23/04/2008","608","615","608","610","2052"
"24/04/2008","606","608","601","601","12030"
"25/04/2008","601","601","595","600","7956"
"28/04/2008","609","609","593","593","35634"
"29/04/2008","590","605","589","604","31870"
"30/04/2008","600","603","597","601","11437"
"02/05/2008","610","610","600","600","3318"
"05/05/2008","595","604","595","596","515"
"06/05/2008","604","604","595","599","3232"
"07/05/2008","597","600","595","595","1180"
"08/05/2008","600","600","594","595","12292"
"09/05/2008","597","598","596","596","2144"
"12/05/2008","595","598","595","596","2823"
"13/05/2008","595","605","595","605","4841"
"14/05/2008","600","615","596","602","11608"
"15/05/2008","606","617","600","601","2557"
"16/05/2008","598","609","598","599","2745"
"19/05/2008","600","602","600","600","2025"
"20/05/2008","600","614","600","608","3187"
"21/05/2008","602","602","600","600","1350"
"22/05/2008","601","605","600","600","5370"
"23/05/2008","600","604","600","600","1759"
"26/05/2008","600","602","600","600","534"
"27/05/2008","600","604","600","600","6673"
"28/05/2008","600","604","600","601","2638"
"29/05/2008","600","605","600","605","10820"
"30/05/2008","606","613","601","601","4276"
"02/06/2008","600","604","600","601","573"
"03/06/2008","601","610","601","602","1766"
"04/06/2008","605","614","605","610","15642"
"05/06/2008","612","612","607","610","2094"
"06/06/2008","613","613","600","600","2010"
"09/06/2008","612","612","599","605","5160"
"10/06/2008","598","600","595","596","4627"
"11/06/2008","600","600","598","600","7416"
"12/06/2008","600","600","598","598","3291"
"13/06/2008","590","599","590","599","2919"
"16/06/2008","596","599","595","595","1689"
"17/06/2008","598","598","590","593","2729"
"18/06/2008","595","595","590","590","1450"
"19/06/2008","590","592","586","588","1606"
"20/06/2008","590","590","585","589","1298"
"23/06/2008","585","589","580","580","1111"
"24/06/2008","580","585","580","582","3022"
"25/06/2008","580","588","580","588","3296"
"26/06/2008","583","590","580","588","6772"
"27/06/2008","584","588","583","588","957"
"30/06/2008","590","615","590","615","26610"
"01/07/2008","610","610","601","608","1716"
"02/07/2008","605","605","600","600","2185"
"03/07/2008","604","605","600","603","2286"
"04/07/2008","600","600","590","590","616"
"07/07/2008","590","597","586","597","9645"
"08/07/2008","586","599","586","588","1895"
"09/07/2008","588","594","588","590","336"
"10/07/2008","592","594","585","590","8074"
"11/07/2008","584","593","584","590","6621"
"14/07/2008","594","594","585","590","7695"
"15/07/2008","587","593","587","593","3650"
"16/07/2008","593","593","587","590","1322"
"17/07/2008","587","590","585","587","1029"
"18/07/2008","587","590","585","590","4800"
"21/07/2008","585","590","585","590","732"
"22/07/2008","586","588","586","587","360"
"23/07/2008","586","590","586","587","686"
"24/07/2008","585","589","585","585","1255"
"25/07/2008","584","585","581","585","36953"
"28/07/2008","570","585","570","580","7921"
"29/07/2008","580","580","578","580","5082"
"31/07/2008","579","579","571","572","6753"
"01/08/2008","572","575","567","570","22363"
"04/08/2008","577","577","565","570","17370"
"05/08/2008","560","570","560","563","2965"
"06/08/2008","568","570","562","570","1157"
"07/08/2008","563","570","563","570","1326"
"08/08/2008","570","570","565","570","84"
"11/08/2008","570","570","567","570","282"
"12/08/2008","570","570","565","566","584"
"13/08/2008","566","568","566","566","2420"
"15/08/2008","566","575","566","570","3743"
"18/08/2008","568","575","568","570","2040"
"19/08/2008","570","574","570","570","7770"
"22/08/2008","575","575","570","570","3551"
"25/08/2008","570","574","570","570","3282"
"26/08/2008","570","572","570","571","8135"
"27/08/2008","579","579","570","570","798"
"28/08/2008","570","574","570","572","4518"
"29/08/2008","571","585","571","585","4306"
"01/09/2008","575","589","575","589","890"
"02/09/2008","590","590","581","581","150"
"03/09/2008","582","585","582","582","719"
"04/09/2008","591","591","572","575","3125"
"05/09/2008","574","589","572","587","486"
"08/09/2008","588","589","570","571","1505"
"09/09/2008","566","575","566","567","1383"
"10/09/2008","567","579","566","566","2889"
"11/09/2008","570","574","565","570","6509"
"12/09/2008","570","571","565","565","6290"
"15/09/2008","565","568","533","548","14012"
"16/09/2008","516","520","516","517","58923"
"17/09/2008","500","530","500","520","4606"
"18/09/2008","522","549","522","541","4519"
"19/09/2008","545","562","545","562","7698"
"22/09/2008","565","590","565","590","8288"
"23/09/2008","587","587","561","570","15312"
"24/09/2008","569","570","556","560","8073"
"25/09/2008","561","565","555","560","4686"
"26/09/2008","542","561","542","555","183202"
"29/09/2008","559","559","523","548","7038"
"30/09/2008","525","529","516","516","8018"
"03/10/2008","520","525","515","525","4053"
"06/10/2008","520","520","501","501","9663"
"07/10/2008","485","513","482","513","25071"
"08/10/2008","492","510","492","510","21288"
"09/10/2008","512","512","494","494","11673"
"10/10/2008","480","490","464.4","490","53316"
"13/10/2008","495","519","495","519","15128"
"14/10/2008","530","530","510","511","10955"
"15/10/2008","503","504","490.05","495","6291"
"16/10/2008","495","500","495","499.9","3531"
"17/10/2008","495","520","495","520","12799"
"20/10/2008","503","520","503","506","557"
"21/10/2008","501","519","500","500","1136"
"22/10/2008","501","501","500","500","106"
"23/10/2008","501","505","490","500","1016"
"24/10/2008","485","490","476","480","6958"
"27/10/2008","466","469","451.2","451.2","26207"
"28/10/2008","442","469","431.05","449","4420"
"29/10/2008","457","465","451","451","2917"
"30/10/2008","460","460","457","457","635"
"31/10/2008","457","460","455","455","2438"
"03/11/2008","460","460","451.2","459","32"
"04/11/2008","460","477","460","465","2966"
"05/11/2008","463","477","463","463.1","1982"
"07/11/2008","472","472","455.55","468","628"
"10/11/2008","462","469","458","469","41"
"11/11/2008","456","460","451","460","1416"
"12/11/2008","459","459","450","451","2554"
"13/11/2008","445","460","441","445","3595"
"14/11/2008","450","450","442.3","442.3","504"
"17/11/2008","448","448","430","430","2355"
"19/11/2008","420","440","420","423","2378"
"20/11/2008","418","418","404","410","2407"
"21/11/2008","400","401.1","395","400","22119"
"24/11/2008","400","400","376.05","385","18176"
"25/11/2008","382.1","399","382.1","386","3897"
"26/11/2008","398","398","390","391.9","9286"
"27/11/2008","397.5","397.5","387","388","5564"
"28/11/2008","390","390","385.05","385.05","3625"
"01/12/2008","385.05","385.05","380","384","6399"
"02/12/2008","370","382","370","370","4601"
"03/12/2008","379.9","379.9","355.1","355.1","3863"
"04/12/2008","343.5","343.5","333.8","333.8","10622"
"05/12/2008","330","340","321.5","338","11784"
"08/12/2008","335","346.5","335","345","7818"
"11/12/2008","345.1","365.7","345.1","365.7","12323"
"12/12/2008","387.6","387.6","376.1","387.6","11272"
"15/12/2008","397","410.85","397","410.85","9714"
"16/12/2008","418","435.5","418","435.5","11173"
"17/12/2008","458","458","421","449","44753"
"18/12/2008","442","470","440","470","36044"
"19/12/2008","475","493","475","490","64420"
"22/12/2008","496","519","496","519","32532"
"23/12/2008","536","540","500","502","25634"
"24/12/2008","490","498","471.9","471.9","23602"
"25/12/2008","469","469","443.6","443.6","10811"
"26/12/2008","419","429","417","417","18631"
"30/12/2008","393","425","392","420","48353"
"31/12/2008","420","424","398","424","207243"
"02/01/2009","418","418","398.6","398.6","2501"
"05/01/2009","374.7","388","374.7","388","1318"
"06/01/2009","365","374","364.75","364.75","3458"
"07/01/2009","364.75","370","351","354","1402"
"08/01/2009","354","364","354","356","1853"
"09/01/2009","369.1","377.35","369.1","377.35","5094"
"12/01/2009","389","398","380","389","3980"
"13/01/2009","380","389.9","380","389.9","592"
"14/01/2009","390","410","380","390.2","3480"
"15/01/2009","400","407","393.1","393.25","1652"
"16/01/2009","400","400","390","390","1635"
"19/01/2009","398","398","390","390","4166"
"20/01/2009","391","392","390","390","2171"
"21/01/2009","390","390","380","382","564"
"22/01/2009","385","397","385","397","5391"
"23/01/2009","387.5","395","387.5","394","249"
"26/01/2009","395","395","390","390","241"
"27/01/2009","394","394","385.1","385.1","716"
"28/01/2009","387","393","387","392","36"
"29/01/2009","392","408","391.1","405","1887"
"30/01/2009","401.1","407","400","400.1","1294"
"02/02/2009","405","409.9","400.5","402","498"
"03/02/2009","402","405","400","405","2082"
"04/02/2009","405","405","400","400","4363"
"05/02/2009","404","404","387.1","400","219"
"06/02/2009","386","400","386","398.5","573"
"09/02/2009","390.2","398","388.2","398","127"
"10/02/2009","399","399","390.25","390.25","893"
"11/02/2009","399","403.9","397","403.9","3503"
"12/02/2009","400","403","399","403","1044"
"13/02/2009","400.1","402.9","399","399","537"
"16/02/2009","398","402.9","398","402.9","681"
"17/02/2009","400","427","400","424","9568"
"18/02/2009","425","431","415","416","11090"
"19/02/2009","424","430","416","424","6675"
"20/02/2009","429","429","420","420","3362"
"23/02/2009","421","429","421","428","1547"
"24/02/2009","430","440","420","421","8021"
"25/02/2009","421.6","432","421.6","426","2579"
"26/02/2009","430","430","423","427","4583"
"27/02/2009","423.8","425","422","422","1180"
"02/03/2009","428","428","425","425","1973"
"03/03/2009","425","428","420","425","628"
"04/03/2009","426","426","400.2","420","232"
"05/03/2009","410","419","410","415","927"
"06/03/2009","415.05","423","415.05","420","1146"
"09/03/2009","420","423","415.25","423","594"
"12/03/2009","415.25","415.25","409","413.9","1789"
"13/03/2009","401","409","399.5","400","8077"
"16/03/2009","400","405","400","405","2143"
"17/03/2009","386","402.5","380.7","380.7","14472"
"18/03/2009","383","386","357.9","357.9","18568"
"19/03/2009","369","374.9","341","360","12394"
"20/03/2009","364.9","369","341","341","27646"
"23/03/2009","353","356","347","347","1558"
"24/03/2009","347","352.9","341.05","348","2156"
"25/03/2009","347","360","347","350","7532"
"26/03/2009","355","365","350","350","9618"
"27/03/2009","360","360","349","350","3192"
"30/03/2009","348","350","331.1","334","4819"
"31/03/2009","317.05","338","317","327","13369"
"01/04/2009","331","331","322","328","1933"
"02/04/2009","330","339","330","339","3916"
"03/04/2009","345","358.8","345","350","4245"
"06/04/2009","354.95","354.95","345.1","350","874"
"07/04/2009","353","354","345","345","1582"
"08/04/2009","346","352","339.1","350","378"
"09/04/2009","342","347","342","347","107"
"10/04/2009","332.1","340","332.1","339","1341"
"13/04/2009","344","344.5","335","339","447"
"14/04/2009","339","342.95","334","342.9","162"
"15/04/2009","340","344","336","340","227"
"16/04/2009","343.9","343.9","340","340","422"
"17/04/2009","338","341","330.1","330.1","2603"
"20/04/2009","340","340","334","334","832"
"21/04/2009","339.5","339.5","334","339.5","727"
"22/04/2009","338","339.3","338","339.3","8"
"23/04/2009","335","337.5","332","335","2769"
"24/04/2009","335","339","335","339","725"
"27/04/2009","359.3","359.3","352.05","359.3","22271"
"28/04/2009","369","369","354.1","358","9149"
"29/04/2009","360","360","355","359","2868"
"30/04/2009","351.1","359","351.1","357","2044"
"04/05/2009","359","368.9","352.25","367.4","3595"
"05/05/2009","366.45","367.5","364","364","4955"
"06/05/2009","363","363","359","362","742"
"07/05/2009","363.9","363.9","363.8","363.8","2345"
"08/05/2009","363","363","355.05","360","3158"
"11/05/2009","360","361.5","357","360","6925"
"12/05/2009","362.5","381.6","361","381.6","23899"
"13/05/2009","395","401","393","397","22621"
"14/05/2009","395","410","395","395","39541"
"15/05/2009","394","394","388","390","10168"
"18/05/2009","386","388","382","388","268"
"19/05/2009","384","385","380","382","1577"
"20/05/2009","390","402.5","390","400","44335"
"21/05/2009","403","410","400","405","19429"
"22/05/2009","402","408","401","401","4166"
"25/05/2009","400","408","400","408","5125"
"26/05/2009","405","428.4","405","418","14538"
"27/05/2009","420","424","411","411","2922"
"28/05/2009","409","418","407.3","408","2785"
"29/05/2009","414","414","404","405","6229"
"01/06/2009","404","413","404","406","3059"
"02/06/2009","412","412","405","409","5671"
"03/06/2009","407","420","407","412","2900"
"04/06/2009","422","422","411.05","412.05","3465"
"05/06/2009","410","425","410","424.95","14306"
"08/06/2009","434","440","425.15","429","17976"
"09/06/2009","435","441.8","429","430","16563"
"10/06/2009","436.8","436.8","424","425","5762"
"11/06/2009","423","430","419","430","11498"
"12/06/2009","423.05","437.95","423.05","434","7225"
"15/06/2009","435","435","426.5","429.9","3387"
"16/06/2009","432","435","428","428","3329"
"17/06/2009","429.5","434.9","428.1","430","2518"
"18/06/2009","430","434.9","423","423","11800"
"19/06/2009","420","430","420","428","888"
"22/06/2009","421","429","421","429","2980"
"23/06/2009","423.05","424.9","420","424","1196"
"24/06/2009","421","434","420.1","433","15448"
"25/06/2009","427","434","426.25","426.4","1630"
"26/06/2009","431.9","433","426.25","426.25","703"
"29/06/2009","426.35","426.5","415.05","420.05","36749"
"30/06/2009","417.55","420","417.55","418","1028"
"01/07/2009","418","419.9","416.05","416.05","723"
"02/07/2009","418","418","405","415","771"
"03/07/2009","401","405","398","405","1034"
"06/07/2009","400.2","405","395","404.8","378"
"07/07/2009","405","414.9","405","414.9","100"
"08/07/2009","415","415","397.05","400","526"
"09/07/2009","397.5","413.65","397.5","412","374"
"10/07/2009","401.05","409.9","400","405","652"
"13/07/2009","409.9","409.9","400","404","767"
"14/07/2009","397","400","397","400","316"
"15/07/2009","399.95","399.95","396","396","802"
"16/07/2009","398","403.8","390.1","403.8","3727"
"17/07/2009","396","407.9","396","407.9","182"
"20/07/2009","397.05","409.95","397.05","400.1","480"
"21/07/2009","398","409","398","401.1","555"
"22/07/2009","400.1","410","400","410","2023"
"23/07/2009","409","409.7","401.6","403.15","11963"
"24/07/2009","402.05","409","402.05","409","101"
"27/07/2009","408","408","408","408","396"
"28/07/2009","408","408","402","408","15"
"29/07/2009","402","407.9","401.1","407.9","141"
"31/07/2009","408","408","402","407.9","168"
"03/08/2009","408","408","407.5","407.5","6"
"04/08/2009","408","410","408","408","1605"
"05/08/2009","410","414.85","410","414","338"
"06/08/2009","408","415","400","409.2","4096"
"07/08/2009","400","402","400","402","625"
"10/08/2009","400","400","400","400","80"
"11/08/2009","397","399","391","399","1858"
"12/08/2009","398.9","399","394","399","3112"
"13/08/2009","395","395","390.15","390.15","931"
"17/08/2009","390.15","411","390.15","411","6340"
"18/08/2009","408","419.5","408","410","8589"
"19/08/2009","406.05","414","400","400.3","141"
"24/08/2009","401.05","405","400.05","405","834"
"25/08/2009","400","401","400","401","1308"
"26/08/2009","400.05","400.05","400.05","400.05","106"
"27/08/2009","400","402","400","402","251"
"28/08/2009","400","402","400","400.15","3365"
"31/08/2009","400.15","401","400.15","401","161"
"01/09/2009","401.9","405","396","400","165119"
"02/09/2009","399.9","399.9","399.9","399.9","1"
"03/09/2009","395.25","399.8","388","399.8","2754"
"04/09/2009","395","395","391","391","9811"
"07/09/2009","394","395","388","393","6576"
"08/09/2009","388","390","388","390","272"
"09/09/2009","390","400","386","398.5","169282"
"10/09/2009","409","409","393.05","403","3700"
"11/09/2009","395","400","395","400","502"
"14/09/2009","403.9","403.9","403.9","403.9","60"
"15/09/2009","390.05","403.9","390.05","401","8164"
"16/09/2009","390.05","390.2","390","390","167"
"17/09/2009","391","398","391","397.9","8016"
"18/09/2009","396","400","396","400","5274"
"23/09/2009","399.9","399.9","399.9","399.9","210"
"24/09/2009","399","400","399","399.8","1210"
"25/09/2009","395","399.85","380","399.85","896"
"29/09/2009","388.15","398.95","388.1","390","1075"
"30/09/2009","381","384","376","379","1173"
"01/10/2009","377","380","376","380","239"
"02/10/2009","373","382","373","382","156"
"05/10/2009","375.65","380","375.65","380","413"
"06/10/2009","373.1","380","373.1","380","519"
"07/10/2009","380","390","380","382.1","3286"
"08/10/2009","383","388.8","376","376","1699"
"09/10/2009","376.5","382","376.5","378.1","625"
"12/10/2009","380","382","376.75","380","1055"
"13/10/2009","380","381.8","376.35","376.35","2729"
"14/10/2009","379.9","380","377","377","753192"
"15/10/2009","379","379","375","377.95","1041"
"16/10/2009","379.85","379.85","379.8","379.8","89"
"19/10/2009","379","379","374.5","374.5","445"
"20/10/2009","371","376","363","376","1717"
"21/10/2009","370","373","364","364","628"
"22/10/2009","369","377.5","369","375","6524"
"23/10/2009","375","376","375","376","122"
"26/10/2009","368","374","365","374","359"
"27/10/2009","365.05","372.85","365.05","372.85","42"
"28/10/2009","364","373.8","364","373.8","139"
"29/10/2009","370","370","362","370","597"
"30/10/2009","369","369","364","368.5","181"
"02/11/2009","358","369.9","358","369.9","572"
"03/11/2009","359.05","369","355","358.5","114"
"04/11/2009","358","360","358","360","517"
"05/11/2009","358","362","358","361.8","571"
"09/11/2009","358","358","352","357","407"
"10/11/2009","351.5","356.95","351.5","356.95","134"
"11/11/2009","351.1","356","351","356","446"
"12/11/2009","350.5","354.95","345","345","1860"
"13/11/2009","345","349","345","345.15","1015"
"16/11/2009","344","345","341.05","345","1111"
"17/11/2009","344.95","344.95","338","344.8","647"
"19/11/2009","344.9","344.9","337.5","338","1740"
"20/11/2009","338","344","338","344","51"
"23/11/2009","338","340","338","339","856"
"24/11/2009","340","340","338.95","339","531"
"25/11/2009","339","339","338","339","788"
"26/11/2009","339.8","345","339.8","345","309"
"27/11/2009","340","342","340","341","128"
"30/11/2009","342.5","342.5","337","337","1257"
"01/12/2009","336","342.4","330","330","2101"
"02/12/2009","335","337","322.1","337","3184"
"03/12/2009","333","333","323.1","324.5","2579"
"04/12/2009","325","329.85","320","327.9","1762"
"07/12/2009","325","336.5","325","336.5","1771"
"08/12/2009","330.5","340","326.55","326.55","7651"
"09/12/2009","339.9","339.9","328","328","1569"
"10/12/2009","327.1","335","327","332.9","3653"
"11/12/2009","334.9","338","324","334","7370"
"14/12/2009","327","330","325","327","6283"
"15/12/2009","330","337.9","327.2","328","10009"
"16/12/2009","334.8","347","331.25","347","28862"
"17/12/2009","356","367","345","345","24709"
"21/12/2009","342","345","335","335","6815"
"22/12/2009","330","338.5","330","331.6","5777"
"23/12/2009","334","339","332.2","332.25","815"
"24/12/2009","333.1","333.1","331.2","331.2","2605"
"25/12/2009","331","337.05","331","337.05","408"
"28/12/2009","332","350","332","346","4453"
"29/12/2009","334.05","343","334","334.85","4962"
"30/12/2009","341.9","341.9","327","327.3","3432"
"31/12/2009","325","327.35","315","315","19997"
"04/01/2010","324.8","324.8","316.1","316.1","325"
"05/01/2010","320","321.9","320","321.9","490"
"06/01/2010","321.9","333.9","320.1","333.6","1914"
"07/01/2010","328","339","328","328.15","7033"
"08/01/2010","330.1","338.95","330","334.9","2720"
"12/01/2010","335","335","330","333.95","600"
"13/01/2010","334","342","334","339","15069"
"14/01/2010","340","340","328.25","338.75","1131"
"15/01/2010","331.1","346","331.1","345.85","10383"
"18/01/2010","345","356","345","355","6828"
"19/01/2010","349","360","349","360","10562"
"20/01/2010","360","366.6","357.2","365.8","1630"
"21/01/2010","365","365","355","357.5","5363"
"22/01/2010","360","360","350.1","350.5","4290"
"25/01/2010","335","353.95","335","343.05","3712"
"26/01/2010","336.2","346.95","336.2","341.5","12721"
"27/01/2010","345","349","345","348.95","1507"
"28/01/2010","342","350","342","349.9","390"
"29/01/2010","350","353","345","345","2336"
"01/02/2010","354.45","354.45","344","350","470"
"02/02/2010","344.6","350","344","349","113"
"03/02/2010","343.5","348","343.5","348","20"
"04/02/2010","343.6","348","343.6","348","1166"
"05/02/2010","342.5","350","342.5","348.45","544"
"08/02/2010","342.1","347.95","342","346.5","3971"
"09/02/2010","340.15","348.45","340.15","341.5","585"
"10/02/2010","345","348","345","345","2513"
"11/02/2010","341.55","347","341.55","346","952"
"12/02/2010","346","350","345.1","350","1528"
"15/02/2010","348","355","348","354","7698"
"16/02/2010","354","362.9","352","362.9","2911"
"17/02/2010","360","365","359","360","3661"
"18/02/2010","359.45","359.45","353.6","355.05","10271"
"19/02/2010","355","360","355","360","1199"
"22/02/2010","356","360.95","355","358.95","563"
"23/02/2010","355","360.05","353.2","360.05","4933"
"24/02/2010","355","381.65","355","381.65","29002"
"25/02/2010","382.9","382.9","373","373","6020"
"26/02/2010","377.95","377.95","366.1","376.9","96"
"01/03/2010","366.15","376.9","366.15","368","18752"
"02/03/2010","370","370","366.2","370","109"
"03/03/2010","370","373","370","373","1125"
"04/03/2010","379.8","380.5","367","378.5","23689"
"05/03/2010","378","378","371","378","1062"
"08/03/2010","375","377.9","372","377.9","11681"
"09/03/2010","372.05","377.8","372","377.8","401"
"10/03/2010","370","377.75","370","372","1402"
"11/03/2010","372","372","368","368","547"
"12/03/2010","368.05","374.9","366","370","6073"
"15/03/2010","348.15","353","347.8","350.2","17238"
"16/03/2010","342","350","342","350","7588"
"17/03/2010","347","348.9","345","347","14059"
"18/03/2010","342","345.7","340","340.05","23730"
"19/03/2010","341","341","337","340","2362"
"22/03/2010","338","340.1","338","340","2768"
"23/03/2010","342","342","338","340","12977"
"24/03/2010","337","340","337","340","189"
"25/03/2010","340","340","336.55","339","417"
"26/03/2010","339.8","357","339.8","345","3667"
"29/03/2010","347","355","340.55","350","733"
"30/03/2010","357","357","350.5","354","5479"
"31/03/2010","350","350","346.5","347.5","2389"
"01/04/2010","347.5","347.5","345","347","3110"
"02/04/2010","347","347","346.9","346.9","24"
"05/04/2010","348","348","346.9","348","531"
"06/04/2010","347","350","347","349","1615"
"07/04/2010","349","354","347","354","1329"
"08/04/2010","346","350","346","350","398"
"09/04/2010","342.15","349.9","342","348","3023"
"12/04/2010","343.5","347.6","343","347","1091"
"13/04/2010","345","346.5","342","343.1","15952"
"14/04/2010","342.2","346.9","342.2","345","3160"
"15/04/2010","344","347","344","344.2","6530"
"16/04/2010","345","360","344","358.7","33104"
"19/04/2010","362","368","351","351","13273"
"20/04/2010","352","355","351","351","9676"
"21/04/2010","350","358","348","348.5","3308"
"22/04/2010","349","355","349","349","988"
"23/04/2010","354","355","350.05","354","1055"
"26/04/2010","354","354.9","350","353","763"
"27/04/2010","354","354.9","350","353","14677"
"28/04/2010","355.5","355.5","350","351.1","10341"
"29/04/2010","353","355.8","350","350","5674"
"30/04/2010","350.05","355","350.05","353","4096"
"03/05/2010","350","353","350","352","1912"
"04/05/2010","350.5","354.9","350.5","354.9","2704"
"05/05/2010","352","354","350.5","354","4702"
"06/05/2010","350.5","354","350","350","6890"
"07/05/2010","350","350","348","350","5177"
"10/05/2010","346.5","353.5","346.5","352.4","167"
"11/05/2010","348","350","343","350","4897"
"12/05/2010","350","353","350","350","1162"
"13/05/2010","350","350","348","348","3059"
"14/05/2010","348","359.5","348","359.5","9229"
"17/05/2010","355","356.9","351","354","3156"
"18/05/2010","353.5","355.5","352.8","353","1806"
"19/05/2010","356","357.9","350","356.95","4021"
"20/05/2010","356.8","356.8","350.05","351","1294"
"21/05/2010","350","355.9","350","351","1985"
"24/05/2010","351","351.05","350","350","7362"
"25/05/2010","349","350","342.55","345","7260"
"26/05/2010","344","349.8","344","347.9","1247"
"27/05/2010","344","347.9","344","346","4067"
"28/05/2010","345","348","345","346","1103"
"31/05/2010","346","349.8","344","344","8759"
"01/06/2010","342","347.5","342","347.5","1135"
"02/06/2010","344.5","345","344.5","344.5","3890"
"03/06/2010","344.6","349.65","344.6","346","748"
"04/06/2010","346.1","349.5","344.7","349","1056"
"07/06/2010","349.8","349.9","348.9","348.9","475"
"08/06/2010","345.1","348.9","344.55","345","1725"
"09/06/2010","345","348.35","344.05","344.05","973"
"10/06/2010","345","345.05","344","345","808"
"11/06/2010","345","345.05","341.1","345","1091"
"14/06/2010","345.05","348.3","345","345","628"
"15/06/2010","345","345","340","343","11906"
"16/06/2010","342","345.95","342","342","466"
"17/06/2010","342.5","343","340","342","4791"
"18/06/2010","340","342","330","330","19314"
"21/06/2010","331","338.4","330","332.1","2577"
"22/06/2010","337","337","330","335","1061"
"23/06/2010","335","335","326.15","335","234"
"24/06/2010","330","339","330","335.1","2526"
"25/06/2010","335","339","332.1","332.1","1188"
"28/06/2010","338","338","332","332","1193"
"29/06/2010","332","337.8","330.6","330.6","840"
"30/06/2010","332","335","326.2","334.9","8533"
"01/07/2010","330.3","335","330.3","335","477"
"02/07/2010","331.1","335","331","334","57"
"05/07/2010","337.9","338.95","331.15","336","204"
"06/07/2010","332.1","332.1","332.1","332.1","100"
"07/07/2010","334","335","333","334.9","6680"
"08/07/2010","335","335","332.5","335","176"
"09/07/2010","332.55","332.55","325","325","5481"
"12/07/2010","334.85","334.85","325","334.2","2906"
"13/07/2010","334","335","330","330.1","580"
"14/07/2010","327.1","332","325","330","390"
"15/07/2010","325.2","330","322","325","2319"
"16/07/2010","331.5","331.5","325","325","789"
"19/07/2010","325","332","325","330","584"
"20/07/2010","322.25","329","321","321","4371"
"21/07/2010","321","327","320","320","5088"
"22/07/2010","321.5","323","315","315.55","8115"
"23/07/2010","315.8","324.8","315.8","321","1575"
"26/07/2010","327","327","318.1","318.1","2251"
"27/07/2010","324","324","318","320","317"
"28/07/2010","320","320","318.5","320","1670"
"29/07/2010","320","320","319","319","2505"
"02/08/2010","319","324","318.8","320","993"
"03/08/2010","318.5","319","318.5","319","11856"
"04/08/2010","318.5","320","318.5","319.8","573"
"05/08/2010","319.8","319.8","319","319","1902"
"06/08/2010","319","319","318.3","319","1041"
"09/08/2010","319.8","319.8","318","319.8","691"
"10/08/2010","319.8","319.8","318.2","318.5","1000"
"11/08/2010","319.65","319.95","316","317","4698"
"12/08/2010","319.75","319.75","306","306","6805"
"13/08/2010","310","316.5","310","316","212"
"16/08/2010","316.4","316.45","310","310","1629"
"17/08/2010","310","315.8","301.6","315.15","2117"
"18/08/2010","310","310","306","310","1900"
"19/08/2010","310.1","310.25","310.1","310.2","1275"
"23/08/2010","310","310.5","306","310.5","3947"
"24/08/2010","306.1","310.35","306.1","310.2","368"
"25/08/2010","310","314","310","310","93"
"26/08/2010","314","319.8","310.4","319.8","1063"
"27/08/2010","318.9","319","311","318","621"
"30/08/2010","317.95","317.95","310","317","736"
"31/08/2010","316.85","317.9","309","315","560"
"01/09/2010","309.2","315","309.2","315","216"
"02/09/2010","314","314","308.55","308.55","380"
"03/09/2010","313.45","313.45","310","310","369"
"06/09/2010","310","314","309","309","954"
"07/09/2010","312","314","312","314","430"
"08/09/2010","315","318.95","310","311","3249"
"09/09/2010","311","314","310","312","1460"
"13/09/2010","317.5","317.5","310","310","574"
"14/09/2010","310.15","317","310","317","3390"
"15/09/2010","329","329","313.5","324.8","10003"
"16/09/2010","315.05","322","315.05","322","221"
"17/09/2010","316","324","316","324","795"
"20/09/2010","317.15","326.15","317.15","320","499"
"21/09/2010","317.7","320","317.7","320","1649"
"22/09/2010","317.65","320","317.65","318.5","457"
"27/09/2010","315.5","316","310","310","13999"
"28/09/2010","312","315","312","315","1690"
"29/09/2010","314.85","316","314.85","316","3299"
"30/09/2010","313","316","312","313","945"
"01/10/2010","310.4","318","310.4","317","125"
"04/10/2010","316.6","316.6","313","314.95","2736"
"05/10/2010","312.3","312.3","312","312","445"
"06/10/2010","314.75","314.75","312","313.45","504"
"07/10/2010","310.45","313.95","310.45","313.95","171"
"08/10/2010","310.85","313.65","308","310","4625"
"11/10/2010","308","309.9","306","309.9","705"
"12/10/2010","307.9","309.35","307.9","308","752"
"13/10/2010","308","308","300","302","16527"
"14/10/2010","304","309.7","300","307.5","23109"
"15/10/2010","309.8","314","309.1","312","3008"
"18/10/2010","310","312.5","307","307","2538"
"19/10/2010","311.85","311.85","302.2","310.75","1404"
"20/10/2010","310","310","302.2","310","11710"
"21/10/2010","308.8","311.85","307.1","311.85","7438"
"22/10/2010","310","311","308","310","6473"
"25/10/2010","308.05","310","308","310","461"
"26/10/2010","307.55","308","303.15","307","2302"
"27/10/2010","303.1","303.5","302.1","302.5","1773"
"28/10/2010","302","305","302","302","4219"
"29/10/2010","302.5","314","302.5","310","28045"
"01/11/2010","306","310","306","306.1","2479"
"02/11/2010","305.2","316","305.2","315","14441"
"03/11/2010","315","321","315","315","1960"
"04/11/2010","315.1","321","315.1","320","4297"
"05/11/2010","321","323.9","320","320","10991"
"08/11/2010","323","330","320","330","7585"
"09/11/2010","323.9","336.9","323.9","335","120249"
"10/11/2010","338.9","342.5","333.05","334","10900"
"11/11/2010","334","335","330","335","20191"
"12/11/2010","331.05","337","331","335","9436"
"15/11/2010","334.9","341","334.9","340","11475"
"16/11/2010","340","352.5","339","349","23905"
"19/11/2010","348.8","350","345.1","345.1","5724"
"22/11/2010","346","348.4","340.15","343","2169"
"23/11/2010","345","345","340","341.5","2179"
"24/11/2010","343.8","343.8","342.4","342.4","190"
"25/11/2010","342.5","342.5","336.6","337","1883"
"26/11/2010","335","335","322","323","9193"
"29/11/2010","321","332.9","320","330","1447"
"30/11/2010","330","340","325","337","2031"
"01/12/2010","335","336.9","333","333","137"
"02/12/2010","334.95","334.95","327","327","1005"
"03/12/2010","325.5","334","325.5","325.6","908"
"06/12/2010","333","335","333","334","627"
"08/12/2010","335","336","333.05","336","1178"
"09/12/2010","340","347","339","341","25376"
"10/12/2010","340","345","326","326","4037"
"13/12/2010","328.5","338","328","328","1047"
"14/12/2010","330","330","328","329.9","1775"
"15/12/2010","327.05","330","327.05","327.15","839"
"16/12/2010","329.8","329.8","327.1","327.1","2501"
"17/12/2010","327","338","327","338","5911"
"20/12/2010","337.95","340","331","331","5069"
"21/12/2010","339","339","332","332.5","1093"
"22/12/2010","335","335","331.5","332","2230"
"23/12/2010","332","333","328","328","46928"
"24/12/2010","326.7","327","324.9","325","2079"
"27/12/2010","325","325","320.6","325","1140"
"28/12/2010","321","328","319","319","5492"
"29/12/2010","320","326.95","313","319","12486"
"30/12/2010","315.5","329.9","314.5","329.9","1625"
"31/12/2010","328.95","330","328.8","330","7691"
"03/01/2011","323","330","318","318","539"
"04/01/2011","318.15","328","318.15","324.5","3608"
"05/01/2011","323","330","323","326","2560"
"06/01/2011","329.2","330","321","329","1197"
"07/01/2011","323.1","328","322.5","327.95","1116"
"10/01/2011","323.6","329.8","322.05","329.8","1829"
"12/01/2011","321.25","332","321.25","327.05","2185"
"13/01/2011","325.05","330","325","325","872"
"14/01/2011","328.85","328.85","324","324.05","698"
"17/01/2011","323.9","325","318","320","1441"
"18/01/2011","322","329.5","319","326.95","14422"
"19/01/2011","321","325","321","321","938"
"20/01/2011","320","326.95","320","320.6","1229"
"21/01/2011","326","327","321.35","327","2127"
"24/01/2011","329.4","329.4","323","325","274"
"25/01/2011","324","327.5","321.65","327.5","1536"
"26/01/2011","328","328","324","327","966"
"27/01/2011","328","328","320","323","2012"
"28/01/2011","326.9","326.9","320","326.8","2248"
"31/01/2011","315","322","310","320","6499"
"01/02/2011","323","323.9","320","320","1516"
"02/02/2011","316","323","316","320","1556"
"03/02/2011","315.15","320","315.15","320","1406"
"04/02/2011","318.9","318.9","305","311","9307"
"07/02/2011","311","311.1","305","306.5","1166"
"08/02/2011","309.9","315","307","307.15","1566"
"09/02/2011","306","309","301","304","8053"
"10/02/2011","303","305.95","300","305.85","2229"
"11/02/2011","305.8","305.8","302","302","1288"
"14/02/2011","305","305.95","304","304","1730"
"15/02/2011","302.05","304.95","300.1","304.95","510"
"18/02/2011","302.1","309","301.5","301.5","577"
"21/02/2011","301.5","305","283.45","283.45","8683"
"22/02/2011","272","289.95","272","289","1433"
"23/02/2011","285","290","280.05","287","2718"
"24/02/2011","288","288","287","288","2425"
"25/02/2011","287","287","283","286.6","1058"
"28/02/2011","289.9","303.75","287","300.15","4885"
"01/03/2011","302.1","315","302.1","310","5109"
"02/03/2011","307.05","308.8","307.05","307.1","1425"
"03/03/2011","304","304","303","303","441"
"04/03/2011","310","313","304","304","1763"
"07/03/2011","304","305","300","304","608"
"08/03/2011","304","310","300","309.5","37"
"10/03/2011","305","306.5","305","306.5","174"
"11/03/2011","306","308.9","302","302","2996"
"14/03/2011","305","309.5","302.1","302.1","2560"
"15/03/2011","301.5","302","300","300","995"
"16/03/2011","298","301.9","297","299","1793"
"17/03/2011","294","300","294","295","221"
"18/03/2011","295","295","291.1","292","678"
"21/03/2011","303.85","303.85","295","295","1630"
"22/03/2011","295","299.95","295","299.95","42"
"23/03/2011","297.2","297.2","297.1","297.1","275"
"24/03/2011","302","309.5","297.5","300","1283"
"25/03/2011","302","308","300.1","300.1","5271"
"28/03/2011","300.75","304","300.7","304","661"
"29/03/2011","307.9","307.9","302.05","302.05","2306"
"30/03/2011","301","302","300.5","302","329"
"31/03/2011","301.9","302","291.05","302","244"
"01/04/2011","292.05","292.15","283.9","283.9","3607"
"04/04/2011","299.4","299.4","279","279","797"
"05/04/2011","277.2","279","265","275","4770"
"06/04/2011","276","280","276","279","3610"
"07/04/2011","277","290","271","271","2356"
"08/04/2011","287","287.25","284","284.9","671"
"11/04/2011","284.35","284.35","271.25","271.6","296"
"12/04/2011","272.1","282.45","271.6","271.6","3757"
"13/04/2011","275","275","273","273","2604"
"14/04/2011","280","280","273","274","126"
"15/04/2011","274","275","271","271","1035"
"18/04/2011","279.5","279.5","272","275","563"
"19/04/2011","272","280","272","279","1343"
"20/04/2011","278","278.95","278","278.95","52"
"21/04/2011","275","277","275","277","19"
"22/04/2011","273","273","273","273","1104"
"25/04/2011","273","280","270","270","2939"
"26/04/2011","273","273","270","270","311"
"27/04/2011","274.9","280","273","279.9","5704"
"28/04/2011","280","280","270","270","3521"
"29/04/2011","276.7","276.7","253.8","253.8","5155"
"02/05/2011","260","269","260","269","182"
"03/05/2011","261","270","261","270","340"
"04/05/2011","276.8","276.8","265.05","270","3987"
"05/05/2011","265.45","275","265.45","270","255"
"06/05/2011","268","277.35","254","254","3008"
"09/05/2011","267","267","258","260.05","2613"
"10/05/2011","261","270","261","270","1273"
"11/05/2011","270","270","270","270","55"
"12/05/2011","269.8","274.9","265.1","265.1","911"
"13/05/2011","273.9","280","269.2","269.2","7591"
"16/05/2011","270.1","279.9","270.1","278.3","12"
"17/05/2011","272.1","277.95","266.4","277.95","1291"
"18/05/2011","278.5","280","278.5","280","1524"
"19/05/2011","280.8","288","280.8","288","1785"
"20/05/2011","283.5","298.9","283.5","285.05","3099"
"23/05/2011","272","297","272","286","1215"
"24/05/2011","296.8","297","294.4","294.4","1011"
"25/05/2011","284","305","284","304","2949"
"26/05/2011","304","305","294","305","1704"
"27/05/2011","300","307","300","304","3696"
"30/05/2011","301","315","301","305.15","5065"
"31/05/2011","310","310","300","309.4","779"
"01/06/2011","309.95","309.95","309","309","1001"
"02/06/2011","301.55","302","301.55","302","254"
"03/06/2011","299.1","315","295.1","315","5067"
"06/06/2011","303","313","302","312","1548"
"07/06/2011","312.9","319","306.05","306.05","8551"
"08/06/2011","318","323.7","315","316","11352"
"09/06/2011","311","322","311","316.5","1617"
"10/06/2011","319","321","311","311","2338"
"13/06/2011","311.05","318","311.05","318","296"
"14/06/2011","318.9","318.9","310.05","310.05","139"
"15/06/2011","305","313.95","305","308.3","1184"
"16/06/2011","305.1","309","305","309","87"
"17/06/2011","305","308","298","300","4845"
"20/06/2011","308","308","300","300","1491"
"21/06/2011","299.55","307","295.1","295.1","419"
"22/06/2011","305","305","285","285","103"
"23/06/2011","301.5","301.5","290","290","220"
"24/06/2011","290","301.5","273","273","4749"
"27/06/2011","274","285","271","280","2687"
"28/06/2011","280.1","289","274.5","285","3182"
"29/06/2011","294","294","280.25","285","604"
"30/06/2011","285","285","275","275","2616"
"01/07/2011","284.9","284.9","283.95","284","51"
"04/07/2011","283","283","283","283","8"
"05/07/2011","283.9","285","273","273","652"
"06/07/2011","265.1","279.9","265.1","279.9","51"
"07/07/2011","270","278.5","270","278.5","2"
"08/07/2011","276","279.4","270","270","107"
"11/07/2011","266.05","277","266.05","277","23"
"12/07/2011","270","278","270","270.1","201"
"13/07/2011","277.85","277.9","277.85","277.9","63"
"14/07/2011","270.9","270.9","265.5","265.5","312"
"15/07/2011","266","266","265.5","265.5","700"
"18/07/2011","265.25","265.25","262.05","262.05","827"
"19/07/2011","262.05","276","262.05","276","39"
"20/07/2011","265","270","265","270","3275"
"21/07/2011","270","270","262","265","3110"
"22/07/2011","270","270","262","262","300"
"25/07/2011","269.95","269.95","265","269","56"
"26/07/2011","265","265","265","265","48"
"27/07/2011","265","265","262","262","96"
"28/07/2011","268","268","264","264","102"
"29/07/2011","263","265","262","265","257"
"01/08/2011","263","263","262","262","600"
"02/08/2011","262","264","262","262.15","22"
"03/08/2011","260","260.1","260","260","470"
"04/08/2011","260.05","268","260","268","703"
"05/08/2011","268","268","252.1","252.1","1351"
"08/08/2011","253","253","250","250","276"
"09/08/2011","263.9","263.9","235","250","5256"
"10/08/2011","248.4","260","236","258","5475"
"11/08/2011","258","258","247.25","257.5","3005"
"12/08/2011","250.05","270","250.05","252","7508"
"15/08/2011","267","267","267","267","1"
"16/08/2011","253","266.45","253","266.45","69"
"17/08/2011","253.4","265","253.4","265","311"
"18/08/2011","263.9","263.9","250","250","7628"
"19/08/2011","252","259","251.05","251.05","725"
"22/08/2011","252","252","251","251","304"
"23/08/2011","252","253","252","253","550"
"24/08/2011","253","257","253","257","190"
"25/08/2011","262.5","262.5","260","260","390"
"26/08/2011","251.1","251.1","251.1","251.1","500"
"29/08/2011","260","260","260","260","40"
"30/08/2011","258","265","258","260","4180"
"02/09/2011","264.75","265","264","265","2622"
"05/09/2011","264","279","261.2","277","25925"
"06/09/2011","285","293","285","292","4901"
"07/09/2011","292","298.9","280","280","2266"
"08/09/2011","280","280","267","267","492"
"09/09/2011","274.9","274.9","267.05","267.1","233"
"12/09/2011","268","278.9","252.5","272.9","1561"
"13/09/2011","257.5","268.5","257.5","268.5","162"
"14/09/2011","260","278.7","260","277","6097"
"15/09/2011","269","280","269","280","991"
"16/09/2011","271.1","280","263.2","263.2","928"
"19/09/2011","277","277","263.2","263.2","775"
"20/09/2011","262","270","260.1","261.05","4083"
"21/09/2011","260.05","268","260","260.15","760"
"22/09/2011","267","267","260.15","266","828"
"23/09/2011","266","266.5","261.2","261.2","683"
"26/09/2011","261.5","266.5","260.1","260.15","760"
"27/09/2011","260","260","257.5","257.55","1464"
"28/09/2011","260","264","260","260","348"
"29/09/2011","257.55","263","255","255.05","1328"
"03/10/2011","285.5","286.55","272","286.55","10243"
"04/10/2011","285.9","299.9","280","286.1","38138"
"05/10/2011","286","289","281","281","3531"
"06/10/2011","293","293","281.7","289","615"
"07/10/2011","289.8","289.8","281","282","1148"
"10/10/2011","289","289","288","289","328"
"11/10/2011","287","287","280","280","1164"
"12/10/2011","278.1","280","277","277","787"
"13/10/2011","275.6","275.6","271.1","274","1314"
"14/10/2011","274","280","270","270.2","2896"
"17/10/2011","280","280","269","275","445"
"18/10/2011","270","278","270","270.4","1792"
"19/10/2011","270.55","275.9","270.55","275.9","1574"
"20/10/2011","275.8","276","270.05","276","3990"
"21/10/2011","276","276","271","271","2829"
"24/10/2011","270.1","275","270.1","275","1379"
"25/10/2011","275.6","282","275.6","279.8","1798"
"26/10/2011","284","284","280","280","22598"
"27/10/2011","275","275","263.2","263.2","12056"
"28/10/2011","264","268","263.05","263.5","5947"
"31/10/2011","264","268.9","264","268.9","4723"
"01/11/2011","270","270.45","270","270.45","46"
"02/11/2011","269","269","265","265","1700"
"03/11/2011","264.9","267","264.9","265","4654"
"04/11/2011","265","268","265","268","206"
"09/11/2011","265","265","264.1","264.1","200"
"10/11/2011","264.1","264.1","264.1","264.1","4"
"11/11/2011","269.95","269.95","269.95","269.95","13"
"14/11/2011","269.2","269.2","256","256","663"
"15/11/2011","264","264","257.1","257.5","3152"
"16/11/2011","259","264","257.4","263","174"
"17/11/2011","262.2","262.2","258","262","390"
"21/11/2011","258","267.9","256","256","928"
"22/11/2011","259.95","259.95","251.1","251.1","300"
"23/11/2011","250.45","258.65","250.45","252","2111"
"24/11/2011","257.95","257.95","252","252.5","122"
"25/11/2011","255.2","258","252","258","473"
"28/11/2011","248","255","248","250","106412"
"29/11/2011","251","251","243","251","2774"
"30/11/2011","254.65","254.65","245","253","196"
"01/12/2011","254.85","254.85","254.3","254.3","4"
"02/12/2011","251","251","251","251","122"
"05/12/2011","250","258.9","245","258.9","2592"
"06/12/2011","246.5","254.95","246","252.85","1086"
"08/12/2011","250","253","247","250","3822"
"09/12/2011","247.55","255","247.55","255","2225"
"12/12/2011","249.05","254.8","249.05","249.25","1457"
"13/12/2011","250.05","253","249.1","249.1","1974"
"15/12/2011","248.25","248.25","246","246","200"
"16/12/2011","249.2","255","247","247","67015"
"19/12/2011","247.05","254.95","247.05","254.95","1197"
"20/12/2011","254.95","256.85","250","252.05","1446"
"21/12/2011","256.55","267","256.5","266","15857"
"22/12/2011","272","275","261","261","7435"
"23/12/2011","265","265","248","248","9293"
"26/12/2011","251","251.05","248","249","21912"
"27/12/2011","250","250","238","238","36398"
"28/12/2011","242.05","249.05","238","249.05","1602"
"29/12/2011","251.95","257.9","247.9","257.9","101516"
"30/12/2011","250","269","242.5","269","107624"
"02/01/2012","260","260","252.9","257","99"
"03/01/2012","245.5","253","245.5","253","508"
"04/01/2012","253","253","253","253","267"
"05/01/2012","255.95","255.95","255.95","255.95","1"
"06/01/2012","254.95","254.95","250","250","414"
"09/01/2012","250","250","250","250","761"
"10/01/2012","250","253","250","250.25","177"
"12/01/2012","251","254.5","250.25","254.5","313"
"13/01/2012","250.3","250.4","250.3","250.4","530"
"16/01/2012","250.05","254","250.05","254","70"
"17/01/2012","250.05","253","250.05","253","3861"
"18/01/2012","250.1","253","250.1","253","215"
"19/01/2012","257","257","251.15","255","431"
"20/01/2012","253","256","251","256","1610"
"23/01/2012","250.1","260","250.1","260","1435"
"24/01/2012","254","259","254","258","187"
"25/01/2012","250.6","266.9","250.6","266.9","1561"
"26/01/2012","266","266","260","265","424"
"27/01/2012","256.1","257","254","254","453"
"30/01/2012","253.9","256","253.9","254.8","548"
"31/01/2012","254.05","257","253.5","257","117205"
"01/02/2012","257","260","254","260","101"
"02/02/2012","254.4","254.55","254.4","254.55","320"
"03/02/2012","255.05","267.5","255.05","263","2183"
"07/02/2012","267","267","266.5","266.9","41"
"08/02/2012","266","269.5","266","268.85","609"
"09/02/2012","268.5","268.5","263.6","263.6","453"
"10/02/2012","268","268","261.15","267.4","174"
"13/02/2012","258.05","258.05","258","258","218"
"14/02/2012","260","267","258.2","258.2","1491"
"15/02/2012","265","265","258.1","258.1","375"
"16/02/2012","261.5","264","260","260","345"
"17/02/2012","272","272.35","267","268","19764"
"20/02/2012","270","270","265","267","2389"
"21/02/2012","267","272","266","270","1442"
"22/02/2012","267.05","271","267.05","271","3623"
"23/02/2012","270.1","275","270.1","275","11009"
"24/02/2012","275","277","275","275","11958"
"27/02/2012","278","284.5","278","282.5","6573"
"28/02/2012","278.5","280","275","275","1615"
"29/02/2012","279.7","279.7","275","275","6452"
"01/03/2012","278.9","278.9","275","275","450"
"02/03/2012","275","275","274","275","1243"
"05/03/2012","270.2","275","270.1","275","1445"
"06/03/2012","271.15","275","271.15","275","205"
"07/03/2012","271.1","275","271.1","275","560"
"08/03/2012","275","275","272.5","275","2096"
"12/03/2012","275","278","272.5","272.5","500"
"13/03/2012","272.35","272.35","272.35","272.35","100"
"14/03/2012","272.15","272.15","272.1","272.1","1740"
"15/03/2012","273.95","277","273.95","277","21132"
"16/03/2012","278","281.5","272","278.3","1951"
"19/03/2012","278.2","278.2","278.05","278.05","189"
"20/03/2012","272.2","277.5","271","277","856"
"21/03/2012","279","284.5","276","276","1139"
"22/03/2012","279.5","280","278","278","160"
"23/03/2012","279.9","280","273.05","278","115"
"26/03/2012","271.15","275","271.15","275","4724"
"27/03/2012","270.5","270.5","270","270","1039"
"28/03/2012","263","263","261.45","261.45","1578"
"30/03/2012","257.1","263","257.1","261.05","81505"
"02/04/2012","261.05","261.1","261.05","261.1","22"
"03/04/2012","262","269.75","261.1","269.75","136"
"04/04/2012","262","262","262","262","12"
"05/04/2012","267","267","260.1","260.1","122"
"06/04/2012","261","269.75","255.2","260","1331"
"09/04/2012","268.95","268.95","268.95","268.95","1"
"10/04/2012","255.15","263","255","263","26"
"11/04/2012","252.5","267","252.5","255.05","1652"
"12/04/2012","264.45","264.45","264.45","264.45","10"
"13/04/2012","256","256","251","251","1127"
"16/04/2012","251","255","251","252","961"
"17/04/2012","260","260","260","260","30"
"18/04/2012","252.2","253","252.2","253","815"
"19/04/2012","252.1","252.1","251","252","90"
"20/04/2012","250","257.95","250","250","87"
"23/04/2012","254.95","254.95","254.95","254.95","5"
"24/04/2012","259.9","259.9","255","259","22"
"25/04/2012","251.15","251.15","251.15","251.15","2993"
"26/04/2012","250","250","250","250","312"
"27/04/2012","250","250","247","250","20326"
"30/04/2012","258","258","250","250","110"
"03/05/2012","250","250","242.1","250","41"
"04/05/2012","243.1","249.45","243","243","551"
"07/05/2012","242.15","249.45","241","249.45","375"
"08/05/2012","241.15","241.15","241.15","241.15","87"
"09/05/2012","248.95","248.95","242.05","245","72"
"10/05/2012","245","248.95","242.25","248.95","444"
"11/05/2012","243","243","242.15","242.35","155"
"14/05/2012","248","248","248","248","1"
"15/05/2012","242.15","244","240","240","1810"
"16/05/2012","240","245","238","238","437"
"17/05/2012","238","239","225","228","1855"
"18/05/2012","228.05","236","223","223","2034"
"21/05/2012","217","224.9","215","224.9","1365"
"22/05/2012","228","236","221","227.1","1933"
"23/05/2012","234","236","231","235","2131"
"24/05/2012","235","235","232","232","426"
"25/05/2012","235","240","220.1","220.1","1200"
"28/05/2012","227","231.9","223.1","231.9","390"
"29/05/2012","230","235","225","227","2468"
"30/05/2012","230.9","231","230.9","231","13"
"31/05/2012","227.5","231.5","227.5","231","225"
"01/06/2012","230","240","230","230","1750"
"04/06/2012","234.5","234.5","234.5","234.5","32"
"05/06/2012","230","232.9","226.5","232.9","1314"
"06/06/2012","225","231.9","225","231.9","2764"
"07/06/2012","232.75","232.75","227","232.75","104"
"08/06/2012","227","232.7","227","232","269"
"11/06/2012","231","232","229.2","229.2","1580"
"12/06/2012","230","231","228.7","229","418"
"13/06/2012","229.05","238","229.05","235","3753"
"14/06/2012","235","235","232","234","959"
"15/06/2012","234","234","233.95","234","251"
"19/06/2012","230","234","230","233.9","494"
"20/06/2012","233.85","233.9","229","229","540"
"21/06/2012","225.5","225.5","217","217.1","419"
"22/06/2012","217.5","229","217.5","229","232"
"25/06/2012","218","226","218","219","1087"
"26/06/2012","215","225.95","215","220","1105"
"27/06/2012","218","220","218","220","1214"
"28/06/2012","218","219","217","217","7640"
"29/06/2012","217.55","219","215.05","215.05","8600"
"02/07/2012","215.2","222","215.2","218","1237"
"03/07/2012","220","223","220","223","130"
"04/07/2012","217.15","218","211.1","211.1","1295"
"05/07/2012","211.15","216.95","211.15","216.95","306"
"06/07/2012","216.5","217","215.95","215.95","214"
"09/07/2012","212","212","211.15","211.15","518"
"10/07/2012","210","214","208","214","298"
"13/07/2012","210","214.5","208","208","1831"
"16/07/2012","208.05","215.95","208.05","215.95","183"
"18/07/2012","208","213","203.1","210","949"
"19/07/2012","210","210","205.1","205.1","499"
"20/07/2012","205.1","210","203.5","203.5","5372"
"24/07/2012","204.75","210","204.75","205","216"
"25/07/2012","205","210.5","192.7","197","2409"
"26/07/2012","197.1","205","197","205","495"
"27/07/2012","205","215","205","215","3227"
"31/07/2012","210.1","225","210","225","8470"
"01/08/2012","217.5","235.9","217.5","225","1116"
"02/08/2012","225.5","235","221.6","235","5175"
"03/08/2012","234.95","248","234.95","248","10137"
"06/08/2012","240","260","240","260","6057"
"07/08/2012","250.2","275","250.2","275","16876"
"08/08/2012","275","288.9","266.6","274.4","16470"
"09/08/2012","262","267","257.95","257.95","3754"
"10/08/2012","243","257","242.5","242.5","293"
"13/08/2012","235","244","235","244","51"
"15/08/2012","235.5","243.8","229.4","231.1","477"
"16/08/2012","232","241","221.2","241","420"
"17/08/2012","241","241","241","241","200"
"22/08/2012","226.55","239.9","226.55","238","5094"
"23/08/2012","225","239.7","225","239.7","102"
"24/08/2012","228","228","228","228","100"
"27/08/2012","232","238.8","232","238.8","31"
"28/08/2012","239.3","239.3","239.3","239.3","2"
"30/08/2012","230.1","238.6","230.1","238.6","101"
"31/08/2012","234","245","234","240","5815"
"03/09/2012","240","250","237","237","2392"
"05/09/2012","237","243.8","237","243.8","4"
"07/09/2012","241.7","247.4","241.05","241.05","3039"
"10/09/2012","245","246","244.9","246","893"
"11/09/2012","238","246","238","246","529"
"12/09/2012","246","247","246","247","125"
"13/09/2012","246","260","246","252.2","2134"
"14/09/2012","239.2","251.8","239.1","239.1","318"
"17/09/2012","239.1","239.1","238.2","238.2","1858"
"18/09/2012","237.1","237.15","235","235","761"
"19/09/2012","235.5","235.5","235","235","70"
"20/09/2012","232","232","231.6","231.6","160"
"21/09/2012","242","242","230","241.95","3106"
"24/09/2012","230","241","230","241","92"
"25/09/2012","240","240","240","240","14597"
"27/09/2012","230.1","232","230.1","232","152"
"28/09/2012","231.5","240","231","240","394"
"01/10/2012","233","233","233","233","560"
"02/10/2012","234.05","246.95","234.05","234.05","3354"
"03/10/2012","239","240","235","240","515"
"05/10/2012","233.1","233.15","233","233.1","1178"
"08/10/2012","233","239","233","239","101"
"10/10/2012","233","233","231.6","231.6","2425"
"11/10/2012","232","235.35","221.2","235.35","207"
"12/10/2012","226","233","225","225","148"
"15/10/2012","225","233","225","233","62"
"16/10/2012","225","231","221.2","223.1","325"
"17/10/2012","223.3","229","223.1","229","226"
"18/10/2012","220.05","220.05","216","216","95"
"19/10/2012","215.1","216","215.1","216","238"
"22/10/2012","227.8","227.8","215","215","416"
"23/10/2012","215.55","223.95","215.55","223.95","150"
"24/10/2012","223.85","227.65","223.85","227.6","310"
"25/10/2012","227.35","227.45","220.15","221.25","2323"
"29/10/2012","229.75","229.75","221.25","221.25","6"
"30/10/2012","221.3","221.3","216.1","216.1","351"
"31/10/2012","217.05","217.05","216.1","216.1","140"
"01/11/2012","210","216","210","216","911"
"02/11/2012","220","220","218.05","218.05","253"
"05/11/2012","221","228.5","221","228.5","2410"
"07/11/2012","228.95","238.8","227.3","238.8","5393"
"08/11/2012","238","245","231.05","237","1017"
"09/11/2012","229.1","229.1","229.1","229.1","964"
"12/11/2012","234","234","234","234","1"
"13/11/2012","230","230","230","230","70"
"14/11/2012","225.05","225.05","225.05","225.05","602"
"15/11/2012","225","225","220.5","220.5","3362"
"19/11/2012","227.8","227.8","221.2","221.2","1233"
"20/11/2012","227","227","221","221","5224"
"21/11/2012","220","222","220","221","36550"
"22/11/2012","220.1","220.1","216","220.05","126"
"23/11/2012","222","225","221","221","598"
"27/11/2012","221.05","221.05","221.05","221.05","1"
"28/11/2012","225","225","221","221","3503"
"29/11/2012","220.05","225.1","220","225.1","1673"
"30/11/2012","222.2","222.2","222.2","222.2","2910"
"03/12/2012","219.35","219.35","219.35","219.35","300"
"04/12/2012","220","220","219.5","219.5","300"
"05/12/2012","221","221","220.1","220.1","17"
"06/12/2012","220.1","225","220.1","225","125"
"07/12/2012","221.6","221.6","221.6","221.6","21"
"10/12/2012","227.8","227.8","227.75","227.75","51"
"11/12/2012","219.05","219.05","219.05","219.05","14"
"12/12/2012","220.05","220.05","220","220","760"
"13/12/2012","220.2","225","220.05","225","1294"
"14/12/2012","220.1","220.15","220.1","220.15","440"
"17/12/2012","220.15","220.3","220.15","220.3","271"
"18/12/2012","220.5","224.85","220.05","224.85","469"
"19/12/2012","218","218","218","218","10"
"20/12/2012","220","224.8","218","224.8","11051"
"21/12/2012","222.2","222.2","222.2","222.2","523"
"24/12/2012","218","218.1","218","218.1","46202"
"25/12/2012","218","218","217.6","218","1499"
"26/12/2012","220","220","215","217","7063"
"27/12/2012","217","226","206.1","226","14191"
"28/12/2012","215","234.5","215","234","76006"
"31/12/2012","234.4","234.4","220.65","230","20125"
"02/01/2013","221","221","217.3","217.3","253"
"03/01/2013","215.05","220","215","220","123"
"04/01/2013","210.05","220","209","209","2476"
"07/01/2013","209","218.95","207","207","2427"
"08/01/2013","214","214","212.45","212.45","123"
"09/01/2013","212.5","212.5","208.05","212","1051"
"10/01/2013","207.6","212","207","212","299"
"14/01/2013","205","210","200","210","1969"
"15/01/2013","201.5","202","201","201","1241"
"16/01/2013","200","200","188.95","189","2897"
"17/01/2013","180.25","199.9","180.2","197","327"
"18/01/2013","192","195","192","195","1400"
"21/01/2013","196","196","190.3","190.3","941"
"22/01/2013","190.4","190.4","190.4","190.4","30"
"23/01/2013","190.9","195","185","185","1943"
"28/01/2013","186","193.8","186","192","208"
"30/01/2013","190","193","190","193","4600"
"31/01/2013","190","194.45","190","193","5061"
"01/02/2013","190","196","190","196","150"
"04/02/2013","190.1","190.1","190","190","59"
"05/02/2013","191","191","188","191","402"
"06/02/2013","191","191","191","191","15"
"08/02/2013","185.2","190","185.2","186","2507"
"11/02/2013","190","190","190","190","50"
"12/02/2013","198","198","190","190","2305"
"13/02/2013","187.3","193","187.3","193","11202"
"14/02/2013","204","204.55","203","204.55","3445"
"15/02/2013","224.5","225","213","215.1","4223"
"18/02/2013","215","221.9","215","215","607"
"19/02/2013","213","221","205.2","218.5","965"
"20/02/2013","218","222.9","210.5","221","14666"
"21/02/2013","225","230","222","230","2892"
"22/02/2013","231.05","235","223.05","223.05","1706"
"25/02/2013","230","230","221.2","221.2","110"
"26/02/2013","220.2","225","220.2","225","1005"
"27/02/2013","223","224","221","221","502"
"28/02/2013","221","221.05","220","221.05","2705"
"01/03/2013","220.05","221","220","220","101"
"04/03/2013","224","224","224","224","10"
"05/03/2013","220","220","210.6","215.05","2746"
"06/03/2013","219.95","219.95","215","215","31"
"07/03/2013","219","219","218","218","152"
"08/03/2013","215","215","215","215","1"
"11/03/2013","214","215","214","215","522"
"12/03/2013","216.5","217","216.5","217","243"
"13/03/2013","215","222","215","222","50"
"14/03/2013","215.45","221.45","215.45","221.45","47"
"15/03/2013","216","216","216","216","49"
"18/03/2013","223","223","223","223","20"
"19/03/2013","217","222","217","222","180"
"20/03/2013","227","227","226","226.9","7720"
"21/03/2013","220","226.4","216.15","220","1456"
"22/03/2013","220","226","216.15","226","13455"
"25/03/2013","217.3","226.5","217.3","226.5","28243"
"27/03/2013","217.75","226","217.75","226","4"
"28/03/2013","218.35","220","217.2","218.1","40651"
"29/03/2013","220","223","217","223","15602"
"01/04/2013","217.25","217.3","217.1","217.1","148"
"02/04/2013","217.1","227","217.1","217.55","1490"
"03/04/2013","217.7","218","217.7","218","179"
"04/04/2013","223","223","223","223","2"
"05/04/2013","218.1","218.15","218.1","218.15","285"
"08/04/2013","218.3","224","218.15","218.15","366"
"09/04/2013","218.15","218.25","218.1","218.2","385"
"10/04/2013","223.5","231.25","220.15","220.15","4777"
"11/04/2013","223","223","222.1","222.1","814"
"12/04/2013","228","228","222","227","335"
"16/04/2013","222.5","230","222.5","230","1055"
"17/04/2013","229","230","229","230","650"
"18/04/2013","230","233","230","233","301"
"19/04/2013","228","230.1","225.7","230.1","2404"
"22/04/2013","230","230","227.5","227.5","380"
"23/04/2013","227.5","227.5","227","227","900"
"24/04/2013","227","227","225","225","150"
"25/04/2013","225.1","229.95","225.1","229.95","2486"
"26/04/2013","230","233.2","230","232.8","891"
"29/04/2013","230","232","224.55","224.6","1272"
"30/04/2013","225","229.95","224.5","229.95","334"
"03/05/2013","231.95","232.5","231","231","2552"
"07/05/2013","228.1","230","228.1","230","332"
"08/05/2013","230","230","230","230","55"
"09/05/2013","230","230.95","225.35","225.35","1321"
"10/05/2013","230","233.95","230","233.95","850"
"14/05/2013","228.4","228.4","228.4","228.4","55"
"15/05/2013","230","230","230","230","501"
"16/05/2013","227.2","233.9","227.2","233.9","380"
"17/05/2013","233","233.9","224.5","224.5","2781"
"20/05/2013","231.8","231.8","231","231.8","1558"
"22/05/2013","231.8","233.5","228.15","231.8","248"
"23/05/2013","233.85","235","231","231","3173"
"24/05/2013","231","237.5","230","237.5","4989"
"27/05/2013","238","244.5","238","240","4268"
"28/05/2013","237","237","232.5","235","135446"
"29/05/2013","233.05","233.05","231","232","85805"
"30/05/2013","232","238","232","232.25","1831"
"31/05/2013","232.05","239","232.05","239","3105"
"03/06/2013","240","240","240","240","5"
"04/06/2013","232.55","239.95","232.55","239.95","399"
"05/06/2013","235","237.9","232.75","237.9","319"
"07/06/2013","234.05","234.05","234.05","234.05","49"
"10/06/2013","234","234","233.1","233.1","1527"
"11/06/2013","232.5","233","232.1","233","1472"
"12/06/2013","233","238","232.15","235","18970"
"13/06/2013","234.1","234.1","234.1","234.1","450"
"14/06/2013","234","235","232.5","232.5","351"
"17/06/2013","232.1","235","232.1","234","2872"
"18/06/2013","233.5","235.05","233.5","235.05","1280"
"19/06/2013","232.6","237","232.6","235","2512"
"20/06/2013","232","232","216.1","228","1800"
"21/06/2013","228","228","218.25","228","23"
"24/06/2013","219","225.9","219","225","30567"
"25/06/2013","222","222","219","220","778"
"26/06/2013","223","225","223","225","35"
"27/06/2013","225","225","225","225","1205"
"28/06/2013","224","224","220.05","220.05","46"
"01/07/2013","220","225","220","225","122"
"04/07/2013","217.5","224","217.15","224","672"
"05/07/2013","220","220","218.5","219.5","397"
"08/07/2013","218.5","223","218.5","223","924"
"09/07/2013","225","227","225","227","5041"
"12/07/2013","220.3","230","220.3","230","3020"
"15/07/2013","230","230","230","230","31"
"16/07/2013","230","230","230","230","8"
"17/07/2013","229","235","228","235","698"
"19/07/2013","228.5","234.9","228.05","234.9","1076"
"26/07/2013","227.3","238.9","227.3","238.9","3508"
"29/07/2013","238","238","233.1","237","213"
"31/07/2013","230","230","230","230","815"
"01/08/2013","228.6","228.65","228.6","228.65","418"
"02/08/2013","230.1","230.1","230.1","230.1","10"
"05/08/2013","230.1","233.95","230","233.95","22"
"06/08/2013","230.1","230.1","230.1","230.1","23"
"07/08/2013","233.8","233.8","233","233","297"
"08/08/2013","228.6","228.6","228.6","228.6","111"
"12/08/2013","231","233","231","231","52"
"15/08/2013","232","234.9","232","234.9","49"
"16/08/2013","230","235","230","235","1880"
"19/08/2013","228.55","228.55","228.55","228.55","110"
"22/08/2013","228.55","240","228.55","240","110"
"23/08/2013","230","235","230","230","228"
"26/08/2013","235","235","235","235","1"
"27/08/2013","235","235","230","230","525"
"28/08/2013","229","239","229","239","35"
"29/08/2013","238.9","245","238.25","240.1","12413"
"30/08/2013","240.1","240.1","240.1","240.1","13"
"02/09/2013","235","239","235","235","715"
"03/09/2013","239.4","240","236","236","1864"
"04/09/2013","236","243","236","243","3309"
"05/09/2013","244","248.4","244","248.4","1517"
"06/09/2013","240.25","247.9","240.25","247.9","2"
"09/09/2013","237.1","237.1","237.1","237.1","10"
"10/09/2013","240","240","240","240","200"
"11/09/2013","240","246","240","246","374"
"12/09/2013","240.05","240.05","240","240","180"
"13/09/2013","248","254.4","248","250","2731"
"16/09/2013","246","255","246","255","33"
"19/09/2013","240.45","249.5","240","249.5","9006"
"20/09/2013","243","243","243","243","435"
"23/09/2013","240.15","245","240.15","245","145"
"24/09/2013","245","245","245","245","80"
"25/09/2013","246","246","241.1","241.1","14443"
"26/09/2013","242","250","242","250","849"
"27/09/2013","250","263","250","262","5941"
"30/09/2013","260.5","261","259","259","1669"
"02/10/2013","262.5","265","256.2","265","12329"
"03/10/2013","268.9","276","268.9","275.05","25551"
"04/10/2013","280","288","276","284.5","1616"
"07/10/2013","287","287","271.9","273","1329"
"08/10/2013","279.75","285","276","285","7142"
"09/10/2013","288","290","282","285","582"
"11/10/2013","285","285","285","285","5"
"15/10/2013","275.5","280","275.5","276","1117"
"21/10/2013","280.4","280.4","273","273","420"
"22/10/2013","284","284","276","283","3114"
"23/10/2013","283","290","280.5","288.8","4600"
"24/10/2013","289.95","290","283.15","285","8392"
"25/10/2013","280","289","276","289","3760"
"28/10/2013","277.5","295","277.5","290","1484"
"29/10/2013","289","292.5","282","289","5978"
"30/10/2013","289","289","273.5","280","1250"
"31/10/2013","278","284","278","284","706"
"01/11/2013","285","285","281.55","281.55","4315"
"04/11/2013","282","282","280.05","280.05","1190"
"07/11/2013","280.5","280.5","280","280","866"
"08/11/2013","270.5","280","270.5","280","276"
"12/11/2013","275","280","275","280","98"
"13/11/2013","275.2","275.2","275","275","366"
"14/11/2013","275","275","271.1","271.1","214"
"15/11/2013","271.1","279.9","270","270","3435"
"19/11/2013","275","275","275","275","104"
"20/11/2013","273","280","271.2","280","867"
"21/11/2013","272.2","282","272.2","272.2","23"
"22/11/2013","282","282","279.9","280","42974"
"25/11/2013","280","280","280","280","3500"
"26/11/2013","268.7","279","268.7","270.45","263"
"27/11/2013","278.95","281","278.95","281","101"
"28/11/2013","271.5","280","271.5","280","3600"
"29/11/2013","279","281","275","275","648"
"02/12/2013","279","280","279","280","1893"
"03/12/2013","280","280","279","280","30430"
"04/12/2013","273.3","280","271","280","1864"
"05/12/2013","280","280","276.5","280","1633"
"06/12/2013","273.1","280","273.1","280","1096"
"09/12/2013","280","280","265","279","149"
"10/12/2013","273","273.1","272","273","869"
"11/12/2013","275","275","275","275","3"
"12/12/2013","275","279","274","274","551"
"13/12/2013","273.5","273.5","270","270","6619"
"16/12/2013","270.05","270.05","270.05","270.05","5"
"17/12/2013","269","277.9","269","277.9","8498"
"18/12/2013","270","271.2","270","271.2","2033"
"19/12/2013","270.4","270.4","270.4","270.4","154"
"20/12/2013","270.65","270.65","270.65","270.65","1803"
"23/12/2013","270.65","270.65","270.65","270.65","177"
"24/12/2013","270.75","270.9","268.55","270.9","1420"
"25/12/2013","271","271","271","271","600"
"26/12/2013","275","275","275","275","30"
"27/12/2013","275","275","263","263","3799"
"30/12/2013","263","268.95","247.25","268.95","355"
"31/12/2013","265","272","260","260","290"
"02/01/2014","268.4","268.4","268.4","268.4","4"
"03/01/2014","262","262","262","262","37"
"06/01/2014","262","267.95","256.05","267.95","9"
"07/01/2014","256.2","267.85","256.2","267.85","1105"
"08/01/2014","256.8","266.95","256.8","257.15","76"
"09/01/2014","266.85","266.85","266.85","266.85","5"
"10/01/2014","257.45","257.45","257.45","257.45","440"
"13/01/2014","257.45","257.45","257.45","257.45","17"
"16/01/2014","257.5","262","257.35","262","110"
"17/01/2014","260","260","260","260","171"
"20/01/2014","256.1","262","256.1","256.5","355"
"21/01/2014","257.25","261.95","257.25","261.95","10002"
"22/01/2014","261.95","262","257.35","257.35","58"
"24/01/2014","265.8","265.8","265.8","265.8","3"
"27/01/2014","261","265","260","260","105"
"28/01/2014","260","265","257.5","265","415"
"29/01/2014","261","266.5","261","266","699"
"30/01/2014","268","274","266","270","1231"
"31/01/2014","268","269","268","269","2150"
"03/02/2014","263.2","269","263.2","269","11"
"04/02/2014","269","275","269","275","268"
"05/02/2014","268.3","273","268.3","270","305"
"06/02/2014","264","272.5","261","262.7","410"
"07/02/2014","262.5","272.45","262.5","272.45","105"
"10/02/2014","260","264","260","261.2","520"
"11/02/2014","261.2","261.2","261.2","261.2","100"
"12/02/2014","261.6","261.6","261.55","261.6","75"
"13/02/2014","262.1","269.8","262.1","263","133"
"14/02/2014","267","268","267","268","454"
"17/02/2014","265","269.8","263.1","263.1","61"
"18/02/2014","265","265","263","263","2514"
"19/02/2014","269","269","269","269","12"
"21/02/2014","263","269","263","269","80"
"25/02/2014","268","268","265","265","318"
"26/02/2014","265","268","265","268","312"
"27/02/2014","270","284.05","270","284.05","15470"
"28/02/2014","276.6","295","276.6","291","25402"
"03/03/2014","290","293.9","280","285","2472"
"04/03/2014","280.1","284.95","280.1","284.95","101"
"05/03/2014","283.9","290","283.9","288","15632"
"06/03/2014","288","294","284.1","285","2922"
"07/03/2014","289.9","289.9","285","285.65","22979"
"10/03/2014","288","288","288","288","48"
"11/03/2014","285.1","292.4","285.1","290","20205"
"12/03/2014","285.2","289.85","285.2","289.85","70"
"13/03/2014","286.2","290","286.2","290","10247"
"14/03/2014","285.4","291.75","285.4","291.75","68"
"19/03/2014","286","289.9","285.2","289.9","925"
"20/03/2014","285.25","289.8","285","285","523"
"21/03/2014","285.2","287","285","286.95","2833"
"24/03/2014","287","289","285.1","289","308"
"25/03/2014","285.1","289","285.1","285.2","509"
"26/03/2014","289.85","289.85","289.85","289.85","10"
"27/03/2014","288.95","288.95","285.5","285.5","125"
"28/03/2014","285.55","290.05","285.5","290.05","52680"
"31/03/2014","290.05","305","290.05","293.3","8520"
"01/04/2014","293","299.8","290.1","290.1","1045"
"02/04/2014","290.1","292","290.1","292","362"
"03/04/2014","293","297.9","293","294.5","334"
"04/04/2014","294.5","294.5","294.5","294.5","1932"
"07/04/2014","292","292","290","290","567"
"08/04/2014","290","292.5","290","292.5","205"
"09/04/2014","292.5","292.5","292","292","1561"
"10/04/2014","292","292","292","292","110"
"11/04/2014","292","292","292","292","11"
"14/04/2014","291","291","291","291","2053"
"15/04/2014","290.1","294","287.05","291","11424"
"16/04/2014","290","290","290","290","281"
"17/04/2014","291","291","291","291","1280"
"18/04/2014","290.05","290.05","289.2","289.2","650"
"21/04/2014","292","292","292","292","5"
"22/04/2014","290","291","289","291","654"
"23/04/2014","291","291","291","291","520"
"24/04/2014","292","292","292","292","64"
"28/04/2014","289","292","275.2","288","430"
"29/04/2014","291.9","291.9","283","291.85","24"
"02/05/2014","285.25","291.85","285","285","61"
"05/05/2014","283.6","291","283.6","284","341"
"07/05/2014","283.7","289.9","283.7","289.9","130"
"08/05/2014","284.05","289.95","283","289.95","1058"
"09/05/2014","289.9","294","289.9","293.95","80770"
"12/05/2014","285.15","293.8","285.15","285.15","171"
"13/05/2014","285.1","293.25","285.05","293.25","101"
"14/05/2014","291.5","291.5","287.1","287.1","1174"
"15/05/2014","287.5","292","287.5","292","317"
"16/05/2014","287.5","291.95","287.5","291.95","364"
"20/05/2014","286","290","286","290","1442"
"21/05/2014","291","291.95","287.15","291.95","1038"
"22/05/2014","291.45","295","291.45","294.9","2068"
"23/05/2014","291.15","294.75","290.2","294.75","905"
"26/05/2014","294.75","298.75","294.75","295","1412"
"27/05/2014","280.3","294.95","280.3","286","3002"
"28/05/2014","294","294","285.1","292.8","1692"
"29/05/2014","287.1","287.1","287.1","287.1","25"
"30/05/2014","286","291.9","286","291.9","197"
"03/06/2014","286.3","286.3","286","286","2532"
"06/06/2014","287.9","292","281","292","1960"
"10/06/2014","290","290","290","290","3083"
"11/06/2014","291.9","294","291.9","293.3","2573"
"12/06/2014","285.5","290","285.5","287.1","465"
"13/06/2014","293.25","297","293.25","295","3454"
"16/06/2014","296.75","296.75","294","294","79"
"18/06/2014","287.15","291","287.1","291","158"
"19/06/2014","293","293","293","293","20"
"20/06/2014","288.2","289","288","288","217"
"23/06/2014","287","288","286","288","268"
"24/06/2014","294","294","288","288.5","2503"
"25/06/2014","265","282","265","282","23"
"26/06/2014","282","283","275","275","76"
"27/06/2014","275.05","280","263","280","924"
"30/06/2014","266.5","281.8","264","275","589"
"01/07/2014","270","282.5","266.35","274","7334"
"02/07/2014","266.7","266.9","266.7","266.9","315"
"03/07/2014","266.9","273.9","266.9","273.9","125"
"07/07/2014","270","271","268","270","456"
"08/07/2014","268","273.9","268","268","274"
"09/07/2014","268","273.9","266.95","273.9","604"
"10/07/2014","269","269","267.3","267.3","115"
"11/07/2014","273.7","273.7","267.3","270","130"
"15/07/2014","273.8","273.8","273.8","273.8","290"
"16/07/2014","269","275","269","275","10159"
"17/07/2014","274","277","273","277","5810"
"18/07/2014","278","278","278","278","178"
"21/07/2014","271.15","291","271.15","291","1905"
"22/07/2014","281","286","281","286","65"
"23/07/2014","290.5","293","287.5","290","2367"
"24/07/2014","292","292","285","290","1105"
"25/07/2014","282.7","282.7","282.55","282.55","40"
"31/07/2014","291","291","282","289.75","65"
"01/08/2014","282.15","288.9","282.15","283","57"
"04/08/2014","283","290.9","283","290.9","80"
"05/08/2014","283","284","280.1","280.1","338"
"06/08/2014","280.6","280.6","280.3","280.3","342"
"07/08/2014","291","291","290","291","1215"
"08/08/2014","285.05","286","285.05","286","192"
"11/08/2014","290","291","290","291","505"
"12/08/2014","291","291","286","291","530"
"15/08/2014","290.95","291","290.95","291","202"
"19/08/2014","290.85","293","290.85","292.7","10449"
"22/08/2014","286.1","292.8","286.1","292.75","549"
"25/08/2014","286.65","292.5","286.65","292.5","55"
"26/08/2014","290.5","291.1","290.5","291","1797"
"27/08/2014","290.25","293.85","290.25","293.85","734"
"28/08/2014","293.9","304.9","293.9","304.9","1228"
"29/08/2014","299","307.95","299","301.05","10187"
"01/09/2014","303","304.4","301","301","1238"
"02/09/2014","301","304","301","304","2024"
"03/09/2014","304","314","304","310","2676"
"04/09/2014","305.6","313.75","305.6","313.75","367"
"05/09/2014","311","314","308.1","314","532"
"08/09/2014","314.9","325","314.9","320","2273"
"09/09/2014","324","325","324","325","1649"
"10/09/2014","329.9","344.5","327","340.5","35873"
"11/09/2014","345","345","325","325","7923"
"12/09/2014","325","329","318","325","5548"
"15/09/2014","326.05","334","326.05","334","2"
"16/09/2014","327.1","332.95","327.1","332.95","114"
"17/09/2014","334","339.9","334","334","1200"
"18/09/2014","333.95","334","330","330","352"
"19/09/2014","327","338","327","338","3165"
"23/09/2014","340","341","339.65","341","4592"
"24/09/2014","341.2","341.2","331.2","339","1462"
"25/09/2014","332.15","340","332.1","339.8","225"
"26/09/2014","332.5","340","330","340","1585"
"29/09/2014","340","340","339","339","1160"
"30/09/2014","339","339.95","339","339","160"
"01/10/2014","335.1","340","335.1","340","587"
"02/10/2014","340","343","339.2","339.2","120"
"03/10/2014","340","350","340","350","52310"
"07/10/2014","341.65","350","341.65","350","91"
"08/10/2014","349.95","349.95","349.5","349.5","205"
"09/10/2014","345","355","343","350.25","42915"
"10/10/2014","353.5","363","352.25","360","15293"
"13/10/2014","360.5","365","360","360.05","33008"
"14/10/2014","360","365","360","365","7030"
"15/10/2014","362","368.95","362","366","1219"
"16/10/2014","366","366","365","365","163"
"17/10/2014","365","365","365","365","3316"
"20/10/2014","368","368","352.6","363.9","750"
"21/10/2014","355.3","363.85","355","361.1","15686"
"22/10/2014","360","360","357","360","1005"
"23/10/2014","360.05","366","360.05","360.05","2483"
"24/10/2014","361","365","361","362","31693"
"27/10/2014","360.3","366","360","364","380"
"28/10/2014","360","364","360","360","4149"
"29/10/2014","363.95","363.95","358.05","363","2064"
"30/10/2014","362","362","361","361.05","3889"
"31/10/2014","362","362","361","361","340"
"03/11/2014","358.2","358.2","358","358","272"
"04/11/2014","357","357.05","355","355","2013"
"05/11/2014","352","359","351.5","359","1163"
"07/11/2014","351.1","359.7","351.1","352.2","1091"
"10/11/2014","351.1","358.5","350","350","630"
"11/11/2014","348","351","348","350","625"
"12/11/2014","336.2","349","336.2","345","425"
"13/11/2014","346","347.45","342","347.45","1030"
"14/11/2014","338.1","347","338.1","340","1345"
"17/11/2014","345","345","345","345","10"
"19/11/2014","338.15","345","338.1","345","15"
"20/11/2014","337.5","344.95","337.3","344.95","125"
"21/11/2014","338.05","345","338.05","345","1064"
"24/11/2014","337","345","337","340","726"
"25/11/2014","340","340.05","340","340","288"
"26/11/2014","340","344","340","344","1921"
"27/11/2014","340.05","345","340","345","2943"
"28/11/2014","331.6","345","331.6","340","2642"
"01/12/2014","341.95","345","321.1","340","125"
"02/12/2014","330","340","324.15","340","1688"
"04/12/2014","340","340","340","340","4000"
"05/12/2014","335","338.5","330","338.5","2985"
"09/12/2014","335","335","335","335","305"
"10/12/2014","335","335","314.9","334.5","7362"
"12/12/2014","316","329.9","315.1","328","390"
"17/12/2014","325","328","325","328","9"
"18/12/2014","328","328","328","328","518"
"19/12/2014","321.2","323.2","321.05","323.2","1006"
"22/12/2014","321.05","324","315","315","2835"
"23/12/2014","319.5","327.6","315","315","16"
"24/12/2014","303.1","325.9","303.1","325.9","410"
"25/12/2014","312","326.9","312","326.9","6"
"26/12/2014","313.1","326.5","313","320","4037"
"29/12/2014","326.9","327.8","326.9","327.8","5"
"30/12/2014","315","325","315","317","213"
"31/12/2014","331.95","332","314.05","315","16004"
"02/01/2015","320","329.5","317.05","329.5","25"
"06/01/2015","317.25","317.25","317","317","144"
"07/01/2015","317","330","317","330","517"
"08/01/2015","328.9","330","328.9","330","2490"
"09/01/2015","325","345","325","342","34546"
"12/01/2015","342","345","342","345","1580"
"13/01/2015","349","360","346","360","8404"
"14/01/2015","360","365","354","365","24457"
"15/01/2015","365","370","354.2","369","6992"
"16/01/2015","360.5","365","359","359","18003"
"19/01/2015","355","355","352","354","1769"
"20/01/2015","352.05","353","350","353","17067"
"21/01/2015","357","361.9","334.05","360","489"
"22/01/2015","345","359.8","345","359.8","3001"
"23/01/2015","341.15","357.75","341.15","349","9607"
"26/01/2015","352.5","352.5","352.5","352.5","12"
"28/01/2015","342","350","342","349","15988"
"30/01/2015","340","349","340","349","3895"
"02/02/2015","351.9","351.9","351.9","351.9","10"
"03/02/2015","342.1","350","338","347.9","395"
"04/02/2015","348","349.5","348","349.3","460"
"05/02/2015","351.85","351.85","351.85","351.85","10"
"06/02/2015","350","350","349.9","349.9","400"
"09/02/2015","342","345","336.15","345","2720"
"10/02/2015","349.75","349.75","342.5","342.5","4566"
"11/02/2015","348","350.05","348","350","21688"
"12/02/2015","349.95","349.95","340.3","343.65","605"
"13/02/2015","349.7","349.7","345","345","4205"
"16/02/2015","342.55","345","340.75","345","141"
"18/02/2015","341","344.9","340.1","344.9","7598"
"19/02/2015","345","351.9","345","350","21732"
"20/02/2015","345.15","354","345.15","354","2603"
"23/02/2015","353.9","353.9","345.1","347","1359"
"24/02/2015","353.9","353.9","343","344","1555"
"25/02/2015","343","346","342","346","268"
"26/02/2015","349.95","349.95","342","342","304"
"27/02/2015","341.1","350","341","350","806"
"02/03/2015","342.05","345","342.05","345","35"
"03/03/2015","345","347.5","345","345","2305"
"04/03/2015","347.5","347.5","347.5","347.5","3000"
"05/03/2015","349.9","350.9","346.05","350","18152"
"06/03/2015","350.9","350.9","347.5","350.05","447"
"09/03/2015","350","350.9","350","350.05","7255"
"10/03/2015","350.05","350.1","350.05","350.05","2950"
"11/03/2015","350.1","353","350.05","353","653"
"12/03/2015","350.05","372","350.05","369.95","16217"
"13/03/2015","348.2","355","342","342.05","23947"
"16/03/2015","346","346","346","346","91"
"17/03/2015","348.95","348.95","339.35","339.45","1515"
"18/03/2015","340.35","340.35","339.15","339.15","5615"
"19/03/2015","340.15","341","340.1","340.1","2506"
"20/03/2015","340","343.95","339.15","343.95","2663"
"23/03/2015","340.2","347","336.5","347","25"
"25/03/2015","336.6","347","336","347","9224"
"26/03/2015","345","345","339","339","13800"
"27/03/2015","346.85","347","345","347","1838"
"31/03/2015","340.2","340.2","340.1","340.1","80"
"01/04/2015","347","347","340.1","340.1","181"
"03/04/2015","334.2","334.2","332.2","332.2","272"
"06/04/2015","332","334","332","334","510"
"07/04/2015","332","332.1","332","332.1","182"
"10/04/2015","332","332","332","332","32"
"13/04/2015","334.95","334.95","334.95","334.95","30"
"14/04/2015","332","335","332","334.95","504"
"15/04/2015","332.2","340","332.2","340","41"
"17/04/2015","338","338","338","338","32"
"21/04/2015","333.7","333.7","333.5","333.5","775"
"22/04/2015","333.5","338","332.5","332.5","446"
"23/04/2015","333","335","332.2","332.2","2453"
"24/04/2015","335","335","335","335","100"
"28/04/2015","330","330","330","330","600"
"29/04/2015","333","333","333","333","2"
"30/04/2015","333","333","326.25","326.25","41"
"05/05/2015","327.5","334","327.5","334","7"
"06/05/2015","314.1","314.1","314.1","314.1","213"
"07/05/2015","330","330","313.2","313.5","516"
"08/05/2015","314","330","314","330","311"
"12/05/2015","320","320","320","320","194"
"13/05/2015","320","320","313.3","313.3","50"
"14/05/2015","329.5","329.5","329.5","329.5","50"
"15/05/2015","316","329.5","316","329.5","32"
"18/05/2015","316.5","325","315.3","315.5","1980"
"19/05/2015","316.4","327","316.3","327","63"
"20/05/2015","317.3","324.5","317.3","324.5","86"
"21/05/2015","316.5","316.5","315.5","315.5","1053"
"22/05/2015","316.05","324.9","316","318.05","733"
"28/05/2015","320","320","320","320","110"
"29/05/2015","315.05","315.05","315.05","315.05","700"
"01/06/2015","315","315","314.2","314.2","238"
"02/06/2015","317","318","317","318","1630"
"03/06/2015","313.25","313.3","311.2","311.2","217"
"04/06/2015","318","318","318","318","2000"
"05/06/2015","318","320.95","318","320.95","3020"
"08/06/2015","311","322","311","320.95","1688"
"09/06/2015","315","315","315","315","1020"
"10/06/2015","311.2","311.2","311.2","311.2","90"
"16/06/2015","311.25","312","310","310.1","1313"
"17/06/2015","310.1","310.1","310","310","40"
"18/06/2015","312","312","310.5","310.5","2097"
"19/06/2015","310.7","319.8","310.6","319.8","1783"
"22/06/2015","311","311.05","311","311.05","30"
"23/06/2015","312","312","311","311","2060"
"24/06/2015","311","311","311","311","30"
"25/06/2015","314","314","311","311","2453"
"26/06/2015","300.55","312.6","300.55","312.5","1123"
"29/06/2015","312","314","312","314","1653"
"30/06/2015","314","316","313","316","1830"
"01/07/2015","313","313","313","313","274"
"02/07/2015","313","315.85","313","313","68"
"03/07/2015","313","313","313","313","38"
"06/07/2015","314.8","315","314.8","315","220"
"07/07/2015","313","314","305.5","305.5","1350"
"08/07/2015","315","315","315","315","201"
"09/07/2015","310","315","307.05","314.95","1270"
"10/07/2015","310","310","310","310","296"
"13/07/2015","310","310","305.5","310","1704"
"14/07/2015","310","310","306.05","309.95","3826"
"15/07/2015","310","310","305.35","310","9910"
"16/07/2015","311","311","310.25","311","1821"
"20/07/2015","311","313","310","313","1261"
"21/07/2015","310","312","310","312","52"
"22/07/2015","314.7","314.7","310.5","310.5","230"
"23/07/2015","311","312.4","311","312.4","107"
"24/07/2015","312.5","312.5","312","312","2954"
"28/07/2015","311.15","311.15","311.1","311.1","135"
"29/07/2015","311.1","311.1","306","307","137"
"31/07/2015","311","311","311","311","1"
"03/08/2015","311","311","311","311","1942"
"04/08/2015","312","314","312","314","6259"
"05/08/2015","314","315","312.05","315","4579"
"06/08/2015","312.15","313","312","312","3368"
"07/08/2015","313","313.1","311.25","313.1","6573"
"10/08/2015","315","315","315","315","60"
"11/08/2015","313","313.8","313","313.8","3953"
"12/08/2015","313","313","313","313","7"
"13/08/2015","314","314","311","311","302"
"17/08/2015","311.2","311.2","311.2","311.2","57"
"18/08/2015","311.3","311.3","311.3","311.3","20"
"19/08/2015","313","315.9","313","315.9","369"
"25/08/2015","313","313","312.1","312.1","74"
"26/08/2015","312","313","308","313","2391"
"27/08/2015","310","310","307.1","307.1","1002"
"28/08/2015","308","314","308","314","147"
"01/09/2015","301.1","312.95","301.1","304","471"
"02/09/2015","304","304","304","304","25"
"03/09/2015","306","306","305","305","130"
"04/09/2015","305","310","302.3","310","508"
"07/09/2015","293.65","304.95","293.65","296.25","1253"
"08/09/2015","304","304","295.2","295.2","50"
"09/09/2015","294","302","294","302","388"
"10/09/2015","302","302","302","302","2"
"11/09/2015","295.5","305","295.5","305","1101"
"14/09/2015","300","300","300","300","502"
"15/09/2015","296.2","296.2","296.2","296.2","59"
"16/09/2015","296.3","300","296.3","300","420"
"17/09/2015","296.3","300","296.3","300","1010"
"18/09/2015","296","299","282","299","841"
"22/09/2015","285","285.3","285","285.3","60"
"23/09/2015","299","299","299","299","1"
"29/09/2015","286.05","286.05","285","285","81"
"02/10/2015","290","290","290","290","100"
"08/10/2015","281.65","281.65","275","275","81"
"09/10/2015","283.5","290","276","288","792"
"12/10/2015","288","288","271","280","303"
"13/10/2015","275","275","275","275","132"
"14/10/2015","275","279","273","278","624"
"16/10/2015","272","278","272","278","1072"
"19/10/2015","272.3","275","262.2","275","985"
"20/10/2015","274.9","275","274.9","275","597"
"21/10/2015","272","272","272","272","88"
"23/10/2015","272","288","272","288","200"
"27/10/2015","288","288","288","288","3000"
"28/10/2015","275.5","280","275.5","280","2545"
"29/10/2015","280","280","277.1","277.1","280"
"30/10/2015","293.7","293.7","293.7","293.7","532"
"02/11/2015","278","278","276.5","276.6","950"
"03/11/2015","278","278","278","278","20"
"04/11/2015","278.15","278.15","278.1","278.1","2310"
"05/11/2015","277","277.1","277","277","2402"
"09/11/2015","280","286","280","286","2162"
"10/11/2015","277.1","277.1","276.5","276.5","422"
"11/11/2015","277.05","281","277","277","4154"
"12/11/2015","276.4","276.4","275","276","2045"
"13/11/2015","275","275","275","275","20"
"16/11/2015","273","273","272","272","10706"
"17/11/2015","272","272","272","272","20"
"20/11/2015","270","275","270","275","180"
"23/11/2015","270","270","270","270","60"
"24/11/2015","274.9","274.9","274.9","274.9","10"
"25/11/2015","271","271","270","270","170"
"26/11/2015","268.6","268.6","268.6","268.6","12"
"27/11/2015","272","273","269","269","37106"
"30/11/2015","266.6","275","266.6","275","6201"
"01/12/2015","270","291.5","270","291.5","13247"
"02/12/2015","291.5","308","276","276","549079"
"03/12/2015","277.5","292.55","277","292.55","270"
"04/12/2015","294","294","294","294","300"
"10/12/2015","288.9","289","276.5","289","895"
"11/12/2015","277","286.4","271.7","280","3703"
"15/12/2015","270","270","270","270","300"
"16/12/2015","265","279","265","279","1698"
"17/12/2015","266.05","278.9","266","278.9","3046"
"18/12/2015","267","278.85","266.55","278.85","1090"
"22/12/2015","270","275","267.9","275","39121"
"23/12/2015","280","280","280","280","4000"
"28/12/2015","271.2","271.2","270","270","1623"
"29/12/2015","253.8","270","253.8","268.5","10237"
"30/12/2015","268.5","278","265","278","25301"
"31/12/2015","274","274","261.35","261.35","9631"
"04/01/2016","261.5","261.5","261.5","261.5","157"
"06/01/2016","262.35","262.35","262.35","262.35","8"
"07/01/2016","262.45","262.45","262","262","1444"
"08/01/2016","260","260","256.2","256.2","192"
"12/01/2016","256.25","256.25","255","255","287"
"13/01/2016","255","255.1","252.4","252.4","182"
"15/01/2016","255.1","255.1","252","252.1","7209"
"18/01/2016","253","253","252","252","562"
"19/01/2016","253","253","252.05","252.05","1369"
"20/01/2016","252.2","253","252","252","3110"
"21/01/2016","252","252.05","247.2","247.2","3360"
"22/01/2016","250","252","250","251.95","179"
"25/01/2016","251.5","251.5","248.2","250","550"
"26/01/2016","250","250","250","250","4001"
"27/01/2016","250","250","247.2","247.2","254"
"29/01/2016","243.2","243.2","243.1","243.1","51"
"01/02/2016","241","245","228.55","244.8","10955"
"02/02/2016","231","240","231","237","2177"
"03/02/2016","235.25","235.25","223.2","223.2","2445"
"04/02/2016","225","225","225","233.5","100"
"05/02/2016","235","240","235","240","14860"
"08/02/2016","227.1","235","227.1","230","6326"
"09/02/2016","230.05","235","230","235","13080"
"10/02/2016","236","245","236","245","4538"
"11/02/2016","245","246","240.05","246","6160"
"12/02/2016","255","260.75","246.5","260.75","992"
"16/02/2016","249","258.8","249","250.2","1280"
"17/02/2016","257","263","250.05","263","15115"
"18/02/2016","250.25","259.8","250.25","259.8","10"
"19/02/2016","252","252","252","252","508"
"23/02/2016","258.9","258.9","251.05","258","14941"
"24/02/2016","251.35","257.9","251.3","255","523"
"25/02/2016","255","256","255","255","5423"
"26/02/2016","252","259","252","259","6904"
"29/02/2016","252","252","252","252","6000"
"01/03/2016","252","252","251.7","251.7","344"
"02/03/2016","254","255","254","255","6166"
"03/03/2016","252","252","252","252","32"
"04/03/2016","259","259","259","259","100"
"07/03/2016","253","254","253","254","1723"
"08/03/2016","254","257","254","254","5083"
"09/03/2016","254","254","254","254","44"
"10/03/2016","253.55","253.55","253.5","253.5","80"
"11/03/2016","260","270","260","267","64853"
"14/03/2016","265.15","267","260","260","456"
"15/03/2016","256.3","265.9","252","260","300"
"16/03/2016","256","264","256","263.9","345"
"17/03/2016","257","258","257","258","950"
"18/03/2016","256.6","270","256.5","268.9","201700"
"21/03/2016","268","274","264","274","2230"
"22/03/2016","273.95","273.95","270","270","2288"
"23/03/2016","269","272.5","267.2","267.5","19222"
"24/03/2016","269.8","270","267","270","2101"
"25/03/2016","270","280","269.95","280","32809"
"28/03/2016","277.95","280","266.3","266.6","231829"
"29/03/2016","276","276","268","270","8071"
"30/03/2016","270","276","262.05","270","805"
"31/03/2016","265","265","265","265","1000"
"01/04/2016","269","269","260","260","1793"
"04/04/2016","260","268","253.65","268","6480"
"05/04/2016","268","268","255.5","255.5","9015"
"06/04/2016","270","270","269.9","270","31046"
"07/04/2016","270","273","263.5","273","13083"
"08/04/2016","265.05","270","265","265","165"
"11/04/2016","270","270","270","270","72"
"12/04/2016","269.9","269.9","266","266","10007"
"14/04/2016","266","266","265.05","266","246"
"15/04/2016","265.05","266","265.05","266","759"
"18/04/2016","265.05","269.5","265.05","269.5","598"
"20/04/2016","267.05","267.05","267.05","267.05","35"
"21/04/2016","270","270","267.05","269","4321"
"22/04/2016","269.05","270","269.05","269.05","903"
"25/04/2016","264","264","264","264","210"
"26/04/2016","269.8","269.8","264","264","7"
"27/04/2016","264.05","268","264.05","268","4088"
"28/04/2016","266","275","266","275","31204"
"29/04/2016","275","279.95","271.2","275.5","18118"
"04/05/2016","279.8","279.8","271.7","272","103"
"05/05/2016","279.8","288.3","278","288","41548"
"06/05/2016","288","290","286","286","2512"
"09/05/2016","280.2","287.9","278","287.9","900"
"10/05/2016","281","287","280.3","280.3","618"
"11/05/2016","280.15","288","280.15","288","1916"
"12/05/2016","280.15","287","273.1","286.95","1371"
"13/05/2016","286.5","286.5","278","280","10388"
"17/05/2016","274","276","274","276","7748"
"18/05/2016","274.05","274.05","274","274","150"
"20/05/2016","283","283","283","283","400"
"23/05/2016","280","280","280","280","24327"
"24/05/2016","279.95","280","279.95","280","10400"
"25/05/2016","275.6","283.9","275.6","283.9","151"
"26/05/2016","277","277","277","277","1000"
"27/05/2016","275","279.5","275","279.5","1451"
"31/05/2016","275","276","272.35","275.05","5999"
"01/06/2016","275","275","275","275","1614"
"02/06/2016","273.1","273.1","273","273","40"
"03/06/2016","275","279.8","274.95","279.8","1553"
"06/06/2016","273.4","279.75","273.4","279.75","13"
"07/06/2016","273.6","275.1","273.6","275.1","250"
"08/06/2016","275.1","275.5","275.05","275.5","397"
"10/06/2016","273.55","279.7","273.55","279.7","110"
"14/06/2016","275","275","274.5","274.5","3371"
"16/06/2016","276","276","276","276","20"
"17/06/2016","276","276","274.5","274.5","110"
"20/06/2016","274","279.4","274","279.4","1012"
"21/06/2016","279","279","275.1","275.1","40"
"22/06/2016","274.1","274.1","274.1","274.1","5"
"23/06/2016","273.45","273.45","272","272","348"
"24/06/2016","272.1","272.1","272","272","2708"
"27/06/2016","272.9","272.9","259.15","265","418925"
"30/06/2016","260.1","270","259.2","270","2994"
"01/07/2016","259.7","269","259.7","269","140"
"11/07/2016","261","261","260.35","260.45","387"
"12/07/2016","260.5","260.5","260.05","260.05","500"
"13/07/2016","268.95","268.95","265","265","5025"
"14/07/2016","265","265.6","265","265.6","5750"
"15/07/2016","261.1","268.9","260.2","268.9","5442"
"18/07/2016","271.4","271.4","271.4","271.4","6"
"19/07/2016","267","270.9","267","270.9","17336"
"20/07/2016","270","270","267","267","10010"
"21/07/2016","266","269.6","264","269.6","1415"
"22/07/2016","264","269.4","261.2","269.4","640"
"25/07/2016","261.8","261.8","261.8","261.8","25"
"26/07/2016","268.5","268.5","261.5","268.45","676"
"27/07/2016","261.6","267","260.1","267","7351"
"28/07/2016","267","267","267","267","400"
"29/07/2016","267","275","262","275","181307"
"01/08/2016","279","279","278.9","278.9","32"
"02/08/2016","275","275","275","275","1700"
"03/08/2016","273.5","274","273.5","274","1831"
"04/08/2016","267","273.5","267","273.5","1750"
"05/08/2016","273","273","273","273","2415"
"09/08/2016","273.95","275","270","275","51978"
"10/08/2016","275","275","270","270","2327"
"12/08/2016","274.9","274.9","274.9","274.9","6"
"15/08/2016","271","271.2","271","271.1","164"
"16/08/2016","274","274","271.1","271.1","524"
"17/08/2016","274","274","271.25","272","8224"
"18/08/2016","272","274.7","272","274.7","81"
"19/08/2016","272","272","270","270","1600"
"22/08/2016","271","271","270.05","270.05","210"
"23/08/2016","270.5","270.5","270.5","270.5","30"
"24/08/2016","270.6","270.6","270.5","270.5","80"
"25/08/2016","274","275","274","275","5000"
"26/08/2016","275","275","274.8","275","3705"
"30/08/2016","274","274","274","274","500"
"31/08/2016","275","277.9","275","277.9","4917"
"01/09/2016","275.15","275.15","275","275","333"
"02/09/2016","275","275","275","275","742"
"05/09/2016","274.9","274.9","274.9","274.9","5"
"07/09/2016","272","272","272","272","75"
"08/09/2016","275","280","275","280","8390"
"09/09/2016","275","281.95","272","281.95","926"
"15/09/2016","281.95","283","281.95","283","100"
"16/09/2016","272","272","272","272","1600"
"20/09/2016","272.05","272.05","272.05","272.05","70"
"21/09/2016","272.15","272.15","270.2","270.2","300"
"23/09/2016","271.2","271.2","271","271","127"
"26/09/2016","271.1","271.1","271.1","271.1","15"
"27/09/2016","271.8","271.8","271.8","271.8","40"
"29/09/2016","271.6","271.6","271.6","271.6","10"
"30/09/2016","275","275","272","272","1295"
"04/10/2016","275","275","272.1","275","74"
"05/10/2016","272.1","272.1","272","272","462"
"06/10/2016","275","275","272","272.05","12119"
"07/10/2016","272","272","263","268.9","2435"
"10/10/2016","275","275","270","270","2005"
"11/10/2016","270","270","267","267","2887"
"12/10/2016","269.9","269.9","267","267","356"
"13/10/2016","267.1","267.1","267","267","230"
"14/10/2016","267","267","267","267","1240"
"17/10/2016","267","267","262","263","1449"
"18/10/2016","263","263.4","260","260","17218"
"19/10/2016","260.4","260.4","260","260","11340"
"21/10/2016","260.1","260.1","260","260","1570"
"24/10/2016","260","260.05","260","260","234"
"25/10/2016","260.2","260.2","260","260.15","7154"
"26/10/2016","261","263","260.3","260.3","84"
"27/10/2016","261.1","263","261","263","263"
"28/10/2016","261.05","263.2","261.05","261.1","8421"
"31/10/2016","263","266.9","263","266.9","4218"
"01/11/2016","262.05","263.15","262.05","263.1","131"
"02/11/2016","263.5","273.9","263.5","265.3","1485"
"03/11/2016","266.2","271.85","266.2","271.85","84"
"08/11/2016","271.85","271.85","268","268.1","22"
"09/11/2016","268.1","268.1","263","267.5","1017"
"10/11/2016","270","270","265.15","268","1404"
"11/11/2016","270","273","270","270","10239"
"14/11/2016","270","273.9","268.55","273.9","214"
"15/11/2016","270","275","270","275","20846"
"16/11/2016","270.05","270.7","270.05","270.7","110"
"17/11/2016","275","275","275","275","255"
"21/11/2016","275","275","275","275","100"
"22/11/2016","273","273","273","273","528"
"23/11/2016","271","271.15","271","271","569"
"24/11/2016","274.7","276","274","275","716"
"25/11/2016","275","283.05","275","283.05","20334"
"28/11/2016","284.9","300","284","298","23869"
"29/11/2016","294.8","294.8","288","290","20944"
"30/11/2016","290","290","288.1","290","35506"
"01/12/2016","288","294.5","288","290","2688"
"02/12/2016","287","290","287","290","30771"
"05/12/2016","290","290","286.5","290","15317"
"06/12/2016","287.2","290","287.2","290","4616"
"07/12/2016","290","290","290","290","4534"
"08/12/2016","290","293","290","290","7960"
"09/12/2016","293","310","293","305","91020"
"14/12/2016","310","311","305","311","9124"
"15/12/2016","312","317","310","316.5","9553"
"16/12/2016","316.5","325","316.5","322","16239"
"19/12/2016","321.5","335","321.5","335","32677"
"20/12/2016","330","330","321.7","322.5","18555"
"21/12/2016","322","322","312","312.05","23600"
"22/12/2016","320","321.5","320","321","11508"
"23/12/2016","320","324","320","320","137500"
"26/12/2016","320.2","322.8","315.5","315.5","1967"
"27/12/2016","304","313","304","313","7016"
"28/12/2016","313","313","309","310","185"
"29/12/2016","310","310","305","305","12583"
"30/12/2016","305.1","310","300","300","44705"
"03/01/2017","301.1","310","300","310","347"
"04/01/2017","302","310","302","305.4","36480"
"05/01/2017","307.5","315","306.15","311","14916"
"06/01/2017","320","330","320","325","128910"
"09/01/2017","322","331","322","330","7655"
"10/01/2017","331.8","335","330","330.2","37937"
"12/01/2017","334.4","338","329","335","3126"
"13/01/2017","335.4","337.4","325","330","3510"
"16/01/2017","325.1","328","320","320","6986"
"17/01/2017","317","317","311","311","3847"
"18/01/2017","312","319","308","318.75","7743"
"19/01/2017","318.8","335","311.55","335","3808"
"20/01/2017","330","333","320.5","330","6770"
"24/01/2017","329.9","329.9","320","324.85","1161"
"25/01/2017","325","325","320","320","26242"
"26/01/2017","329.5","329.5","315.2","329","3034"
"27/01/2017","325","328.2","325","328.2","2660"
"30/01/2017","316","325","316","319","1947"
"31/01/2017","324.9","324.9","315","324","755"
"02/02/2017","315","322.95","315","322","681"
"03/02/2017","320","320","320","320","2515"
"06/02/2017","319","319","312","312","3600"
"07/02/2017","313","318.9","313","318.9","683"
"08/02/2017","313.05","313.05","313.05","313.05","2"
"09/02/2017","313.6","319","313.6","319","206"
"10/02/2017","316.2","319.8","316.1","319.8","835"
"13/02/2017","318","318","318","318","3060"
"14/02/2017","319","319","313.85","317","7830"
"15/02/2017","317","317","314","317","315"
"16/02/2017","317","318","314.1","318","896"
"17/02/2017","315.5","319.8","315.5","319.8","470"
"20/02/2017","315.5","315.5","315.5","315.5","89"
"21/02/2017","320","328.15","320","328.15","355"
"22/02/2017","318.8","318.8","313.9","313.9","2337"
"23/02/2017","313.85","313.85","310.1","313","1720"
"24/02/2017","310","310","304.2","310","12412"
"27/02/2017","306","306","306","306","1760"
"28/02/2017","307","315","307","314","34"
"02/03/2017","307","307","305.1","306.55","1667"
"03/03/2017","307","310","307","310","169"
"06/03/2017","310","312","307.1","312","50074"
"07/03/2017","314","316","314","316","45"
"09/03/2017","310.25","310.25","310.25","310.25","1"
"10/03/2017","310.25","318.5","310","317.95","8256"
"13/03/2017","314","317","314","317","9983"
"14/03/2017","310.1","316.9","310.05","316.9","358"
"15/03/2017","317.9","317.9","317.9","317.9","10500"
"16/03/2017","311.05","317.3","311","317.3","379"
"17/03/2017","318.5","318.5","318.5","318.5","2500"
"20/03/2017","314","314","314","314","215"
"21/03/2017","310.15","317","310.15","317","1048"
"22/03/2017","312","317","307.5","317","1109"
"23/03/2017","317","317","310","315","29643"
"24/03/2017","310.05","317","310.05","317","3001"
"27/03/2017","316.9","316.9","316.9","316.9","200"
"28/03/2017","316","316","310","316","6388"
"29/03/2017","312","315.95","309.5","315.95","618"
"30/03/2017","310.25","315.85","310.2","315.85","61"
"31/03/2017","310.2","316.4","310.2","316.4","160"
"03/04/2017","310.2","316","309.1","316","1157"
"06/04/2017","310.1","315","309.5","315","1270"
"07/04/2017","315","315","315","315","600"
"10/04/2017","309.5","309.5","309.5","309.5","385"
"11/04/2017","309.55","309.55","309.55","309.55","200"
"12/04/2017","310","315","310","315","9"
"13/04/2017","310.05","314.95","310.05","314.95","28"
"14/04/2017","310.1","313.95","310.1","310.4","606"
"18/04/2017","310.65","310.8","310.65","310.8","40"
"19/04/2017","311","311","310.8","310.9","304"
"20/04/2017","313.95","315","311.9","311.9","1609"
"21/04/2017","312.1","315","312.1","315","5811"
"25/04/2017","315.95","316","315.95","316","25"
"27/04/2017","312.05","316","312.05","316","92"
"28/04/2017","316","316","316","316","33"
"02/05/2017","316.5","319.45","316.5","316.5","18516"
"03/05/2017","316.5","318.85","316.5","318.85","2130"
"04/05/2017","319.4","320","317","317","1522"
"05/05/2017","324","324","319","319","4215"
"08/05/2017","317.45","328","317.4","328","3971"
"09/05/2017","322","324.95","322","322","20004"
"10/05/2017","324.85","324.85","324.85","324.85","55"
"11/05/2017","322","323.9","322","323.9","12"
"12/05/2017","322","324.9","322","324.9","4000"
"15/05/2017","325","325","322","322","5013"
"16/05/2017","320","324.8","320","324.8","1214"
"19/05/2017","322","324.3","316.5","324.3","740"
"23/05/2017","317.55","317.6","317.55","317.6","5117"
"24/05/2017","323.5","323.5","323.5","323.5","50"
"25/05/2017","318.2","318.2","318.1","318.1","55"
"26/05/2017","318.25","318.25","315","315","5000"
"29/05/2017","312","312","312","312","25"
"30/05/2017","319.9","319.9","318","318","2"
"31/05/2017","317.5","317.5","317.5","317.5","40"
"02/06/2017","315","317.05","315","317.05","3379"
"06/06/2017","315","318.8","315","318.8","399"
"07/06/2017","317","320","317","317","460"
"08/06/2017","313.3","319.9","313.3","318.5","43600"
"09/06/2017","318.5","318.5","318.5","318.5","347"
"12/06/2017","316","319","316","319","20"
"13/06/2017","319","319","317.5","317.5","22001"
"14/06/2017","319","319","316","316","1277"
"16/06/2017","319","319","316.25","316.25","1031"
"19/06/2017","319","319","319","319","12"
"20/06/2017","318","324","318","323.5","1811"
"21/06/2017","319.1","319.1","318.15","318.8","5118"
"22/06/2017","325","330","325","330","34881"
"23/06/2017","330","330","330","330","112"
"28/06/2017","317","320","315","315","2428"
"29/06/2017","315","315.5","315","315.5","2327"
"30/06/2017","315.7","317","314","314","4981"
"03/07/2017","307","318","307","318","565"
"04/07/2017","311.6","315","311","315","261"
"05/07/2017","312.1","312.1","311.5","311.5","100"
"06/07/2017","311.6","311.6","311.6","311.6","20"
"07/07/2017","315","315","315","315","2761"
"10/07/2017","315","315","312.2","312.25","1407"
"11/07/2017","313","313.15","313","313","270"
"12/07/2017","313.25","313.3","312","312","655"
"13/07/2017","311.7","311.75","310.05","311","1864"
"14/07/2017","311","318","311","318","3011"
"18/07/2017","311.5","315","311.5","311.8","3714"
"20/07/2017","316.9","316.95","316.9","316.95","152"
"21/07/2017","312","312.25","312","312.25","218"
"24/07/2017","312.2","312.2","312.2","312.2","50"
"25/07/2017","312.25","313.5","311.8","313.5","10443"
"26/07/2017","313.05","313.05","313.05","313.05","2437"
"27/07/2017","312.5","312.5","312.3","312.3","211"
"28/07/2017","312.4","312.4","310","311","10522"
"31/07/2017","310.1","310.1","308","308","125"
"01/08/2017","308","308","300.25","300.25","1932"
"02/08/2017","302","309.9","302","305","4807"
"03/08/2017","290","300","286","292","71783"
"04/08/2017","292","292","292","292","80"
"08/08/2017","295.05","300","295.05","300","201"
"09/08/2017","300","305.95","300","305.5","20018"
"10/08/2017","305","305","300","300","980"
"15/08/2017","298.1","305","298.1","305","35"
"16/08/2017","298","300","298","300","1231"
"17/08/2017","303.9","304","300","300","2570"
"23/08/2017","298","298","298","298","10"
"24/08/2017","299.9","299.9","296.05","296.05","226"
"25/08/2017","299","299","296.55","296.55","407"
"28/08/2017","296","300","293","300","6130"
"29/08/2017","298","298","293.5","293.5","123"
"30/08/2017","293.6","295","293.45","293.6","153"
"31/08/2017","294.1","299.75","294.1","294.1","18198"
"04/09/2017","299","299","292","292","383"
"05/09/2017","292.2","292.2","292.2","292.2","100"
"06/09/2017","298.75","298.75","298.75","298.75","1"
"07/09/2017","292.5","293.15","292.5","293","2841"
"08/09/2017","293","293.1","293","293.1","2650"
"11/09/2017","292.7","293.05","292.35","293","172"
"12/09/2017","293.2","293.2","293.2","293.2","24"
"13/09/2017","293.2","294","292.6","292.6","440"
"14/09/2017","293.05","293.05","293","293","115"
"15/09/2017","293.1","293.1","292","292","878"
"18/09/2017","295.9","295.9","292","292","1432"
"19/09/2017","291.5","295.4","275","275","25093"
"20/09/2017","293.9","293.9","287","287","158"
"21/09/2017","288.85","289.9","288.85","289.9","513"
"25/09/2017","280.05","289","280.05","289","1455"
"26/09/2017","290","292","287.05","290","21779"
"27/09/2017","294","295","288","288","6535"
"28/09/2017","294","294","286","290","3317"
"29/09/2017","290","292","284","292","1891"
"02/10/2017","285","292","285","291.95","253"
"03/10/2017","286","286","283.2","283.2","1287"
"04/10/2017","291.9","298.15","291.9","298.15","827"
"05/10/2017","285.25","297","285.25","297","5062"
"06/10/2017","288.2","288.2","288.2","288.2","6508"
"09/10/2017","294.45","294.45","294.45","294.45","2"
"10/10/2017","290","294","290","294","520"
"12/10/2017","290.5","290.55","290.5","290.5","527"
"13/10/2017","291","294.85","291","294.85","464"
"16/10/2017","291.2","296","291.2","296","120"
"17/10/2017","296","296","292.1","292.1","386"
"18/10/2017","293","295.5","291","295.5","909"
"19/10/2017","291","293.95","291","292","538"
"20/10/2017","291.5","294","291.5","294","1173"
"23/10/2017","292","292","292","292","15"
"24/10/2017","292","292","292","292","120"
"25/10/2017","291","294.9","291","291","536"
"26/10/2017","291","291","291","291","25"
"27/10/2017","291","293.5","291","293.5","2058"
"30/10/2017","293","293.45","293","293","3165"
"31/10/2017","291.6","291.6","291.6","291.6","4494"
"01/11/2017","290.5","291","290.5","291","437"
"02/11/2017","292.5","292.5","291","291","1703"
"03/11/2017","293.45","294","293.45","294","9803"
"07/11/2017","291.5","293","290.5","293","3100"
"08/11/2017","291","291","290.55","290.55","113"
"09/11/2017","291","291","290.6","291","285"
"10/11/2017","291","295","291","294","10238"
"13/11/2017","297","297","291.2","291.2","100"
"14/11/2017","294.9","294.9","294.9","294.9","4977"
"15/11/2017","292.1","293","291.25","292.1","6164"
"16/11/2017","292.1","292.1","292.1","292.1","508"
"17/11/2017","292.5","293.2","292.3","293.2","582"
"21/11/2017","292","293","292","293","2706"
"22/11/2017","292.2","292.2","292.2","292.2","76"
"24/11/2017","292.1","294","292.1","294","1159"
"27/11/2017","293","293","292.1","292.1","203"
"28/11/2017","291.2","291.2","291.2","291.2","445"
"29/11/2017","291","292","291","292","1110"
"30/11/2017","292","292","284","290","1173"
"04/12/2017","290","295","290","295","1070"
"05/12/2017","290","293","290","291","2500"
"06/12/2017","288","291","288","291","227"
"07/12/2017","292.95","292.95","292.95","292.95","16"
"08/12/2017","286","291.95","286","291.95","840"
"11/12/2017","290","291","290","291","4000"
"12/12/2017","291","291","290.95","290.95","2016"
"13/12/2017","288","288.1","288","288","530"
"14/12/2017","290","290","286.3","290","1359"
"15/12/2017","290.5","290.5","286","290","13799"
"18/12/2017","285.4","285.4","284.2","284.2","3697"
"19/12/2017","289","289","289","289","7000"
"21/12/2017","284.35","285.1","284","285","5394"
"22/12/2017","284","285","280","280","7451"
"25/12/2017","279","282","278.55","282","1700"
"26/12/2017","282.1","282.1","280.5","281","189514"
"27/12/2017","280.5","281","280.5","281","670"
"28/12/2017","281","281","281","281","108"
"29/12/2017","280.5","286","275.05","286","12546"
"02/01/2018","279.5","279.5","278","278","312"
"04/01/2018","280.8","280.9","280.8","280.8","550"
"10/01/2018","283","285","283","285","3047"
"12/01/2018","286","286","283.75","286","4002"
"15/01/2018","288","289.5","286","289.5","4448"
"17/01/2018","285.05","285.1","285","285","8763"
"18/01/2018","285","285","283.6","283.6","533"
"19/01/2018","287","287","287","287","500"
"22/01/2018","287","289.5","285","289.5","456"
"24/01/2018","285.05","285.05","285","285","150"
"25/01/2018","285","289.45","285","285","2990"
"26/01/2018","286","287","282","287","820"
"30/01/2018","285","285","283","285","2250"
"31/01/2018","287","288","285","287","8744"
"01/02/2018","287","300","287","298","43498"
"02/02/2018","299.95","300","293","293","7924"
"05/02/2018","295","295","290.05","290.05","68"
"06/02/2018","290","295","290","295","6430"
"07/02/2018","290.05","296.5","290.05","291","10530"
"08/02/2018","295","296.5","295","296.5","15173"
"09/02/2018","296.5","296.5","295","296","28512"
"12/02/2018","296.5","296.5","290.2","290.2","262"
"13/02/2018","298.95","298.95","290.1","290.1","145"
"14/02/2018","290.2","290.4","290.2","290.2","518"
"15/02/2018","316.5","318.9","306.2","314","37600"
"16/02/2018","315","319","311.5","311.55","7396"
"19/02/2018","317","317","316.9","316.9","111"
"20/02/2018","315.5","316","315","316","383"
"21/02/2018","311.5","311.5","309","309","793"
"22/02/2018","312","312","312","312","1"
"23/02/2018","314.9","314.9","309.05","309.05","2560"
"26/02/2018","308.15","308.15","308","308","122"
"27/02/2018","307","308","301.55","308","783"
"01/03/2018","309.5","312.9","306","306","4343"
"02/03/2018","308","308","306","306","29750"
"05/03/2018","304.2","306","304.2","306","10010"
"06/03/2018","308","308","302.05","302.05","161"
"07/03/2018","302.3","302.3","302.2","302.2","211"
"08/03/2018","307.95","308","304","304","6313"
"09/03/2018","305","305","305","305","22662"
"12/03/2018","305","311.95","304.25","311.9","522"
"13/03/2018","311.75","311.8","306","306","1532"
"14/03/2018","310","311","310","310.95","59"
"15/03/2018","306.05","306.05","306.05","306.05","10"
"16/03/2018","309","311","308","308","3440"
"19/03/2018","310","312.95","306.05","309.1","13411"
"20/03/2018","309","309.9","308","309","2611"
"21/03/2018","307","311.9","306.2","309","17817"
"22/03/2018","307","310","307","310","1295"
"23/03/2018","309.9","310","308","309.95","6254"
"26/03/2018","311.2","320","311.2","320","23153"
"27/03/2018","321","334","320.05","322","17060"
"28/03/2018","320.5","327","310.55","323","2382"
"30/03/2018","324.9","324.9","312","312","33524"
"02/04/2018","312","319","312","319","17661"
"03/04/2018","311.05","320","311.05","320","6240"
"04/04/2018","311.2","311.5","311.05","311.5","39"
"06/04/2018","319","320","319","320","558"
"09/04/2018","320","321","313","313","223"
"10/04/2018","310","318.95","310","318.95","243"
"11/04/2018","319.9","320","310.25","310.25","10320"
"13/04/2018","318.9","318.9","315","318.9","81"
"16/04/2018","311.05","318","311.05","318","357"
"17/04/2018","311.6","319.5","311.5","319.4","11558"
"18/04/2018","317","319.4","313","319.4","629"
"19/04/2018","319","319","313.1","315","9"
"20/04/2018","312.3","319","312.3","319","528"
"23/04/2018","313","315","310","315","138"
"24/04/2018","311.15","315","311.15","315","112"
"25/04/2018","315","315","315","315","20"
"26/04/2018","316","319","310","319","10326"
"27/04/2018","311.35","319","311.35","318.5","20053"
"30/04/2018","317","326","316.2","320.05","8403"
"02/05/2018","316.75","325","316.75","324.9","1826"
"03/05/2018","324.9","324.9","324.9","324.9","127"
"04/05/2018","318.2","320","318.1","320","336"
"07/05/2018","320","320","310","319.25","91343"
"08/05/2018","320","320","314","314","7020"
"09/05/2018","320.9","321","320","321","5230"
"10/05/2018","313","317","313","317","35"
"11/05/2018","323","326","322","322","2372"
"14/05/2018","321","321","320","320","1861"
"15/05/2018","321.5","321.5","321","321","2000"
"16/05/2018","320","320","316","320","4391"
"18/05/2018","321","321","320","320","3866"
"23/05/2018","319","321","319","321","525"
"24/05/2018","320","320","320","320","20"
"25/05/2018","320","321","318.1","321","5754"
"28/05/2018","313.2","320","313.2","320","2501"
"29/05/2018","324.5","329","315.05","315.05","9616"
"31/05/2018","323","323","323","323","28500"
"01/06/2018","323","323","320.5","320.5","10413"
"05/06/2018","320","323","320","323","1618"
"06/06/2018","314.5","319","314.5","319","33"
"07/06/2018","323","323","320","323","249"
"08/06/2018","323.05","323.05","323.05","323.05","5000"
"11/06/2018","325","325","325","325","3000"
"12/06/2018","320.5","323","320.2","323","7011"
"13/06/2018","319.25","326.9","319.25","326.9","200"
"14/06/2018","325","325","325","325","11111"
"18/06/2018","325","325","325","325","133"
"20/06/2018","326.9","327","323","325","682"
"21/06/2018","324","324","324","324","200"
"22/06/2018","328.9","328.9","328.9","328.9","24"
"25/06/2018","323","328","323","323","16088"
"26/06/2018","322","323","316.1","316.6","5451"
"27/06/2018","302","302","302","302","100"
"28/06/2018","293","293","293","293","50"
"29/06/2018","293","300","286.2","286.2","11275"
"03/07/2018","290","312","290","309","1659"
"04/07/2018","288","288","288","288","50"
"05/07/2018","288.4","290","288.4","290","15"
"06/07/2018","290","306.9","290","291","60"
"09/07/2018","289.5","289.5","289.5","289.5","17"
"10/07/2018","306","306","299.95","299.95","281"
"11/07/2018","294","294","290.2","294","498"
"12/07/2018","294","294","294","294","5"
"13/07/2018","290.2","290.2","288.4","288.5","203"
"16/07/2018","288.4","288.4","285.1","285.1","300"
"18/07/2018","290","290","290","290","60"
"19/07/2018","290","290.1","290","290.1","57"
"24/07/2018","293.8","293.8","291","291","10650"
"25/07/2018","293.85","293.9","293.85","293.9","80"
"26/07/2018","293.9","309","293.9","309","1010"
"27/07/2018","308.85","308.85","308.85","308.85","1"
"08/08/2018","300","308.2","295","308.2","2030"
"10/08/2018","300","300","300","300","100"
"15/08/2018","300","300","300","300","20000"
"16/08/2018","291.5","291.5","291.05","291.05","450"
"17/08/2018","306.75","306.75","300","300","33"
"24/08/2018","291.05","299.5","291.05","299.5","147"
"27/08/2018","292","299.9","292","299.9","305"
"29/08/2018","292","292","292","292","15000"
"30/08/2018","298.6","298.6","298.6","298.6","10"
"31/08/2018","298","298.4","290.5","298.4","534"
"03/09/2018","291.5","298","291.5","298","120"
"04/09/2018","291.5","298","291.5","298","695"
"06/09/2018","302","302","288","288","27674"
"07/09/2018","285","285","285","285","1447"
"10/09/2018","287","295","287","295","208"
"12/09/2018","295","295","295","295","140"
"13/09/2018","290.1","295","290","295","254"
"14/09/2018","295","295","295","295","76"
"17/09/2018","290.2","291.2","287","287","10747"
"18/09/2018","288","288","288","288","145"
"19/09/2018","287","287","284.2","286.9","165"
"20/09/2018","284.2","286.9","283.2","285","506"
"21/09/2018","285","285","285","285","2"
"24/09/2018","285","290","285","290","2841"
"25/09/2018","290","290","290","290","4"
"26/09/2018","290","290","285.3","285.3","143"
"28/09/2018","279","279","279","279","3363"
"01/10/2018","279","285","272","285","1225"
"03/10/2018","285","285","285","285","450"
"05/10/2018","288.9","288.9","285","285","738"
"09/10/2018","285.1","285.1","285","285","75"
"10/10/2018","281","281","281","281","50"
"12/10/2018","285","289.9","285","289.9","319"
"15/10/2018","289.8","289.8","289.8","289.8","4"
"17/10/2018","289.65","289.65","285","285","104"
"18/10/2018","285","285","285","285","596"
"22/10/2018","285","285","285","285","5"
"23/10/2018","284.5","284.5","284.5","284.5","10"
"24/10/2018","288.95","288.95","288.95","288.95","2"
"25/10/2018","286","288","285","288","252"
"26/10/2018","288","288","288","288","100"
"29/10/2018","281.2","281.2","281","281.05","121"
"30/10/2018","282.2","282.2","282.2","282.2","20000"
"31/10/2018","281.75","284","280","284","211"
"02/11/2018","278.1","278.5","278","278","728"
"07/11/2018","278","284.9","278","282","23852"
"08/11/2018","300","300","300","300","618"
"09/11/2018","299.95","299.95","299.95","299.95","1500"
"12/11/2018","283.1","290","283.1","290","330"
"14/11/2018","284","284","284","284","125"
"16/11/2018","286.1","286.1","286.1","286.1","1066"
"19/11/2018","285","285","285","285","15"
"22/11/2018","289.95","290","289.95","290","307"
"26/11/2018","285.2","285.2","285.2","285.2","10"
"27/11/2018","289.95","289.95","289.95","289.95","25"
"30/11/2018","293.95","295","293.95","294.95","280"
"03/12/2018","294.95","294.95","290","290","890"
"05/12/2018","286.35","286.35","285.3","285.3","134"
"06/12/2018","286.5","298","285.3","298","41668"
"07/12/2018","297","300","294","294","4861"
"10/12/2018","307.9","307.9","307.9","307.9","100"
"11/12/2018","305","305","304.9","304.9","10166"
"12/12/2018","295.05","304.85","295.05","300","45618"
"13/12/2018","300","300","300","300","2132"
"14/12/2018","300","302","300","302","3734"
"17/12/2018","296.5","301","290","300","13107"
"20/12/2018","294","300","294","300","8900"
"21/12/2018","293.15","293.15","293.15","293.15","1216"
"24/12/2018","294","299","294","294.1","321"
"25/12/2018","294.05","294.2","294.05","294.2","9054"
"26/12/2018","295.2","300","295.2","296","12060"
"27/12/2018","296.05","300","296.05","300","20311"
"28/12/2018","300","301","294","294","211865"
"31/12/2018","300","300","300","300","12"
"03/01/2019","300","302.45","291.5","291.5","1002"
"04/01/2019","295","295","295","295","677"
"07/01/2019","292.05","292.2","292.05","292.2","70"
"10/01/2019","295","295.05","295","295","13065"
"15/01/2019","292.5","292.6","292.5","292.5","433"
"16/01/2019","292.2","295","286","295","12530"
"17/01/2019","295","295","295","295","20"
"18/01/2019","294.95","295","294.75","295","3542"
"21/01/2019","296","298","296","298","54"
"22/01/2019","295.5","300.05","295.5","300.05","38671"
"23/01/2019","300.05","310","300.05","305","12210"
"24/01/2019","305","305","305","305","5322"
"25/01/2019","305","305","305","305","2431"
"28/01/2019","309.5","314.9","309.5","314.9","1200"
"29/01/2019","314.95","318","314.95","318","121"
"30/01/2019","315","315","315","315","5070"
"31/01/2019","315","315","315","315","20"
"01/02/2019","315","315","315","315","105"
"04/02/2019","313.1","315","313.1","315","21"
"07/02/2019","307","314.75","305","314.75","1162"
"08/02/2019","312.5","312.5","312.5","312.5","10313"
"11/02/2019","310","310","305.1","307","15973"
"12/02/2019","310","318.8","310","312","21670"
"13/02/2019","312","312","312","312","350"
"14/02/2019","311.05","311.05","311.05","311.05","1000"
"15/02/2019","311","312","311","312","200"
"18/02/2019","310.5","310.5","310","310","10200"
"19/02/2019","312","312","310","310","894"
"20/02/2019","311","311","311","311","32"
"21/02/2019","318","318","307","307","6412"
"22/02/2019","306","306","295","295","12529"
"25/02/2019","297","304.8","297","304.8","320"
"26/02/2019","300","308.85","300","308.85","151"
"27/02/2019","306","309","300","300","274"
"01/03/2019","300","300","300","300","443"
"04/03/2019","297","307","297","307","210"
"05/03/2019","300.5","300.5","300.5","300.5","20"
"06/03/2019","295.5","295.5","295","295","100"
"07/03/2019","300.5","300.5","297","297","178"
"08/03/2019","297","307","293.55","294.05","2017"
"11/03/2019","294.5","306.9","294.5","306.9","50"
"12/03/2019","292.2","300","286.3","286.3","3463"
"13/03/2019","306.85","306.85","306.85","306.85","230"
"14/03/2019","288","288","286.5","286.5","502"
"15/03/2019","288","288","285.2","287","795"
"18/03/2019","290","290","285.9","286","6418"
"19/03/2019","303.95","303.95","287","302.2","20396"
"21/03/2019","287","299.8","286.35","286.35","8136"
"22/03/2019","286.3","286.3","282.5","282.5","7199"
"25/03/2019","282.5","282.5","282.5","282.5","480"
"26/03/2019","282.5","282.5","282.5","282.5","12"
"27/03/2019","282.5","282.5","282.5","282.5","108"
"28/03/2019","283","283.5","282.95","283","56148"
"29/03/2019","282.5","282.5","276.15","276.15","5798"
"01/04/2019","276.3","288.95","276.3","288.95","92"
"02/04/2019","289.8","289.9","277","277","112"
"03/04/2019","278","291.5","277.05","291.5","561"
"04/04/2019","277.5","290.9","277.5","290.9","432"
"05/04/2019","278.2","278.25","278.05","278.05","1032"
"08/04/2019","279.1","279.1","279","279","120"
"09/04/2019","279","279","279","279","680"
"11/04/2019","287.35","287.35","287.35","287.35","2"
"15/04/2019","280.15","288.5","280.15","288.5","502"
"16/04/2019","284","288.15","284","288.15","2004"
"18/04/2019","281.1","281.1","281.1","281.1","500"
"19/04/2019","281.55","281.55","281.4","281.4","527"
"22/04/2019","281.5","285","281.5","285","394"
"23/04/2019","284","285","284","284","17763"
"24/04/2019","284","284","284","284","2000"
"25/04/2019","284.05","284.05","284.05","284.05","73"
"26/04/2019","284.1","288.45","284.1","288.45","364"
"29/04/2019","284.15","284.15","284.1","284.1","550"
"30/04/2019","284.15","284.15","284.15","284.15","200"
"02/05/2019","284.15","284.15","284","284","800"
"03/05/2019","289","289","289","289","150"
"06/05/2019","289","289","284.25","284.25","81"
"07/05/2019","288.95","288.95","284.2","288.95","277"
"08/05/2019","285","285","285","285","106"
"09/05/2019","289","289","289","289","5"
"10/05/2019","296.85","296.85","296.85","296.85","50"
"13/05/2019","294","294","294","294","30"
"14/05/2019","285.35","286","285.2","286","7287"
"15/05/2019","286","286","286","286","4000"
"16/05/2019","286","294.95","286","294.95","144"
"17/05/2019","293.4","293.45","286","286","20195"
"20/05/2019","289.95","290","286.5","286.5","8081"
"21/05/2019","286.5","286.5","285","285","1179"
"22/05/2019","285","285","284","284","3565"
"24/05/2019","285","287","285","287","300"
"27/05/2019","287","287","287","287","13"
"28/05/2019","287","287","287","287","470"
"30/05/2019","289","290","289","290","25"
"31/05/2019","286.15","293","277.5","277.5","1330"
"03/06/2019","272.2","272.2","272.2","272.2","172"
"04/06/2019","290","290","290","290","16"
"10/06/2019","282","282","282","282","18"
"11/06/2019","282.1","282.1","282.1","282.1","3"
"12/06/2019","285","285","282","282.05","1500"
"13/06/2019","284.95","289","284.95","289","7"
"14/06/2019","283.4","283.4","283.4","283.4","160"
"17/06/2019","282.6","289.5","282.55","289.5","255"
"18/06/2019","281","286","281","282","547"
"19/06/2019","288.75","288.75","288.75","288.75","5"
"20/06/2019","282.1","288","282.1","288","35"
"21/06/2019","283.5","289","283.5","289","4874"
"24/06/2019","284.05","290","284.05","290","10170"
"25/06/2019","284.15","289","284.15","287","18511"
"27/06/2019","281.1","281.1","275","275","6005"
"28/06/2019","275","276","275","276","4518"
"02/07/2019","276","284","276","284","15"
"03/07/2019","284","284","284","284","45"
"08/07/2019","280","280","271","280","530"
"10/07/2019","274","280","274","280","55"
"11/07/2019","275.5","275.5","275.5","275.5","500"
"12/07/2019","280","280","280","280","120"
"15/07/2019","276","280","276","276","75"
"16/07/2019","280","280","280","280","10"
"17/07/2019","280","284.8","280","280","1563"
"18/07/2019","281.05","281.05","281","281","3449"
"19/07/2019","282","282","280.5","280.5","2104"
"22/07/2019","280.5","280.5","278","278","12607"
"23/07/2019","284.8","284.8","280","280","89"
"24/07/2019","283","284","283","284","8025"
"25/07/2019","281.5","281.5","281.5","281.5","200"
"26/07/2019","283","283","283","283","21900"
"31/07/2019","280","286","280","286","105"
"01/08/2019","281","282","279","279","16561"
"02/08/2019","275","279","275","279","5045"
"05/08/2019","284","284","284","284","50"
"06/08/2019","279","279","279","279","17782"
"08/08/2019","284","284","284","284","11"
"15/08/2019","284","284","284","284","1"
"19/08/2019","284","284","277.2","277.2","5"
"23/08/2019","284","284.7","280","284.7","3520"
"26/08/2019","281.6","281.6","281.6","281.6","100"
"27/08/2019","282","287.9","282","287.9","6969"
"28/08/2019","286","286","283","283","35150"
"30/08/2019","286","286","286","286","1"
"03/09/2019","284.05","284.05","284","284.05","177"
"04/09/2019","286.9","286.9","285","285","5001"
"05/09/2019","284.15","286","284.1","286","7513"
"06/09/2019","286.8","286.9","284.1","286.9","658"
"09/09/2019","286.85","286.85","286.85","286.85","3"
"10/09/2019","285","285","280.05","284.1","510"
"11/09/2019","282.5","282.5","282.5","282.5","47"
"16/09/2019","288.4","288.4","280.2","284","1870"
"17/09/2019","287.9","287.9","281.1","281.1","607"
"19/09/2019","282.2","282.2","282","282","301"
"20/09/2019","282","282","280","280","1517"
"24/09/2019","281","281","280","280","5291"
"25/09/2019","283","283","283","283","60"
"27/09/2019","280","285","280","285","1560"
"30/09/2019","285","285","285","285","16"
"04/10/2019","285","285","265","265","2410"
"07/10/2019","270.55","271","270.55","271","2400"
"08/10/2019","275","276","275","276","3010"
"10/10/2019","275","276","275","276","111"
"11/10/2019","278.9","278.9","278.9","278.9","185"
"14/10/2019","275","280","275","279.9","5570"
"16/10/2019","275.1","278.95","271.2","278.95","522"
"17/10/2019","272","279.8","272","279.8","21"
"18/10/2019","280","280","273","279","11048"
"21/10/2019","273.05","279","273.05","279","123"
"22/10/2019","279.5","279.5","279.5","279.5","15300"
"24/10/2019","283.4","285","283.4","285","315"
"29/10/2019","279.5","279.5","279.5","279.5","7490"
"30/10/2019","284.5","284.5","284.5","284.5","5"
"31/10/2019","280","283","275","283","745"
"01/11/2019","285","285","285","285","500"
"04/11/2019","280","280","280","280","12"
"05/11/2019","280","283","280","283","433"
"07/11/2019","280","283","280","283","5081"
"08/11/2019","283","284.9","276","284.9","929"
"12/11/2019","281","287.8","280","287.8","31"
"13/11/2019","284.5","284.5","275","281","65259"
"14/11/2019","281","282","281","281.1","6719"
"15/11/2019","275.5","287","275.3","287","1324"
"19/11/2019","285","285","285","285","6139"
"20/11/2019","285","285","285","285","5000"
"21/11/2019","280","287","280","287","3052"
"22/11/2019","290","290","290","290","935"
"28/11/2019","285","290","285","290","5826"
"02/12/2019","290","290","290","290","30"
"03/12/2019","282.05","285","282.05","285","2255"
"04/12/2019","289","289","289","289","250"
"05/12/2019","286","289","285.5","289","436"
"06/12/2019","286","289.9","285.5","289.9","2332"
"09/12/2019","285.55","285.55","285","285","6177"
"10/12/2019","289.9","289.9","289.9","289.9","1"
"11/12/2019","287","287","282.15","285","6988"
"12/12/2019","285.1","288.2","285","287","19920"
"13/12/2019","285","289","285","289","10791"
"18/12/2019","288","288","286","287","821"
"19/12/2019","289.5","289.85","289.5","289.8","343"
"20/12/2019","289.8","295","289.8","295","30269"
"23/12/2019","290","295.05","290","295.05","3826"
"24/12/2019","299.95","299.95","292","296","4431"
"25/12/2019","296.1","305","296","305","2122"
"27/12/2019","299.9","299.9","299","299","1510"
"06/01/2020","292.2","298.75","292.2","298.75","110"
"07/01/2020","290.1","298.3","290.1","298.3","13"
"08/01/2020","295","296","295","296","19102"
"09/01/2020","297","305","297","300","16973"
"10/01/2020","304","304","296.5","304","215"
"14/01/2020","300","305","300","300","6831"
"15/01/2020","300","300","300","300","137"
"16/01/2020","304","307","304","307","6534"
"17/01/2020","307","308.75","307","308.75","12351"
"20/01/2020","307","307","307","307","2986"
"21/01/2020","307","308","307","308","1488"
"22/01/2020","310.05","318.9","310.05","317","71497"
"23/01/2020","319.9","323.5","318","318","107423"
"27/01/2020","315","315","312.2","315","6850"
"28/01/2020","319.8","319.8","319.8","319.8","50"
"29/01/2020","319.8","319.8","319.8","319.8","19"
"31/01/2020","312.1","315","312","315","3237"
"03/02/2020","315","315","311","315","9958"
"04/02/2020","305.65","307","305","306","509"
"06/02/2020","306","310","306","310","587"
"07/02/2020","314.95","314.95","314.95","314.95","5000"
"10/02/2020","307","315","307","315","22291"
"11/02/2020","310","310","310","310","1200"
"12/02/2020","317","317","317","317","4"
"13/02/2020","315","316.5","307.1","316.5","45428"
"14/02/2020","317","319","317","319","20502"
"18/02/2020","308","319.75","308","319","910"
"21/02/2020","321.5","324.5","320.15","324.5","139139"
"25/02/2020","315","320","315","320","679"
"26/02/2020","323","323.8","317.1","317.1","7484"
"27/02/2020","320","320","317","320","1447"
"28/02/2020","320","323","320","323","130"
"03/03/2020","303.65","310","303.65","310","1103"
"05/03/2020","306","306","306","306","13659"
"06/03/2020","300","301","300","300","3231"
"09/03/2020","285","286","270.1","275","13467"
"10/03/2020","282","300","282","295.1","72208"
"11/03/2020","296","296","295","295","38242"
"12/03/2020","293.1","293.1","277","277","27904"
"13/03/2020","263","273.05","263","273.05","47146"
"16/03/2020","270.15","270.15","245.75","245.85","34296"
"17/03/2020","237.1","237.1","237.1","237.1","5222"
"18/03/2020","232.4","232.5","227.7","227.7","15711"
"19/03/2020","230","236.8","230","236.8","7115"
"23/03/2020","246.25","246.25","246.25","246.25","300"
"24/03/2020","256.05","256.05","256.05","256.05","20"
"25/03/2020","266.25","266.25","256.05","256.05","8482"
"26/03/2020","266","266","266","266","600"
"27/03/2020","266","266","255.4","255.4","508"
"30/03/2020","253","253","253","253","300"
"01/04/2020","250","250","250","250","5919"
"02/04/2020","246","246","242","243.5","10663"
"03/04/2020","253","253","233.8","233.8","4415"
"06/04/2020","243","243","233.8","233.8","2919"
"07/04/2020","243","243","227","227","666"
"08/04/2020","227","227","222.5","227","7205"
"09/04/2020","236","236","227","227","26291"
"10/04/2020","230","230.15","226","226","21686"
"13/04/2020","230","230","230","230","93"
"14/04/2020","234.95","234.95","230","230","686"
"15/04/2020","230.1","230.1","230","230","8120"
"16/04/2020","234","234","234","234","5"
"17/04/2020","229","229","229","229","10000"
"22/04/2020","228.05","228.05","228.05","228.05","100"
"23/04/2020","228","228","228","228","300"
"24/04/2020","228","228","225","225.5","10333"
"27/04/2020","225.25","227","225.25","227","200"
"28/04/2020","230","230","230","230","400"
"29/04/2020","230","234","230","233","1145"
"30/04/2020","235.95","235.95","230","231.05","5484"
"04/05/2020","240","240","238","239","350"
"05/05/2020","240","247.8","240","242","373"
"06/05/2020","240.5","250","240","242","8106"
"07/05/2020","251","251","251","251","5"
"08/05/2020","241.25","241.25","241","241","2009"
"11/05/2020","240","240","240","240","2150"
"12/05/2020","239.5","239.5","233","233","1102"
"14/05/2020","232","235","231","235","39158"
"15/05/2020","235","239","231.5","231.5","3501"
"19/05/2020","236","236","235","235","112"
"21/05/2020","236","236","236","236","50"
"22/05/2020","235","240","231","240","34862"
"26/05/2020","240","244","233","240","10072"
"27/05/2020","243.95","247","243.95","246.9","7740"
"28/05/2020","248.9","250","245.05","246","16241"
"29/05/2020","249.5","249.5","249.45","249.45","370"
"01/06/2020","249.45","249.45","244.6","244.6","128"
"02/06/2020","245","250","245","250","2437"
"03/06/2020","258","258.7","258","258.7","307"
"04/06/2020","250","250","250","250","522"
"08/06/2020","250","250","250","250","187"
"09/06/2020","255","256.8","255","256.8","108"
"10/06/2020","252","252","252","252","21093"
"11/06/2020","260","262.05","258","262.05","116"
"12/06/2020","259","262","252","252","35237"
"16/06/2020","251.05","255","251.05","252","770"
"17/06/2020","262","262.05","261.95","262","160333"
"18/06/2020","263","266","260","261","3227"
"19/06/2020","260","260","255","255","2693"
"22/06/2020","258","263","258","258","1350"
"23/06/2020","260","260","260","260","150"
"24/06/2020","255.05","258.95","254","258.95","65"
"25/06/2020","258","258","258","258","20"
"26/06/2020","258.75","260","250","250","6021"
"29/06/2020","250","250","248.9","250","370"
"30/06/2020","250","250","245","245","4844"
"01/07/2020","245","249.9","245","249.9","1100"
"02/07/2020","249.9","249.9","249.9","249.9","5"
"15/07/2020","249.9","250","249.9","250","47"
"16/07/2020","250","258","245","258","364"
"17/07/2020","258","258","258","258","100"
"20/07/2020","257.9","257.9","257.9","257.9","200"
"21/07/2020","257.5","257.9","257.5","257.9","200"
"24/07/2020","248","257.7","248","257.7","2100"
"28/07/2020","257","257","257","257","100"
"04/08/2020","248.2","248.2","247","247","76"
"06/08/2020","250","255","250","255","400"
"07/08/2020","255","260","255","260","8000"
"10/08/2020","260","260","260","260","2"
"13/08/2020","260","260","260","260","100"
"17/08/2020","250.1","260","250","260","1360"
"19/08/2020","250","250","250","250","1566"
"24/08/2020","245.05","258","240.5","258","430"
"26/08/2020","255","255","255","255","50000"
"27/08/2020","254.9","254.9","254.9","254.9","2"
"28/08/2020","250.1","253.95","245","253.95","353"
"31/08/2020","254.8","255.25","254.8","255","2122"
"01/09/2020","254","259","254","259","3501"
"02/09/2020","259.9","261","259.9","260","499"
"03/09/2020","254.5","260","254.5","260","501"
"04/09/2020","260","260","260","260","1270"
"07/09/2020","257.2","257.2","255","255","100"
"08/09/2020","257","257","257","257","5000"
"09/09/2020","257","257","255.3","255.3","3980"
"10/09/2020","260","265.5","260","265.5","17289"
"11/09/2020","269.95","270","263","265","9353"
"14/09/2020","265","269.8","265","267.5","2472"
"15/09/2020","265","269.4","265","265","10135"
"16/09/2020","261","265.35","261","265.35","30"
"17/09/2020","265","265","265","265","1"
"18/09/2020","264","265","255","255","3530"
"21/09/2020","250.1","250.1","250","250","4118"
"22/09/2020","250","255","250","255","67"
"24/09/2020","251.6","252","250","250","309"
"28/09/2020","249.95","249.95","249.95","249.95","25"
"29/09/2020","250","250","249","249","71"
"01/10/2020","248.85","248.85","248.85","248.85","8"
"02/10/2020","245.5","249","245.5","249","3200"
"07/10/2020","249","250","249","250","157"
"08/10/2020","249.95","249.95","245","245","846"
"09/10/2020","249","249","248.95","249","20250"
"12/10/2020","246.55","248.5","246.5","248.5","10140"
"13/10/2020","248.5","248.5","248.5","248.5","16"
"14/10/2020","248.5","248.5","248","248.4","20550"
"15/10/2020","248.5","248.5","248.2","248.2","5360"
"16/10/2020","248.5","248.5","248.2","248.2","585"
"19/10/2020","247.5","247.5","244","247","10249"
"20/10/2020","246","246","246","246","200"
"21/10/2020","246","246","246","246","21"
"22/10/2020","248","248","248","248","500"
"23/10/2020","247.1","247.1","246","246","69"
"26/10/2020","247.2","247.2","247.2","247.2","40"
"27/10/2020","247.9","248","246.05","246.05","13183"
"28/10/2020","245","245","245","245","1236"
"02/11/2020","245","245","245","245","60"
"04/11/2020","245","245","245","245","422"
"05/11/2020","246","246","242","242","12659"
"09/11/2020","233.5","250","233.5","250","33112"
"10/11/2020","250","250","248","250","1208"
"11/11/2020","250","250","250","250","30"
"13/11/2020","249","250","249","250","45"
"16/11/2020","248","248.15","248","248.15","8"
"17/11/2020","248.1","250","248","250","220"
"19/11/2020","248","248","245.1","245.2","133"
"20/11/2020","249","250","247.05","249.95","7142"
"24/11/2020","254","254","249.95","250","9972"
"25/11/2020","250","258","250","258","16601"
"26/11/2020","252","256","250.6","250.6","1358"
"27/11/2020","250.6","253","246","246","6880"
"01/12/2020","254.75","254.75","253.95","253.95","36"
"02/12/2020","253","253","253","253","241"
"03/12/2020","254.7","255","254.7","255","2722"
"04/12/2020","252","252","252","252","843"
"09/12/2020","252","252.1","252","252.1","150"
"10/12/2020","254","256","254","256","8897"
"11/12/2020","255","260","255","260","1415"
"14/12/2020","260","260","260","260","50"
"15/12/2020","260","260","260","260","20"
"16/12/2020","263.5","263.5","260.2","261.25","564"
"17/12/2020","261.25","265","260","265","4029"
"18/12/2020","261.25","270","261.25","270","8171"
"21/12/2020","267","267","260","260","616"
"22/12/2020","256.1","270","256.1","270","531"
"23/12/2020","269","270","269","270","917"
"24/12/2020","268","270","268","268","2879"
"25/12/2020","265.15","268","258","258","12131"
"28/12/2020","256.25","256.25","256.25","256.25","638"
"29/12/2020","257.3","257.5","256.6","257.5","50"
"30/12/2020","257.5","258","257.5","258","6182"
"31/12/2020","266.5","266.5","255","255","1737"
"05/01/2021","254","255","254","255","5010"
"06/01/2021","255","260","255","256","14476"
"07/01/2021","255.25","255.55","255.25","255.5","304"
"08/01/2021","260","260","256","256","300"
"13/01/2021","261","261","260","260","16"
"14/01/2021","259.95","263","258.1","258.1","3363"
"15/01/2021","263.25","268","263.25","265","2202"
"18/01/2021","265","265","265","265","2210"
"19/01/2021","261.2","266","261","261","14584"
"20/01/2021","261.2","265.9","261.1","265.9","32"
"21/01/2021","265","266","263","266","2367"
"22/01/2021","265","265","265","265","10000"
"25/01/2021","265","266","265","266","2145"
"26/01/2021","265","270","262","270","22323"
"27/01/2021","270","270","270","270","5450"
"29/01/2021","274","274","262","262","4085"
"01/02/2021","269.9","269.9","269.7","269.8","210"
"03/02/2021","269.7","269.7","269.7","269.7","5"
"05/02/2021","268","268","268","268","707"
"08/02/2021","267","267","267","267","4464"
"09/02/2021","265","265","265","265","5277"
"10/02/2021","265","265","265","265","1000"
"11/02/2021","268","268","265","265","17"
"12/02/2021","265","265","265","265","105"
"17/02/2021","258","258","258","258","1000"
"18/02/2021","266.95","266.95","266.95","266.95","100"
"19/02/2021","266","266","265","265","380"
"22/02/2021","265","265","265","265","200"
"23/02/2021","265","265","265","265","100"
"24/02/2021","261","261","254.45","254.45","14293"
"25/02/2021","250.2","255.1","250","255.1","12590"
"26/02/2021","252","254","252","254","5810"
"02/03/2021","257","257","257","257","5020"
"04/03/2021","258","258","256.5","256.5","14945"
"05/03/2021","259.85","259.85","259.85","259.85","15"
"08/03/2021","260","260","260","260","4190"
"09/03/2021","257","260.05","257","260","14766"
"10/03/2021","255.15","255.15","255","255","440"
"11/03/2021","260","260","257.05","257.05","2510"
"12/03/2021","261","262.95","260","262.95","8291"
"15/03/2021","257.5","260","255.1","260","666"
"16/03/2021","256.5","262.9","256.5","262.9","10769"
"17/03/2021","260","264.9","260","264.9","10099"
"18/03/2021","264","265","264","265","20"
"19/03/2021","265","265","265","265","2"
"22/03/2021","264","266","264","265","19962"
"24/03/2021","264.95","264.95","264.95","264.95","1000"
"26/03/2021","264","264","264","264","700"
"29/03/2021","264","265","264","264","10060"
"31/03/2021","264.5","265","260","265","1083"
"02/04/2021","261","265","261","265","1263"
"05/04/2021","261.5","261.5","260","261.5","5149"
"06/04/2021","260","261","260","261","333"
"07/04/2021","260.05","260.05","260.05","260.05","43"
"09/04/2021","260.1","265","260.1","265","8102"
"12/04/2021","264","264","258","258","4420"
"13/04/2021","265","265","265","265","400"
"20/04/2021","260.5","260.5","260","260","2600"
"21/04/2021","258.2","261","258.2","261","55"
"22/04/2021","262","263","262","262","15000"
"23/04/2021","264.5","264.5","262","262","5028"
"26/04/2021","262","262","262","262","3509"
"27/04/2021","262","264.5","262","264.5","11800"
"28/04/2021","261.8","264.9","261","264.9","476"
"30/04/2021","264.9","264.9","264.5","264.5","580"
"03/05/2021","264.9","264.9","262.15","262.15","4509"
"04/05/2021","265","265","265","265","5300"
"05/05/2021","265","265","265","265","1538"
"06/05/2021","265.5","270","265","269","72645"
"07/05/2021","269.9","270","269.9","270","10333"
"10/05/2021","269.95","272","269.95","270","1272"
"11/05/2021","269.5","271","269.5","271","254"
"12/05/2021","269.9","271","269.9","271","310"
"17/05/2021","272","280","272","279","4234"
"18/05/2021","279","279","271.1","276","293"
"19/05/2021","276","279.5","276","276.1","14023"
"20/05/2021","271.1","276","271.1","276","98"
"21/05/2021","279.9","279.9","276","278.95","2003"
"24/05/2021","279.9","279.9","279.9","279.9","1"
"26/05/2021","276","278.5","270","278.5","89"
"27/05/2021","278","278","278","278","180"
"28/05/2021","277.9","277.9","277.9","277.9","20"
"31/05/2021","277","277","270","275.95","1316"
"01/06/2021","275.95","276.95","275.95","276.95","1513"
"02/06/2021","274","274.1","274","274","12521"
"03/06/2021","276.9","276.9","274","276","20788"
"04/06/2021","271.1","276","271.1","275","31562"
"07/06/2021","272","272","272","272","50"
"08/06/2021","277.4","277.4","277.4","277.4","30"
"09/06/2021","275","275","271.1","271.1","127"
"10/06/2021","273","273","273","273","400"
"11/06/2021","276","276","276","276","1"
"14/06/2021","273.6","273.6","272","272.05","5328"
"15/06/2021","271.1","272.5","270.5","272.5","13255"
"16/06/2021","270.5","272.5","270.5","272.5","16042"
"17/06/2021","270","272.4","270","272.4","21"
"18/06/2021","272","280","272","280","6592"
"21/06/2021","281","281","273.05","273.05","1703"
"22/06/2021","273.5","273.5","273.5","273.5","388"
"23/06/2021","273.5","273.5","273.1","273.1","1510"
"24/06/2021","276","276","275","275","16400"
"25/06/2021","275","276.9","273.1","273.1","16215"
"28/06/2021","276","276","276","276","5"
"29/06/2021","275","275","275","275","6800"
"30/06/2021","275","275","274","274","2395"
"01/07/2021","275","275","275","275","5500"
"02/07/2021","274","277","274","277","1021"
"05/07/2021","277","277","274","274","743"
"06/07/2021","274","275","274","275","2100"
"07/07/2021","277","277","277","277","22"
"08/07/2021","275","277.95","269.55","277.95","2449"
"09/07/2021","275","275","271","271","254"
"12/07/2021","277.3","277.3","271.5","271.5","20001"
"13/07/2021","274","282.35","272.5","282.35","1610"
"14/07/2021","283","293.6","283","290","3618"
"15/07/2021","288","288","281","281","84"
"16/07/2021","281","284.95","278.1","278.1","2931"
"19/07/2021","277","280","277","280","1900"
"20/07/2021","279","279","279","279","731"
"23/07/2021","283.8","283.8","283.8","283.8","152"
"26/07/2021","279.05","279.05","276","276","175"
"27/07/2021","283.85","283.85","280","280","201"
"29/07/2021","278","278.5","278","278.5","164"
"02/08/2021","278.05","280","278","280","1218"
"03/08/2021","280","280","280","280","190"
"04/08/2021","277.05","281.9","275","281.85","2860"
"05/08/2021","280","284","280","284","28"
"06/08/2021","283.8","283.8","283.8","283.8","132"
"09/08/2021","284","284","283","283","16"
"12/08/2021","277","277","277","277","350"
"13/08/2021","282","283","272.05","283","1438"
"17/08/2021","284","288","283","283","2285"
"19/08/2021","283","284.95","283","284.95","18"
"23/08/2021","282","282","282","282","1000"
"24/08/2021","278","284","278","284","9"
"25/08/2021","278.05","283.45","273","283.45","511"
"26/08/2021","284.45","284.45","284.45","284.45","1"
"27/08/2021","275.05","285.95","275.05","285.95","5744"
"30/08/2021","277.4","277.4","277.4","277.4","53"
"31/08/2021","284.9","284.9","279.3","284","1005"
"02/09/2021","280","280","280","280","50"
"03/09/2021","283.95","283.95","283.95","283.95","500"
"06/09/2021","283.95","286","283.95","286","100"
"08/09/2021","283","283","282","282","1475"
"09/09/2021","280.5","288","280","288","2257"
"13/09/2021","282.05","282.1","282.05","282.1","30"
"14/09/2021","288","288","287","287","90"
"15/09/2021","282.3","285","281","285","1911"
"16/09/2021","286","286","286","286","1501"
"17/09/2021","290","297","290","296.4","12232"
"20/09/2021","295","295","295","295","260"
"21/09/2021","291","298.5","291","295","388"
"22/09/2021","296.5","302","296.5","301","14296"
"23/09/2021","300","305","300","305","5093"
"24/09/2021","300","313","300","313","18912"
"27/09/2021","301.6","314","301.6","310","245"
"28/09/2021","305.05","312","305.05","305.8","6057"
"29/09/2021","310","310","310","310","253"
"30/09/2021","310","322","310","322","16382"
"01/10/2021","322","325","315","315","7303"
"04/10/2021","325","325","315.1","316.1","953"
"05/10/2021","320","320","315","317","19363"
"06/10/2021","316","320","316","317","1397"
"07/10/2021","320","322","317.2","317.25","178"
"08/10/2021","319","324","318","318","1983"
"11/10/2021","319","319","318","318","50"
"12/10/2021","323","323","315","315.1","749"
"13/10/2021","315.5","320","315.1","320","5542"
"14/10/2021","317","320","317","320","1047"
"15/10/2021","315","321.85","314","320.95","2703"
"18/10/2021","316.15","325","316","325","31831"
"22/10/2021","321.1","333","321.1","333","41177"
"25/10/2021","327","338","327","338","1290"
"26/10/2021","338","340","335","336.15","32711"
"27/10/2021","340","349","340","348.45","693"
"28/10/2021","349","355","349","351","3855"
"29/10/2021","345.2","350","345.2","349","4534"
"01/11/2021","346","350","346","350","146"
"02/11/2021","349","349","349","349","2"
"03/11/2021","346.2","346.2","346","346","55"
"04/11/2021","342","342","340","340","2492"
"05/11/2021","340","344.85","339.7","339.7","1070"
"08/11/2021","339","339","339","339","5"
"09/11/2021","335","339.7","330.5","332","702"
"10/11/2021","339.75","339.75","339.75","339.75","15"
"11/11/2021","332.2","338.95","332","338.95","2086"
"12/11/2021","336.9","337","336.9","337","510"
"15/11/2021","333.1","339.9","333","339.9","89"
"16/11/2021","334","334","334","334","3000"
"17/11/2021","334","339","333.1","339","310"
"19/11/2021","335","336","335","335","5521"
"22/11/2021","339","339","335","338.9","12330"
"23/11/2021","335","335.5","335","335.5","699"
"24/11/2021","333.5","338.9","333.5","338.45","70"
"26/11/2021","335","335","330","330","12879"
"29/11/2021","330","330","329","329.45","6850"
"30/11/2021","329.45","335","323","335","5443"
"01/12/2021","334","334","333.7","333.7","166"
"02/12/2021","333.5","334","330.5","334","312"
"03/12/2021","330.7","335","330","335","6048"
"06/12/2021","332","337.5","331","331","445"
"07/12/2021","330","330","330","330","3"
"08/12/2021","329","333","329","333","145"
"09/12/2021","332.95","334","330","334","805"
"10/12/2021","334","339","334","339","2423"
"13/12/2021","339","339","339","339","200"
"15/12/2021","338.9","338.9","338","338","283"
"16/12/2021","332","338","332","338","212"
"20/12/2021","330","333","330","333","327"
"21/12/2021","331","335","330","335","824"
"22/12/2021","330.05","334.9","330.05","334.9","1310"
"23/12/2021","331.9","334","331.9","334","3800"
"24/12/2021","333.95","333.95","333.95","333.95","2200"
"27/12/2021","332","334","330.5","334","3942"
"28/12/2021","337","337","330.1","330.1","715"
"29/12/2021","338","338","337.9","337.9","2000"
"30/12/2021","337","337","337","337","5000"
"31/12/2021","337.9","339","333.2","339","16625"
"05/01/2022","334","334","334","334","60"
"06/01/2022","339","340","336.1","340","537"
"07/01/2022","336.1","348.95","335","348.95","15743"
"10/01/2022","349","349","349","349","10"
"12/01/2022","347.8","348.95","347","348.95","5003"
"13/01/2022","348","350","348","348","5220"
"14/01/2022","350","350","348.05","350","11507"
"17/01/2022","345","350","345","349.5","21"
"18/01/2022","351","359","351","355","22170"
"19/01/2022","355.5","355.5","345","354","10500"
"20/01/2022","354","354","350","350","208"
"21/01/2022","350","353","350","353","12844"
"24/01/2022","350","350","348","349","2894"
"25/01/2022","349","350","348","350","1355"
"26/01/2022","342","349","342","349","94"
"27/01/2022","345.1","347","345.1","347","2192"
"28/01/2022","347","349","347","349","932"
"31/01/2022","345","345","345","345","4"
"01/02/2022","346.55","349","346.5","346.5","28"
"02/02/2022","347","350","347","350","1850"
"03/02/2022","349.5","350","349.5","350","136"
"04/02/2022","355","355","350","350","5664"
"07/02/2022","350","350","350","350","10"
"08/02/2022","346","346","346","346","200"
"09/02/2022","349","350.1","349","350.1","1900"
"10/02/2022","358.5","358.5","350","358.4","452734"
"11/02/2022","358.4","358.4","354","355","416"
"14/02/2022","353.1","359.5","350","350","3906"
"15/02/2022","358.5","358.5","358.5","358.5","2"
"16/02/2022","348","348","348","348","15"
"17/02/2022","348.4","349","348.25","349","1570"
"18/02/2022","350","355","350","355","10100"
"22/02/2022","351.6","351.6","351","351","1205"
"23/02/2022","347.5","350","347.5","350","5015"
"24/02/2022","347.85","348","337","347","5561"
"25/02/2022","326.2","355","326.2","355","2609"
"28/02/2022","358","358","358","358","100"
"01/03/2022","355","355","355","355","6"
"02/03/2022","350","354","350","354","154"
"04/03/2022","350","355","340.1","355","3318"
"07/03/2022","352","352","352","352","109"
"08/03/2022","350","350","331","340","26597"
"09/03/2022","338","347.9","338","341","13908"
"10/03/2022","341","341","341","341","7500"
"11/03/2022","345","345","340","345","5409"
"14/03/2022","350","350","342","342","50"
"15/03/2022","342","342","340","340","180"
"16/03/2022","342","342","342","342","500"
"17/03/2022","342","342.05","342","342.05","1706"
"18/03/2022","342","345","342","345","2238"
"21/03/2022","342","343","340","343","3490"
"22/03/2022","341","341","340","340","10208"
"23/03/2022","343","344","330","330","1835"
"24/03/2022","332.5","332.5","332.5","332.5","3093"
"25/03/2022","332","340","330","340","3111"
"29/03/2022","345","348","340","340","2940"
"30/03/2022","343","343","343","343","161"
"31/03/2022","346","346","344","344","11038"
"05/04/2022","342","342","342","342","99"
"06/04/2022","345","345","343","344","15406"
"07/04/2022","344","344.4","335.2","344.4","404"
"08/04/2022","340","345","340","344","10014"
"11/04/2022","344","344","344","344","100"
"12/04/2022","340","344","336","344","83"
"13/04/2022","344","344","344","344","2869"
"15/04/2022","344.1","344.1","344","344","2350"
"18/04/2022","344.8","345","344.8","345","1600"
"19/04/2022","344","345","335","345","1790"
"20/04/2022","345","345","345","345","2470"
"21/04/2022","336.3","337.15","336.3","337","407"
"22/04/2022","337.3","337.3","337.1","337.1","10"
"25/04/2022","345.8","345.8","345.8","345.8","40"
"26/04/2022","345","345","345","345","3577"
"27/04/2022","338.1","338.1","336.5","336.5","150"
"28/04/2022","341","341","341","341","4"
"29/04/2022","341","341","340","340","2966"
"04/05/2022","344.4","344.4","344.4","344.4","2"
"05/05/2022","342","342","342","342","10"
"06/05/2022","344","344","344","344","4"
"09/05/2022","337","337","337","337","12"
"10/05/2022","338.1","338.1","325","325","6598"
"11/05/2022","327.5","335","327.5","335","3"
"12/05/2022","330.05","336.9","330.05","335","105"
"13/05/2022","335","336","335","335","313"
"17/05/2022","336.9","336.9","330","332","491"
"18/05/2022","330","331.95","322.1","331.95","1031"
"19/05/2022","332","332","329","329","399"
"20/05/2022","328","330","325","330","1870"
"23/05/2022","330","330","320","320","298"
"24/05/2022","320.2","324.5","315","315","1223"
"25/05/2022","320","320","315.05","320","651"
"26/05/2022","316","320","301.2","320","2452"
"27/05/2022","329.7","329.7","320","327","2295"
"30/05/2022","329.5","329.5","329.4","329.4","38"
"31/05/2022","320","322.1","320","322","375"
"01/06/2022","322.1","322.1","322","322","48"
"03/06/2022","321","335","321","335","2044"
"07/06/2022","330","335","330","330","5679"
"08/06/2022","335","335","335","335","20"
"10/06/2022","330","335","330","335","1934"
